flight_key,direction,sched_utc,first_seen_utc,tail_seen_utc,hours_before,seen_without_tail_first
SWA3828,Departure,2026-09-21T17:45:00+00:00,2026-09-21T17:58:20+00:00,2026-09-21T17:58:20+00:00,-0.22,False
AAL4074,Departure,2026-09-21T17:45:00+00:00,2026-09-21T17:58:20+00:00,2026-09-21T17:58:20+00:00,-0.22,False
SWA3346,Departure,2026-09-21T17:53:00+00:00,2026-09-21T17:58:20+00:00,2026-09-21T17:58:20+00:00,-0.09,False
SWA1007,Departure,2026-09-21T17:55:00+00:00,2026-09-21T17:58:20+00:00,2026-09-21T17:58:20+00:00,-0.06,False
UAL2779,Departure,2026-09-21T17:59:00+00:00,2026-09-21T17:58:20+00:00,2026-09-21T17:58:20+00:00,0.01,False
FDY457,Departure,2026-09-21T18:00:00+00:00,2026-09-21T17:58:20+00:00,2026-09-21T17:58:20+00:00,0.03,False
UAL4454,Departure,2026-09-21T18:00:00+00:00,2026-09-21T17:58:20+00:00,2026-09-21T17:58:20+00:00,0.03,False
DAL4922,Departure,2026-09-21T18:01:00+00:00,2026-09-21T17:58:20+00:00,2026-09-21T17:58:20+00:00,0.04,False
SWA2999,Departure,2026-09-21T18:10:00+00:00,2026-09-21T17:58:20+00:00,2026-09-21T17:58:20+00:00,0.19,False
EJA965,Departure,2026-09-21T18:30:00+00:00,2026-09-21T17:58:20+00:00,2026-09-21T17:58:20+00:00,0.53,False
UAL1380,Departure,2026-09-21T18:36:00+00:00,2026-09-21T17:58:20+00:00,2026-09-21T17:58:20+00:00,0.63,False
AAL6355,Departure,2026-09-21T18:49:00+00:00,2026-09-21T17:58:20+00:00,2026-09-21T17:58:20+00:00,0.84,False
EJA782,Departure,2026-09-21T19:00:00+00:00,2026-09-21T17:58:20+00:00,2026-09-21T17:58:20+00:00,1.03,False
SWA2336,Departure,2026-09-21T19:07:00+00:00,2026-09-21T17:58:20+00:00,2026-09-21T17:58:20+00:00,1.14,False
AAL477,Departure,2026-09-21T19:11:00+00:00,2026-09-21T17:58:20+00:00,2026-09-21T17:58:20+00:00,1.21,False
SWA1293,Departure,2026-09-21T19:15:00+00:00,2026-09-21T17:58:20+00:00,2026-09-21T17:58:20+00:00,1.28,False
SWA3862,Departure,2026-09-21T19:20:00+00:00,2026-09-21T17:58:20+00:00,2026-09-21T17:58:20+00:00,1.36,False
SWA2530,Departure,2026-09-21T19:20:00+00:00,2026-09-21T17:58:20+00:00,2026-09-21T17:58:20+00:00,1.36,False
SWA3846,Departure,2026-09-21T19:21:00+00:00,2026-09-21T17:58:20+00:00,2026-09-21T17:58:20+00:00,1.38,False
SWA3857,Departure,2026-09-21T19:25:00+00:00,2026-09-21T17:58:20+00:00,2026-09-21T17:58:20+00:00,1.44,False
SWA122,Departure,2026-09-21T20:06:00+00:00,2026-09-21T17:58:20+00:00,2026-09-21T17:58:20+00:00,2.13,False
SWA3799,Departure,2026-09-21T20:27:00+00:00,2026-09-21T17:58:20+00:00,2026-09-21T17:58:20+00:00,2.48,False
SWA3521,Departure,2026-09-21T20:29:00+00:00,2026-09-21T17:58:20+00:00,2026-09-21T17:58:20+00:00,2.51,False
DLH449,Departure,2026-09-21T20:30:00+00:00,2026-09-21T17:58:20+00:00,2026-09-21T17:58:20+00:00,2.53,False
UAL4500,Departure,2026-09-21T20:32:00+00:00,2026-09-21T17:58:20+00:00,2026-09-21T17:58:20+00:00,2.56,False
SWA388,Departure,2026-09-21T20:35:00+00:00,2026-09-21T17:58:20+00:00,2026-09-21T17:58:20+00:00,2.61,False
SWA4080,Departure,2026-09-21T20:45:00+00:00,2026-09-21T17:58:20+00:00,2026-09-21T17:58:20+00:00,2.78,False
SWA3808,Departure,2026-09-21T20:45:00+00:00,2026-09-21T17:58:20+00:00,2026-09-21T17:58:20+00:00,2.78,False
SWA4041,Departure,2026-09-21T21:00:00+00:00,2026-09-21T17:58:20+00:00,2026-09-21T17:58:20+00:00,3.03,False
EJA240,Departure,2026-09-21T21:36:00+00:00,2026-09-21T17:58:20+00:00,2026-09-21T17:58:20+00:00,3.63,False
UAL1548,Departure,2026-09-21T21:40:00+00:00,2026-09-21T17:58:20+00:00,2026-09-21T17:58:20+00:00,3.69,False
EJA840,Departure,2026-09-21T22:24:00+00:00,2026-09-21T17:58:20+00:00,2026-09-21T17:58:20+00:00,4.43,False
UAL541,Departure,2026-09-21T22:30:00+00:00,2026-09-21T17:58:20+00:00,2026-09-21T17:58:20+00:00,4.53,False
SWA1638,Departure,2026-09-22T01:45:00+00:00,2026-09-21T17:58:20+00:00,2026-09-21T17:58:20+00:00,7.78,False
AAL477,Arrival,2026-09-21T17:47:00+00:00,2026-09-21T17:58:20+00:00,2026-09-21T17:58:20+00:00,-0.19,False
DAL1371,Arrival,2026-09-21T17:51:00+00:00,2026-09-21T17:58:20+00:00,2026-09-21T17:58:20+00:00,-0.12,False
SWA316,Arrival,2026-09-21T17:53:00+00:00,2026-09-21T17:58:20+00:00,2026-09-21T17:58:20+00:00,-0.09,False
FDY444,Arrival,2026-09-21T17:57:00+00:00,2026-09-21T17:58:20+00:00,2026-09-21T17:58:20+00:00,-0.02,False
EJA688,Arrival,2026-09-21T18:05:00+00:00,2026-09-21T17:58:20+00:00,2026-09-21T17:58:20+00:00,0.11,False
DAL566,Arrival,2026-09-21T18:07:00+00:00,2026-09-21T17:58:20+00:00,2026-09-21T17:58:20+00:00,0.14,False
SWA2811,Arrival,2026-09-21T18:11:00+00:00,2026-09-21T17:58:20+00:00,2026-09-21T17:58:20+00:00,0.21,False
AAL6355,Arrival,2026-09-21T18:14:00+00:00,2026-09-21T17:58:20+00:00,2026-09-21T17:58:20+00:00,0.26,False
FFT4473,Arrival,2026-09-21T18:15:00+00:00,2026-09-21T17:58:20+00:00,2026-09-21T17:58:20+00:00,0.28,False
AAL2660,Arrival,2026-09-21T18:19:00+00:00,2026-09-21T17:58:20+00:00,2026-09-21T17:58:20+00:00,0.34,False
SWA2442,Arrival,2026-09-21T18:21:00+00:00,2026-09-21T17:58:20+00:00,2026-09-21T17:58:20+00:00,0.38,False
SWA3378,Arrival,2026-09-21T18:21:00+00:00,2026-09-21T17:58:20+00:00,2026-09-21T17:58:20+00:00,0.38,False
SWA2530,Arrival,2026-09-21T18:21:00+00:00,2026-09-21T17:58:20+00:00,2026-09-21T17:58:20+00:00,0.38,False
DLH448,Arrival,2026-09-21T18:25:00+00:00,2026-09-21T17:58:20+00:00,2026-09-21T17:58:20+00:00,0.44,False
SWA790,Arrival,2026-09-21T18:26:00+00:00,2026-09-21T17:58:20+00:00,2026-09-21T17:58:20+00:00,0.46,False
UAL4514,Arrival,2026-09-21T18:27:00+00:00,2026-09-21T17:58:20+00:00,2026-09-21T17:58:20+00:00,0.48,False
AAL3096,Arrival,2026-09-21T18:30:00+00:00,2026-09-21T17:58:20+00:00,2026-09-21T17:58:20+00:00,0.53,False
SWA580,Arrival,2026-09-21T18:32:00+00:00,2026-09-21T17:58:20+00:00,2026-09-21T17:58:20+00:00,0.56,False
SWA2303,Arrival,2026-09-21T18:33:00+00:00,2026-09-21T17:58:20+00:00,2026-09-21T17:58:20+00:00,0.58,False
UAL3301,Arrival,2026-09-21T18:35:00+00:00,2026-09-21T17:58:20+00:00,2026-09-21T17:58:20+00:00,0.61,False
DAL2455,Arrival,2026-09-21T18:38:00+00:00,2026-09-21T17:58:20+00:00,2026-09-21T17:58:20+00:00,0.66,False
ASH4046,Arrival,2026-09-21T18:56:00+00:00,2026-09-21T17:58:20+00:00,2026-09-21T17:58:20+00:00,0.96,False
ASA388,Arrival,2026-09-21T19:10:00+00:00,2026-09-21T17:58:20+00:00,2026-09-21T17:58:20+00:00,1.19,False
ACA8889,Arrival,2026-09-21T19:10:00+00:00,2026-09-21T17:58:20+00:00,2026-09-21T17:58:20+00:00,1.19,False
AAL1363,Arrival,2026-09-21T19:20:00+00:00,2026-09-21T17:58:20+00:00,2026-09-21T17:58:20+00:00,1.36,False
SWA127,Arrival,2026-09-21T19:24:00+00:00,2026-09-21T17:58:20+00:00,2026-09-21T17:58:20+00:00,1.43,False
SWA3979,Arrival,2026-09-21T19:24:00+00:00,2026-09-21T17:58:20+00:00,2026-09-21T17:58:20+00:00,1.43,False
SWA3413,Arrival,2026-09-21T19:35:00+00:00,2026-09-21T17:58:20+00:00,2026-09-21T17:58:20+00:00,1.61,False
SWA2535,Arrival,2026-09-21T19:38:00+00:00,2026-09-21T17:58:20+00:00,2026-09-21T17:58:20+00:00,1.66,False
DAL3811,Arrival,2026-09-21T19:38:00+00:00,2026-09-21T17:58:20+00:00,2026-09-21T17:58:20+00:00,1.66,False
SWA422,Arrival,2026-09-21T19:43:00+00:00,2026-09-21T17:58:20+00:00,2026-09-21T17:58:20+00:00,1.74,False
SWA2948,Arrival,2026-09-21T19:45:00+00:00,2026-09-21T17:58:20+00:00,2026-09-21T17:58:20+00:00,1.78,False
SWA3121,Arrival,2026-09-21T19:46:00+00:00,2026-09-21T17:58:20+00:00,2026-09-21T17:58:20+00:00,1.79,False
SWA2175,Arrival,2026-09-21T19:46:00+00:00,2026-09-21T17:58:20+00:00,2026-09-21T17:58:20+00:00,1.79,False
SWA4080,Arrival,2026-09-21T19:49:00+00:00,2026-09-21T17:58:20+00:00,2026-09-21T17:58:20+00:00,1.84,False
SWA3044,Arrival,2026-09-21T19:50:00+00:00,2026-09-21T17:58:20+00:00,2026-09-21T17:58:20+00:00,1.86,False
SWA228,Arrival,2026-09-21T19:53:00+00:00,2026-09-21T17:58:20+00:00,2026-09-21T17:58:20+00:00,1.91,False
DAL4905,Arrival,2026-09-21T20:04:00+00:00,2026-09-21T17:58:20+00:00,2026-09-21T17:58:20+00:00,2.09,False
EJA840,Arrival,2026-09-21T20:20:00+00:00,2026-09-21T17:58:20+00:00,2026-09-21T17:58:20+00:00,2.36,False
AAL4449,Arrival,2026-09-21T20:23:00+00:00,2026-09-21T17:58:20+00:00,2026-09-21T17:58:20+00:00,2.41,False
EJA240,Arrival,2026-09-21T20:24:00+00:00,2026-09-21T17:58:20+00:00,2026-09-21T17:58:20+00:00,2.43,False
SWA2570,Arrival,2026-09-21T20:26:00+00:00,2026-09-21T17:58:20+00:00,2026-09-21T17:58:20+00:00,2.46,False
SCX3097,Arrival,2026-09-21T20:41:00+00:00,2026-09-21T17:58:20+00:00,2026-09-21T17:58:20+00:00,2.71,False
SWA4432,Arrival,2026-09-21T20:42:00+00:00,2026-09-21T17:58:20+00:00,2026-09-21T17:58:20+00:00,2.73,False
AAL3066,Arrival,2026-09-21T20:48:00+00:00,2026-09-21T17:58:20+00:00,2026-09-21T17:58:20+00:00,2.83,False
JTL10,Arrival,2026-09-21T21:10:00+00:00,2026-09-21T17:58:20+00:00,2026-09-21T17:58:20+00:00,3.19,False
BY229,Arrival,2026-09-21T21:10:00+00:00,2026-09-21T17:58:20+00:00,2026-09-21T17:58:20+00:00,3.19,False
JTL88,Arrival,2026-09-21T21:19:00+00:00,2026-09-21T17:58:20+00:00,2026-09-21T17:58:20+00:00,3.34,False
SWA3362,Arrival,2026-09-21T21:24:00+00:00,2026-09-21T17:58:20+00:00,2026-09-21T17:58:20+00:00,3.43,False
ASA1318,Arrival,2026-09-21T21:35:00+00:00,2026-09-21T17:58:20+00:00,2026-09-21T17:58:20+00:00,3.61,False
SWA1772,Arrival,2026-09-21T21:54:00+00:00,2026-09-21T17:58:20+00:00,2026-09-21T17:58:20+00:00,3.93,False
UAL4416,Arrival,2026-09-21T22:06:00+00:00,2026-09-21T17:58:20+00:00,2026-09-21T17:58:20+00:00,4.13,False
SWA3001,Arrival,2026-09-21T22:13:00+00:00,2026-09-21T17:58:20+00:00,2026-09-21T17:58:20+00:00,4.24,False
SWA3564,Arrival,2026-09-21T22:17:00+00:00,2026-09-21T17:58:20+00:00,2026-09-21T17:58:20+00:00,4.31,False
AAL4727,Arrival,2026-09-21T22:24:00+00:00,2026-09-21T17:58:20+00:00,2026-09-21T17:58:20+00:00,4.43,False
SWA2631,Arrival,2026-09-21T22:26:00+00:00,2026-09-21T17:58:20+00:00,2026-09-21T17:58:20+00:00,4.46,False
SWA3755,Arrival,2026-09-21T22:36:00+00:00,2026-09-21T17:58:20+00:00,2026-09-21T17:58:20+00:00,4.63,False
DAL1492,Arrival,2026-09-21T22:37:00+00:00,2026-09-21T17:58:20+00:00,2026-09-21T17:58:20+00:00,4.64,False
AAL2761,Arrival,2026-09-21T23:04:00+00:00,2026-09-21T17:58:20+00:00,2026-09-21T17:58:20+00:00,5.09,False
LXJ384,Arrival,2026-09-21T23:10:00+00:00,2026-09-21T17:58:20+00:00,2026-09-21T17:58:20+00:00,5.19,False
UAL4593,Arrival,2026-09-21T23:32:00+00:00,2026-09-21T17:58:20+00:00,2026-09-21T17:58:20+00:00,5.56,False
UAL488,Arrival,2026-09-21T23:39:00+00:00,2026-09-21T17:58:20+00:00,2026-09-21T17:58:20+00:00,5.68,False
UAL4412,Arrival,2026-09-22T00:16:00+00:00,2026-09-21T17:58:20+00:00,2026-09-21T17:58:20+00:00,6.29,False
SWA4407,Arrival,2026-09-22T01:00:00+00:00,2026-09-21T17:58:20+00:00,2026-09-21T17:58:20+00:00,7.03,False
DAL1609,Arrival,2026-09-22T04:16:00+00:00,2026-09-21T17:58:20+00:00,2026-09-21T17:58:20+00:00,10.29,False
AAL1445,Arrival,2026-09-22T04:43:00+00:00,2026-09-21T17:58:20+00:00,2026-09-21T17:58:20+00:00,10.74,False
ACA8688,Departure,2026-09-21T18:50:00+00:00,2026-09-21T18:51:12+00:00,2026-09-21T18:51:12+00:00,-0.02,False
DAL1371,Departure,2026-09-21T18:55:00+00:00,2026-09-21T17:58:20+00:00,2026-09-21T18:51:12+00:00,0.06,True
SWA3829,Departure,2026-09-21T19:00:00+00:00,2026-09-21T17:58:20+00:00,2026-09-21T18:51:12+00:00,0.15,True
AAL3096,Departure,2026-09-21T19:14:00+00:00,2026-09-21T17:58:20+00:00,2026-09-21T18:51:12+00:00,0.38,True
DAL2455,Departure,2026-09-21T19:25:00+00:00,2026-09-21T17:58:20+00:00,2026-09-21T18:51:12+00:00,0.56,True
FFT4474,Departure,2026-09-21T19:29:00+00:00,2026-09-21T17:58:20+00:00,2026-09-21T18:51:12+00:00,0.63,True
DAL566,Departure,2026-09-21T19:30:00+00:00,2026-09-21T17:58:20+00:00,2026-09-21T18:51:12+00:00,0.65,True
AAL2660,Departure,2026-09-21T19:30:00+00:00,2026-09-21T17:58:20+00:00,2026-09-21T18:51:12+00:00,0.65,True
ACA8890,Departure,2026-09-21T19:40:00+00:00,2026-09-21T17:58:20+00:00,2026-09-21T18:51:12+00:00,0.81,True
EJA688,Departure,2026-09-21T20:00:00+00:00,2026-09-21T18:51:12+00:00,2026-09-21T18:51:12+00:00,1.15,False
ASH4060,Departure,2026-09-21T20:13:00+00:00,2026-09-21T18:51:12+00:00,2026-09-21T18:51:12+00:00,1.36,False
SWA2535,Departure,2026-09-21T20:45:00+00:00,2026-09-21T17:58:20+00:00,2026-09-21T18:51:12+00:00,1.9,True
SWA1356,Departure,2026-09-21T20:45:00+00:00,2026-09-21T17:58:20+00:00,2026-09-21T18:51:12+00:00,1.9,True
SWA4177,Departure,2026-09-21T20:46:00+00:00,2026-09-21T17:58:20+00:00,2026-09-21T18:51:12+00:00,1.91,True
SWA2301,Departure,2026-09-21T20:55:00+00:00,2026-09-21T17:58:20+00:00,2026-09-21T18:51:12+00:00,2.06,True
SWA252,Departure,2026-09-21T21:00:00+00:00,2026-09-21T17:58:20+00:00,2026-09-21T18:51:12+00:00,2.15,True
UAL2000,Arrival,2026-09-21T19:54:00+00:00,2026-09-21T17:58:20+00:00,2026-09-21T18:51:12+00:00,1.05,True
LXJ378,Arrival,2026-09-21T20:05:00+00:00,2026-09-21T18:51:12+00:00,2026-09-21T18:51:12+00:00,1.23,False
DAL543,Arrival,2026-09-21T20:28:00+00:00,2026-09-21T17:58:20+00:00,2026-09-21T18:51:12+00:00,1.61,True
UAL1639,Arrival,2026-09-21T21:06:00+00:00,2026-09-21T17:58:20+00:00,2026-09-21T18:51:12+00:00,2.25,True
ENY3944,Arrival,2026-09-21T21:13:00+00:00,2026-09-21T18:51:12+00:00,2026-09-21T18:51:12+00:00,2.36,False
SWA2839,Arrival,2026-09-21T21:15:00+00:00,2026-09-21T17:58:20+00:00,2026-09-21T18:51:12+00:00,2.4,True
SWA4055,Arrival,2026-09-21T21:45:00+00:00,2026-09-21T17:58:20+00:00,2026-09-21T18:51:12+00:00,2.9,True
EJA439,Arrival,2026-09-21T22:25:00+00:00,2026-09-21T18:51:12+00:00,2026-09-21T18:51:12+00:00,3.56,False
SWA2317,Arrival,2026-09-21T22:38:00+00:00,2026-09-21T17:58:20+00:00,2026-09-21T18:51:12+00:00,3.78,True
SWA2908,Arrival,2026-09-21T22:45:00+00:00,2026-09-21T17:58:20+00:00,2026-09-21T18:51:12+00:00,3.9,True
ASA672,Arrival,2026-09-21T22:52:00+00:00,2026-09-21T17:58:20+00:00,2026-09-21T18:51:12+00:00,4.01,True
SWA3281,Arrival,2026-09-21T22:53:00+00:00,2026-09-21T17:58:20+00:00,2026-09-21T18:51:12+00:00,4.03,True
SWA2144,Arrival,2026-09-21T23:02:00+00:00,2026-09-21T17:58:20+00:00,2026-09-21T18:51:12+00:00,4.18,True
SWA1375,Arrival,2026-09-21T23:18:00+00:00,2026-09-21T17:58:20+00:00,2026-09-21T18:51:12+00:00,4.45,True
SWA3471,Arrival,2026-09-21T23:33:00+00:00,2026-09-21T17:58:20+00:00,2026-09-21T18:51:12+00:00,4.7,True
ASA388,Departure,2026-09-21T20:19:00+00:00,2026-09-21T17:58:20+00:00,2026-09-21T19:38:37+00:00,0.67,True
LXJ431,Departure,2026-09-21T20:20:00+00:00,2026-09-21T19:38:37+00:00,2026-09-21T19:38:37+00:00,0.69,False
AAL1363,Departure,2026-09-21T20:34:00+00:00,2026-09-21T17:58:20+00:00,2026-09-21T19:38:37+00:00,0.92,True
EJA439,Departure,2026-09-21T23:36:00+00:00,2026-09-21T19:38:37+00:00,2026-09-21T19:38:37+00:00,3.96,False
AAL4645,Arrival,2026-09-21T21:00:00+00:00,2026-09-21T17:58:20+00:00,2026-09-21T19:38:37+00:00,1.36,True
DAL1224,Arrival,2026-09-21T21:19:00+00:00,2026-09-21T17:58:20+00:00,2026-09-21T19:38:37+00:00,1.67,True
AAL2686,Arrival,2026-09-21T22:03:00+00:00,2026-09-21T17:58:20+00:00,2026-09-21T19:38:37+00:00,2.41,True
SWA3070,Arrival,2026-09-21T22:41:00+00:00,2026-09-21T17:58:20+00:00,2026-09-21T19:38:37+00:00,3.04,True
SWA1695,Arrival,2026-09-21T22:59:00+00:00,2026-09-21T17:58:20+00:00,2026-09-21T19:38:37+00:00,3.34,True
DAL3811,Departure,2026-09-21T20:52:00+00:00,2026-09-21T17:58:20+00:00,2026-09-21T20:29:04+00:00,0.38,True
SWA332,Departure,2026-09-21T21:51:00+00:00,2026-09-21T17:58:20+00:00,2026-09-21T20:29:04+00:00,1.37,True
SWA3831,Departure,2026-09-21T22:34:00+00:00,2026-09-21T17:58:20+00:00,2026-09-21T20:29:04+00:00,2.08,True
SKQ22,Departure,2026-09-22T05:30:00+00:00,2026-09-21T20:29:04+00:00,2026-09-21T20:29:04+00:00,9.02,False
DAL2822,Arrival,2026-09-21T22:10:00+00:00,2026-09-21T17:58:20+00:00,2026-09-21T20:29:04+00:00,1.68,True
DAL1393,Arrival,2026-09-21T22:18:00+00:00,2026-09-21T17:58:20+00:00,2026-09-21T20:29:04+00:00,1.82,True
SWA1766,Arrival,2026-09-21T22:40:00+00:00,2026-09-21T17:58:20+00:00,2026-09-21T20:29:04+00:00,2.18,True
SWA1404,Arrival,2026-09-21T22:59:00+00:00,2026-09-21T17:58:20+00:00,2026-09-21T20:29:04+00:00,2.5,True
SWA2538,Arrival,2026-09-21T23:25:00+00:00,2026-09-21T17:58:20+00:00,2026-09-21T20:29:04+00:00,2.93,True
SWA4254,Arrival,2026-09-21T23:32:00+00:00,2026-09-21T17:58:20+00:00,2026-09-21T20:29:04+00:00,3.05,True
SWA2384,Departure,2026-09-21T21:11:00+00:00,2026-09-21T21:23:43+00:00,2026-09-21T21:23:43+00:00,-0.21,False
AAL4449,Departure,2026-09-21T21:37:00+00:00,2026-09-21T17:58:20+00:00,2026-09-21T21:23:43+00:00,0.22,True
DAL543,Departure,2026-09-21T21:59:00+00:00,2026-09-21T17:58:20+00:00,2026-09-21T21:23:43+00:00,0.59,True
UAL3319,Departure,2026-09-21T22:10:00+00:00,2026-09-21T21:23:43+00:00,2026-09-21T21:23:43+00:00,0.77,False
SWA2839,Departure,2026-09-21T22:17:00+00:00,2026-09-21T17:58:20+00:00,2026-09-21T21:23:43+00:00,0.89,True
AAL4645,Departure,2026-09-21T22:18:00+00:00,2026-09-21T17:58:20+00:00,2026-09-21T21:23:43+00:00,0.9,True
ENY3739,Departure,2026-09-21T22:27:00+00:00,2026-09-21T21:23:43+00:00,2026-09-21T21:23:43+00:00,1.05,False
AAL2286,Departure,2026-09-21T22:32:00+00:00,2026-09-21T17:58:20+00:00,2026-09-21T21:23:43+00:00,1.14,True
SWA3807,Departure,2026-09-21T22:40:00+00:00,2026-09-21T17:58:20+00:00,2026-09-21T21:23:43+00:00,1.27,True
SWA2704,Departure,2026-09-21T23:07:00+00:00,2026-09-21T17:58:20+00:00,2026-09-21T21:23:43+00:00,1.72,True
SCX3008,Departure,2026-09-21T23:36:00+00:00,2026-09-21T21:23:43+00:00,2026-09-21T21:23:43+00:00,2.2,False
SWA1321,Departure,2026-09-22T00:18:00+00:00,2026-09-21T17:58:20+00:00,2026-09-21T21:23:43+00:00,2.9,True
UAL4527,Arrival,2026-09-21T23:23:00+00:00,2026-09-21T17:58:20+00:00,2026-09-21T21:23:43+00:00,1.99,True
FFT3302,Arrival,2026-09-21T23:45:00+00:00,2026-09-21T17:58:20+00:00,2026-09-21T21:23:43+00:00,2.35,True
SWA681,Arrival,2026-09-21T23:54:00+00:00,2026-09-21T17:58:20+00:00,2026-09-21T21:23:43+00:00,2.5,True
AAL2571,Arrival,2026-09-21T23:57:00+00:00,2026-09-21T17:58:20+00:00,2026-09-21T21:23:43+00:00,2.55,True
SWA2950,Arrival,2026-09-21T23:58:00+00:00,2026-09-21T17:58:20+00:00,2026-09-21T21:23:43+00:00,2.57,True
SWA3555,Arrival,2026-09-22T00:17:00+00:00,2026-09-21T17:58:20+00:00,2026-09-21T21:23:43+00:00,2.89,True
SWA3912,Arrival,2026-09-22T00:21:00+00:00,2026-09-21T17:58:20+00:00,2026-09-21T21:23:43+00:00,2.95,True
SWA3392,Arrival,2026-09-22T00:32:00+00:00,2026-09-21T17:58:20+00:00,2026-09-21T21:23:43+00:00,3.14,True
AAL4599,Arrival,2026-09-22T02:00:00+00:00,2026-09-21T17:58:20+00:00,2026-09-21T21:23:43+00:00,4.6,True
BY229,Departure,2026-09-21T22:30:00+00:00,2026-09-21T22:12:38+00:00,2026-09-21T22:12:38+00:00,0.29,False
DAL1224,Departure,2026-09-21T22:47:00+00:00,2026-09-21T17:58:20+00:00,2026-09-21T22:12:38+00:00,0.57,True
SWA1030,Departure,2026-09-21T22:50:00+00:00,2026-09-21T17:58:20+00:00,2026-09-21T22:12:38+00:00,0.62,True
ASA1318,Departure,2026-09-21T23:09:00+00:00,2026-09-21T17:58:20+00:00,2026-09-21T22:12:38+00:00,0.94,True
SWA3001,Departure,2026-09-21T23:15:00+00:00,2026-09-21T17:58:20+00:00,2026-09-21T22:12:38+00:00,1.04,True
SWA4380,Departure,2026-09-21T23:21:00+00:00,2026-09-21T17:58:20+00:00,2026-09-21T22:12:38+00:00,1.14,True
SWA3847,Departure,2026-09-21T23:28:00+00:00,2026-09-21T17:58:20+00:00,2026-09-21T22:12:38+00:00,1.26,True
SWA4074,Departure,2026-09-21T23:50:00+00:00,2026-09-21T17:58:20+00:00,2026-09-21T22:12:38+00:00,1.62,True
ACA8687,Arrival,2026-09-21T23:41:00+00:00,2026-09-21T17:58:20+00:00,2026-09-21T22:12:38+00:00,1.47,True
SWA2218,Arrival,2026-09-22T00:29:00+00:00,2026-09-21T17:58:20+00:00,2026-09-21T22:12:38+00:00,2.27,True
SWA253,Arrival,2026-09-22T00:32:00+00:00,2026-09-21T17:58:20+00:00,2026-09-21T22:12:38+00:00,2.32,True
SWA2035,Arrival,2026-09-22T00:39:00+00:00,2026-09-21T17:58:20+00:00,2026-09-21T22:12:38+00:00,2.44,True
SWA3312,Arrival,2026-09-22T00:42:00+00:00,2026-09-21T17:58:20+00:00,2026-09-21T22:12:38+00:00,2.49,True
SWA4120,Arrival,2026-09-22T00:55:00+00:00,2026-09-21T17:58:20+00:00,2026-09-21T22:12:38+00:00,2.71,True
SWA3266,Arrival,2026-09-22T00:57:00+00:00,2026-09-21T17:58:20+00:00,2026-09-21T22:12:38+00:00,2.74,True
AAL890,Arrival,2026-09-22T01:15:00+00:00,2026-09-21T17:58:20+00:00,2026-09-21T22:12:38+00:00,3.04,True
SWA2473,Arrival,2026-09-22T01:17:00+00:00,2026-09-21T17:58:20+00:00,2026-09-21T22:12:38+00:00,3.07,True
EJA309,Arrival,2026-09-22T03:50:00+00:00,2026-09-21T22:12:38+00:00,2026-09-21T22:12:38+00:00,5.62,False
AAL4727,Departure,2026-09-21T23:00:00+00:00,2026-09-21T17:58:20+00:00,2026-09-21T23:08:30+00:00,-0.14,True
LXJ268,Departure,2026-09-21T23:00:00+00:00,2026-09-21T23:08:30+00:00,2026-09-21T23:08:30+00:00,-0.14,False
SWA3800,Departure,2026-09-21T23:50:00+00:00,2026-09-21T17:58:20+00:00,2026-09-21T23:08:30+00:00,0.69,True
SWA1317,Departure,2026-09-21T23:50:00+00:00,2026-09-21T17:58:20+00:00,2026-09-21T23:08:30+00:00,0.69,True
SWA3883,Departure,2026-09-21T23:51:00+00:00,2026-09-21T17:58:20+00:00,2026-09-21T23:08:30+00:00,0.71,True
DAL1393,Departure,2026-09-21T23:54:00+00:00,2026-09-21T17:58:20+00:00,2026-09-21T23:08:30+00:00,0.76,True
DAL1492,Departure,2026-09-21T23:55:00+00:00,2026-09-21T17:58:20+00:00,2026-09-21T23:08:30+00:00,0.77,True
DAL2822,Departure,2026-09-22T00:02:00+00:00,2026-09-21T17:58:20+00:00,2026-09-21T23:08:30+00:00,0.89,True
SWA3895,Departure,2026-09-22T00:02:00+00:00,2026-09-21T17:58:20+00:00,2026-09-21T23:08:30+00:00,0.89,True
SWA1813,Departure,2026-09-22T00:06:00+00:00,2026-09-21T17:58:20+00:00,2026-09-21T23:08:30+00:00,0.96,True
SWA3940,Departure,2026-09-22T00:26:00+00:00,2026-09-21T17:58:20+00:00,2026-09-21T23:08:30+00:00,1.29,True
SWA4585,Departure,2026-09-22T00:32:00+00:00,2026-09-21T17:58:20+00:00,2026-09-21T23:08:30+00:00,1.39,True
SWA1808,Departure,2026-09-22T00:37:00+00:00,2026-09-21T17:58:20+00:00,2026-09-21T23:08:30+00:00,1.47,True
SWA2037,Departure,2026-09-22T00:40:00+00:00,2026-09-21T17:58:20+00:00,2026-09-21T23:08:30+00:00,1.52,True
SWA3825,Departure,2026-09-22T00:57:00+00:00,2026-09-21T17:58:20+00:00,2026-09-21T23:08:30+00:00,1.81,True
SWA1643,Departure,2026-09-22T00:58:00+00:00,2026-09-21T17:58:20+00:00,2026-09-21T23:08:30+00:00,1.82,True
SWA5412,Departure,2026-09-22T01:45:00+00:00,2026-09-21T17:58:20+00:00,2026-09-21T23:08:30+00:00,2.61,True
SWA3955,Departure,2026-09-22T01:45:00+00:00,2026-09-21T17:58:20+00:00,2026-09-21T23:08:30+00:00,2.61,True
DAL2833,Arrival,2026-09-22T00:32:00+00:00,2026-09-21T17:58:20+00:00,2026-09-21T23:08:30+00:00,1.39,True
ACA8891,Arrival,2026-09-22T00:57:00+00:00,2026-09-21T17:58:20+00:00,2026-09-21T23:08:30+00:00,1.81,True
UAL1422,Arrival,2026-09-22T01:08:00+00:00,2026-09-21T17:58:20+00:00,2026-09-21T23:08:30+00:00,1.99,True
VTS2873,Arrival,2026-09-22T01:13:00+00:00,2026-09-21T23:08:30+00:00,2026-09-21T23:08:30+00:00,2.07,False
SWA4203,Arrival,2026-09-22T01:15:00+00:00,2026-09-21T17:58:20+00:00,2026-09-21T23:08:30+00:00,2.11,True
AAL2444,Arrival,2026-09-22T01:15:00+00:00,2026-09-21T17:58:20+00:00,2026-09-21T23:08:30+00:00,2.11,True
SWA1726,Arrival,2026-09-22T01:35:00+00:00,2026-09-21T17:58:20+00:00,2026-09-21T23:08:30+00:00,2.44,True
AAL4728,Arrival,2026-09-22T01:37:00+00:00,2026-09-21T17:58:20+00:00,2026-09-21T23:08:30+00:00,2.47,True
AAL4680,Arrival,2026-09-22T01:43:00+00:00,2026-09-21T17:58:20+00:00,2026-09-21T23:08:30+00:00,2.57,True
SWA2076,Arrival,2026-09-22T02:14:00+00:00,2026-09-21T17:58:20+00:00,2026-09-21T23:08:30+00:00,3.09,True
SWA3204,Arrival,2026-09-22T02:30:00+00:00,2026-09-21T17:58:20+00:00,2026-09-21T23:08:30+00:00,3.36,True
SWA3449,Arrival,2026-09-22T02:47:00+00:00,2026-09-21T17:58:20+00:00,2026-09-21T23:08:30+00:00,3.64,True
SWA155,Arrival,2026-09-22T02:53:00+00:00,2026-09-21T17:58:20+00:00,2026-09-21T23:08:30+00:00,3.74,True
SWA2319,Arrival,2026-09-22T03:05:00+00:00,2026-09-21T17:58:20+00:00,2026-09-21T23:08:30+00:00,3.94,True
ASA674,Departure,2026-09-22T00:36:00+00:00,2026-09-21T17:58:20+00:00,2026-09-21T23:58:03+00:00,0.63,True
AAL3049,Departure,2026-09-22T00:44:00+00:00,2026-09-21T17:58:20+00:00,2026-09-21T23:58:03+00:00,0.77,True
UAL4616,Departure,2026-09-22T01:00:00+00:00,2026-09-21T17:58:20+00:00,2026-09-21T23:58:03+00:00,1.03,True
SWA4165,Departure,2026-09-22T01:10:00+00:00,2026-09-21T17:58:20+00:00,2026-09-21T23:58:03+00:00,1.2,True
SWA3814,Departure,2026-09-22T01:11:00+00:00,2026-09-21T17:58:20+00:00,2026-09-21T23:58:03+00:00,1.22,True
SWA2710,Departure,2026-09-22T01:31:00+00:00,2026-09-21T17:58:20+00:00,2026-09-21T23:58:03+00:00,1.55,True
SWA3832,Departure,2026-09-22T01:40:00+00:00,2026-09-21T17:58:20+00:00,2026-09-21T23:58:03+00:00,1.7,True
SWA3865,Departure,2026-09-22T01:50:00+00:00,2026-09-21T17:58:20+00:00,2026-09-21T23:58:03+00:00,1.87,True
SCX3007,Departure,2026-09-22T02:00:00+00:00,2026-09-21T23:58:03+00:00,2026-09-21T23:58:03+00:00,2.03,False
UPS635,Departure,2026-09-22T03:03:00+00:00,2026-09-21T23:58:03+00:00,2026-09-21T23:58:03+00:00,3.08,False
FDX1309,Departure,2026-09-22T03:33:00+00:00,2026-09-21T23:58:03+00:00,2026-09-21T23:58:03+00:00,3.58,False
UAL4518,Arrival,2026-09-22T01:19:00+00:00,2026-09-21T17:58:20+00:00,2026-09-21T23:58:03+00:00,1.35,True
DAL1541,Arrival,2026-09-22T01:59:00+00:00,2026-09-21T17:58:20+00:00,2026-09-21T23:58:03+00:00,2.02,True
SWA674,Arrival,2026-09-22T02:39:00+00:00,2026-09-21T17:58:20+00:00,2026-09-21T23:58:03+00:00,2.68,True
SWA339,Arrival,2026-09-22T02:40:00+00:00,2026-09-21T17:58:20+00:00,2026-09-21T23:58:03+00:00,2.7,True
UAL6173,Arrival,2026-09-22T02:54:00+00:00,2026-09-21T17:58:20+00:00,2026-09-21T23:58:03+00:00,2.93,True
DAL4926,Arrival,2026-09-22T02:56:00+00:00,2026-09-21T17:58:20+00:00,2026-09-21T23:58:03+00:00,2.97,True
SWA2659,Arrival,2026-09-22T03:02:00+00:00,2026-09-21T17:58:20+00:00,2026-09-21T23:58:03+00:00,3.07,True
AAL5000,Arrival,2026-09-22T03:56:00+00:00,2026-09-21T17:58:20+00:00,2026-09-21T23:58:03+00:00,3.97,True
FFT4567,Departure,2026-09-22T01:10:00+00:00,2026-09-21T17:58:20+00:00,2026-09-22T00:56:56+00:00,0.22,True
SWA3202,Departure,2026-09-22T01:55:00+00:00,2026-09-21T17:58:20+00:00,2026-09-22T00:56:56+00:00,0.97,True
SWA4005,Departure,2026-09-22T02:08:00+00:00,2026-09-21T17:58:20+00:00,2026-09-22T00:56:56+00:00,1.18,True
SWA4690,Departure,2026-09-22T02:22:00+00:00,2026-09-21T17:58:20+00:00,2026-09-22T00:56:56+00:00,1.42,True
SWA4166,Departure,2026-09-22T02:34:00+00:00,2026-09-21T17:58:20+00:00,2026-09-22T00:56:56+00:00,1.62,True
SWA4407,Departure,2026-09-22T03:00:00+00:00,2026-09-21T17:58:20+00:00,2026-09-22T00:56:56+00:00,2.05,True
UPS633,Departure,2026-09-22T03:32:00+00:00,2026-09-22T00:56:56+00:00,2026-09-22T00:56:56+00:00,2.58,False
LXJ378,Departure,2026-09-22T11:30:00+00:00,2026-09-22T00:56:56+00:00,2026-09-22T00:56:56+00:00,10.55,False
LXJ384,Departure,2026-09-22T11:31:00+00:00,2026-09-22T00:56:56+00:00,2026-09-22T00:56:56+00:00,10.57,False
UAL1032,Arrival,2026-09-22T01:53:00+00:00,2026-09-21T17:58:20+00:00,2026-09-22T00:56:56+00:00,0.93,True
KI124,Arrival,2026-09-22T02:08:00+00:00,2026-09-22T00:56:56+00:00,2026-09-22T00:56:56+00:00,1.18,False
UAL4576,Arrival,2026-09-22T03:12:00+00:00,2026-09-21T17:58:20+00:00,2026-09-22T00:56:56+00:00,2.25,True
SWA3667,Arrival,2026-09-22T03:36:00+00:00,2026-09-21T17:58:20+00:00,2026-09-22T00:56:56+00:00,2.65,True
SWA290,Arrival,2026-09-22T04:16:00+00:00,2026-09-21T17:58:20+00:00,2026-09-22T00:56:56+00:00,3.32,True
ASA472,Arrival,2026-09-22T04:19:00+00:00,2026-09-21T17:58:20+00:00,2026-09-22T00:56:56+00:00,3.37,True
SWA1603,Arrival,2026-09-22T04:23:00+00:00,2026-09-21T17:58:20+00:00,2026-09-22T00:56:56+00:00,3.43,True
AAL1594,Arrival,2026-09-22T04:51:00+00:00,2026-09-21T17:58:20+00:00,2026-09-22T00:56:56+00:00,3.9,True
DAL4905,Departure,2026-09-22T01:35:00+00:00,2026-09-21T17:58:20+00:00,2026-09-22T01:42:17+00:00,-0.12,True
VTS2873,Departure,2026-09-22T02:00:00+00:00,2026-09-22T01:42:17+00:00,2026-09-22T01:42:17+00:00,0.3,False
SWA3878,Departure,2026-09-22T02:48:00+00:00,2026-09-22T01:42:17+00:00,2026-09-22T01:42:17+00:00,1.1,False
LXJ431,Departure,2026-09-22T12:32:00+00:00,2026-09-22T01:42:17+00:00,2026-09-22T01:42:17+00:00,10.83,False
AAL459,Arrival,2026-09-22T03:45:00+00:00,2026-09-21T17:58:20+00:00,2026-09-22T01:42:17+00:00,2.05,True
SWA2508,Arrival,2026-09-22T04:33:00+00:00,2026-09-21T17:58:20+00:00,2026-09-22T01:42:17+00:00,2.85,True
SWA3215,Arrival,2026-09-22T05:34:00+00:00,2026-09-21T18:51:12+00:00,2026-09-22T01:42:17+00:00,3.86,True
SWA4528,Arrival,2026-09-22T06:21:00+00:00,2026-09-21T18:51:12+00:00,2026-09-22T01:42:17+00:00,4.65,True
SWA4203,Arrival,2026-09-22T12:25:00+00:00,2026-09-22T00:56:56+00:00,2026-09-22T01:42:17+00:00,10.71,True
SWA3850,Departure,2026-09-22T03:38:00+00:00,2026-09-21T17:58:20+00:00,2026-09-22T02:51:38+00:00,0.77,True
FDX1608,Departure,2026-09-22T04:05:00+00:00,2026-09-22T02:51:38+00:00,2026-09-22T02:51:38+00:00,1.22,False
DAL1403,Arrival,2026-09-22T04:14:00+00:00,2026-09-21T17:58:20+00:00,2026-09-22T02:51:38+00:00,1.37,True
SKQ22,Arrival,2026-09-22T04:58:00+00:00,2026-09-22T02:51:38+00:00,2026-09-22T02:51:38+00:00,2.11,False
AAL3069,Arrival,2026-09-22T05:02:00+00:00,2026-09-21T17:58:20+00:00,2026-09-22T02:51:38+00:00,2.17,True
DAL2666,Arrival,2026-09-22T05:09:00+00:00,2026-09-21T18:51:12+00:00,2026-09-22T02:51:38+00:00,2.29,True
SCX3012,Arrival,2026-09-22T05:45:00+00:00,2026-09-22T02:51:38+00:00,2026-09-22T02:51:38+00:00,2.89,False
SCX3096,Arrival,2026-09-22T07:52:00+00:00,2026-09-22T02:51:38+00:00,2026-09-22T02:51:38+00:00,5.01,False
AAL4450,Departure,2026-09-22T11:00:00+00:00,2026-09-21T23:58:03+00:00,2026-09-22T11:13:52+00:00,-0.23,True
DAL1524,Departure,2026-09-22T11:00:00+00:00,2026-09-21T23:58:03+00:00,2026-09-22T11:13:52+00:00,-0.23,True
SWA3524,Departure,2026-09-22T11:03:00+00:00,2026-09-21T23:58:03+00:00,2026-09-22T11:13:52+00:00,-0.18,True
SWA3811,Departure,2026-09-22T11:04:00+00:00,2026-09-21T23:58:03+00:00,2026-09-22T11:13:52+00:00,-0.16,True
AAL4634,Departure,2026-09-22T11:05:00+00:00,2026-09-21T23:58:03+00:00,2026-09-22T11:13:52+00:00,-0.15,True
SCX3027,Departure,2026-09-22T11:15:00+00:00,2026-09-22T11:13:52+00:00,2026-09-22T11:13:52+00:00,0.02,False
DAL1597,Departure,2026-09-22T11:15:00+00:00,2026-09-21T23:58:03+00:00,2026-09-22T11:13:52+00:00,0.02,True
UAL6258,Departure,2026-09-22T11:15:00+00:00,2026-09-21T23:58:03+00:00,2026-09-22T11:13:52+00:00,0.02,True
SWA3857,Departure,2026-09-22T11:25:00+00:00,2026-09-21T23:58:03+00:00,2026-09-22T11:13:52+00:00,0.19,True
ASA473,Departure,2026-09-22T11:29:00+00:00,2026-09-22T00:56:56+00:00,2026-09-22T11:13:52+00:00,0.25,True
AAL6480,Departure,2026-09-22T11:30:00+00:00,2026-09-22T00:56:56+00:00,2026-09-22T11:13:52+00:00,0.27,True
AAL4667,Departure,2026-09-22T11:30:00+00:00,2026-09-22T00:56:56+00:00,2026-09-22T11:13:52+00:00,0.27,True
SWA3861,Departure,2026-09-22T11:30:00+00:00,2026-09-22T00:56:56+00:00,2026-09-22T11:13:52+00:00,0.27,True
DAL1626,Departure,2026-09-22T11:40:00+00:00,2026-09-22T00:56:56+00:00,2026-09-22T11:13:52+00:00,0.44,True
AAL1515,Departure,2026-09-22T11:53:00+00:00,2026-09-22T00:56:56+00:00,2026-09-22T11:13:52+00:00,0.65,True
SWA3826,Departure,2026-09-22T12:00:00+00:00,2026-09-22T00:56:56+00:00,2026-09-22T11:13:52+00:00,0.77,True
SWA3804,Departure,2026-09-22T12:00:00+00:00,2026-09-22T00:56:56+00:00,2026-09-22T11:13:52+00:00,0.77,True
AAL537,Departure,2026-09-22T12:00:00+00:00,2026-09-22T00:56:56+00:00,2026-09-22T11:13:52+00:00,0.77,True
SWA4583,Departure,2026-09-22T12:05:00+00:00,2026-09-22T00:56:56+00:00,2026-09-22T11:13:52+00:00,0.85,True
AAL1997,Departure,2026-09-22T12:27:00+00:00,2026-09-22T01:42:17+00:00,2026-09-22T11:13:52+00:00,1.22,True
SWA3812,Departure,2026-09-22T13:10:00+00:00,2026-09-22T01:42:17+00:00,2026-09-22T11:13:52+00:00,1.94,True
LXJ618,Departure,2026-09-22T15:30:00+00:00,2026-09-22T11:13:52+00:00,2026-09-22T11:13:52+00:00,4.27,False
SWA3833,Departure,2026-09-22T16:10:00+00:00,2026-09-22T11:13:52+00:00,2026-09-22T11:13:52+00:00,4.94,False
JTL88,Departure,2026-09-22T16:20:00+00:00,2026-09-22T11:13:52+00:00,2026-09-22T11:13:52+00:00,5.1,False
SWA2839,Departure,2026-09-22T18:20:00+00:00,2026-09-22T11:13:52+00:00,2026-09-22T11:13:52+00:00,7.1,False
DLH449,Departure,2026-09-22T20:30:00+00:00,2026-09-22T11:13:52+00:00,2026-09-22T11:13:52+00:00,9.27,False
JUS318,Departure,2026-09-22T22:00:00+00:00,2026-09-22T11:13:52+00:00,2026-09-22T11:13:52+00:00,10.77,False
UAL541,Departure,2026-09-22T22:30:00+00:00,2026-09-22T11:13:52+00:00,2026-09-22T11:13:52+00:00,11.27,False
SWA830,Arrival,2026-09-22T11:52:00+00:00,2026-09-22T00:56:56+00:00,2026-09-22T11:13:52+00:00,0.64,True
SWA3357,Arrival,2026-09-22T11:55:00+00:00,2026-09-22T00:56:56+00:00,2026-09-22T11:13:52+00:00,0.69,True
KI524,Arrival,2026-09-22T12:02:00+00:00,2026-09-22T11:13:52+00:00,2026-09-22T11:13:52+00:00,0.8,False
SWA1482,Arrival,2026-09-22T12:02:00+00:00,2026-09-22T00:56:56+00:00,2026-09-22T11:13:52+00:00,0.8,True
SWA753,Arrival,2026-09-22T12:05:00+00:00,2026-09-22T00:56:56+00:00,2026-09-22T11:13:52+00:00,0.85,True
SWA2514,Arrival,2026-09-22T12:19:00+00:00,2026-09-22T01:42:17+00:00,2026-09-22T11:13:52+00:00,1.09,True
SWA2656,Arrival,2026-09-22T12:19:00+00:00,2026-09-22T01:42:17+00:00,2026-09-22T11:13:52+00:00,1.09,True
SWA244,Arrival,2026-09-22T12:21:00+00:00,2026-09-22T01:42:17+00:00,2026-09-22T11:13:52+00:00,1.12,True
AAL2487,Arrival,2026-09-22T12:22:00+00:00,2026-09-22T11:13:52+00:00,2026-09-22T11:13:52+00:00,1.14,False
SWA3958,Arrival,2026-09-22T12:25:00+00:00,2026-09-22T01:42:17+00:00,2026-09-22T11:13:52+00:00,1.19,True
SWA3013,Arrival,2026-09-22T12:26:00+00:00,2026-09-22T00:56:56+00:00,2026-09-22T11:13:52+00:00,1.2,True
SWA478,Arrival,2026-09-22T12:29:00+00:00,2026-09-22T01:42:17+00:00,2026-09-22T11:13:52+00:00,1.25,True
SWA1147,Arrival,2026-09-22T12:32:00+00:00,2026-09-22T01:42:17+00:00,2026-09-22T11:13:52+00:00,1.3,True
UAL3527,Arrival,2026-09-22T12:34:00+00:00,2026-09-22T11:13:52+00:00,2026-09-22T11:13:52+00:00,1.34,False
SWA1096,Arrival,2026-09-22T12:39:00+00:00,2026-09-22T01:42:17+00:00,2026-09-22T11:13:52+00:00,1.42,True
SWA1646,Arrival,2026-09-22T12:40:00+00:00,2026-09-22T01:42:17+00:00,2026-09-22T11:13:52+00:00,1.44,True
SWA4498,Arrival,2026-09-22T12:41:00+00:00,2026-09-22T01:42:17+00:00,2026-09-22T11:13:52+00:00,1.45,True
UAL3395,Arrival,2026-09-22T12:45:00+00:00,2026-09-22T11:13:52+00:00,2026-09-22T11:13:52+00:00,1.52,False
DAL4939,Arrival,2026-09-22T12:55:00+00:00,2026-09-22T01:42:17+00:00,2026-09-22T11:13:52+00:00,1.69,True
ENY3546,Arrival,2026-09-22T12:56:00+00:00,2026-09-22T11:13:52+00:00,2026-09-22T11:13:52+00:00,1.7,False
DAL5286,Arrival,2026-09-22T13:03:00+00:00,2026-09-22T02:51:38+00:00,2026-09-22T11:13:52+00:00,1.82,True
AAL4340,Arrival,2026-09-22T13:08:00+00:00,2026-09-22T02:51:38+00:00,2026-09-22T11:13:52+00:00,1.9,True
SWA391,Arrival,2026-09-22T13:45:00+00:00,2026-09-22T02:51:38+00:00,2026-09-22T11:13:52+00:00,2.52,True
SWA1430,Arrival,2026-09-22T13:51:00+00:00,2026-09-22T02:51:38+00:00,2026-09-22T11:13:52+00:00,2.62,True
SWA1373,Arrival,2026-09-22T13:54:00+00:00,2026-09-22T11:13:52+00:00,2026-09-22T11:13:52+00:00,2.67,False
SWA2907,Arrival,2026-09-22T14:03:00+00:00,2026-09-22T11:13:52+00:00,2026-09-22T11:13:52+00:00,2.82,False
UAL4427,Arrival,2026-09-22T14:05:00+00:00,2026-09-22T11:13:52+00:00,2026-09-22T11:13:52+00:00,2.85,False
SWA998,Arrival,2026-09-22T14:06:00+00:00,2026-09-22T11:13:52+00:00,2026-09-22T11:13:52+00:00,2.87,False
SWA1694,Arrival,2026-09-22T14:06:00+00:00,2026-09-22T11:13:52+00:00,2026-09-22T11:13:52+00:00,2.87,False
LXJ618,Arrival,2026-09-22T14:29:00+00:00,2026-09-22T11:13:52+00:00,2026-09-22T11:13:52+00:00,3.25,False
SWA2019,Arrival,2026-09-22T14:36:00+00:00,2026-09-22T11:13:52+00:00,2026-09-22T11:13:52+00:00,3.37,False
SWA1097,Arrival,2026-09-22T14:43:00+00:00,2026-09-22T11:13:52+00:00,2026-09-22T11:13:52+00:00,3.49,False
SWA2657,Arrival,2026-09-22T14:54:00+00:00,2026-09-22T11:13:52+00:00,2026-09-22T11:13:52+00:00,3.67,False
SWA3280,Arrival,2026-09-22T15:23:00+00:00,2026-09-22T11:13:52+00:00,2026-09-22T11:13:52+00:00,4.15,False
AAL1739,Arrival,2026-09-22T15:29:00+00:00,2026-09-22T11:13:52+00:00,2026-09-22T11:13:52+00:00,4.25,False
DAL4922,Arrival,2026-09-22T16:43:00+00:00,2026-09-22T11:13:52+00:00,2026-09-22T11:13:52+00:00,5.49,False
SWA4173,Arrival,2026-09-22T16:50:00+00:00,2026-09-22T11:13:52+00:00,2026-09-22T11:13:52+00:00,5.6,False
LXJ391,Arrival,2026-09-22T17:17:00+00:00,2026-09-22T11:13:52+00:00,2026-09-22T11:13:52+00:00,6.05,False
DAL566,Arrival,2026-09-22T18:23:00+00:00,2026-09-22T11:13:52+00:00,2026-09-22T11:13:52+00:00,7.15,False
DLH448,Arrival,2026-09-22T18:25:00+00:00,2026-09-22T11:13:52+00:00,2026-09-22T11:13:52+00:00,7.19,False
DAL2455,Arrival,2026-09-22T18:30:00+00:00,2026-09-22T11:13:52+00:00,2026-09-22T11:13:52+00:00,7.27,False
SWA1643,Arrival,2026-09-22T18:55:00+00:00,2026-09-22T11:13:52+00:00,2026-09-22T11:13:52+00:00,7.69,False
DAL4905,Arrival,2026-09-22T20:36:00+00:00,2026-09-22T11:13:52+00:00,2026-09-22T11:13:52+00:00,9.37,False
JUS318,Arrival,2026-09-22T20:48:00+00:00,2026-09-22T11:13:52+00:00,2026-09-22T11:13:52+00:00,9.57,False
AAL4727,Arrival,2026-09-22T22:24:00+00:00,2026-09-22T11:13:52+00:00,2026-09-22T11:13:52+00:00,11.17,False
SWA830,Departure,2026-09-22T12:43:00+00:00,2026-09-22T01:42:17+00:00,2026-09-22T12:51:55+00:00,-0.15,True
UAL2749,Departure,2026-09-22T13:00:00+00:00,2026-09-22T01:42:17+00:00,2026-09-22T12:51:55+00:00,0.13,True
DAL2363,Departure,2026-09-22T13:00:00+00:00,2026-09-22T01:42:17+00:00,2026-09-22T12:51:55+00:00,0.13,True
AAL2574,Departure,2026-09-22T13:00:00+00:00,2026-09-22T01:42:17+00:00,2026-09-22T12:51:55+00:00,0.13,True
EJA309,Departure,2026-09-22T13:10:00+00:00,2026-09-22T12:51:55+00:00,2026-09-22T12:51:55+00:00,0.3,False
KI524,Departure,2026-09-22T13:18:00+00:00,2026-09-22T12:51:55+00:00,2026-09-22T12:51:55+00:00,0.43,False
UAL3674,Departure,2026-09-22T13:20:00+00:00,2026-09-22T02:51:38+00:00,2026-09-22T12:51:55+00:00,0.47,True
SWA3886,Departure,2026-09-22T13:25:00+00:00,2026-09-22T02:51:38+00:00,2026-09-22T12:51:55+00:00,0.55,True
SWA3870,Departure,2026-09-22T13:25:00+00:00,2026-09-22T02:51:38+00:00,2026-09-22T12:51:55+00:00,0.55,True
SWA1930,Departure,2026-09-22T13:25:00+00:00,2026-09-22T02:51:38+00:00,2026-09-22T12:51:55+00:00,0.55,True
SWA4157,Departure,2026-09-22T13:25:00+00:00,2026-09-22T02:51:38+00:00,2026-09-22T12:51:55+00:00,0.55,True
SWA3261,Departure,2026-09-22T13:25:00+00:00,2026-09-22T02:51:38+00:00,2026-09-22T12:51:55+00:00,0.55,True
SWA4522,Departure,2026-09-22T13:25:00+00:00,2026-09-22T02:51:38+00:00,2026-09-22T12:51:55+00:00,0.55,True
SWA2158,Departure,2026-09-22T13:25:00+00:00,2026-09-22T02:51:38+00:00,2026-09-22T12:51:55+00:00,0.55,True
SWA3399,Departure,2026-09-22T13:27:00+00:00,2026-09-22T02:51:38+00:00,2026-09-22T12:51:55+00:00,0.58,True
AAL1959,Departure,2026-09-22T13:30:00+00:00,2026-09-22T02:51:38+00:00,2026-09-22T12:51:55+00:00,0.63,True
SWA4500,Departure,2026-09-22T13:30:00+00:00,2026-09-22T12:51:55+00:00,2026-09-22T12:51:55+00:00,0.63,False
UAL4601,Departure,2026-09-22T13:33:00+00:00,2026-09-22T02:51:38+00:00,2026-09-22T12:51:55+00:00,0.68,True
SWA3827,Departure,2026-09-22T13:35:00+00:00,2026-09-22T02:51:38+00:00,2026-09-22T12:51:55+00:00,0.72,True
SWA3892,Departure,2026-09-22T13:35:00+00:00,2026-09-22T02:51:38+00:00,2026-09-22T12:51:55+00:00,0.72,True
SWA383,Departure,2026-09-22T13:35:00+00:00,2026-09-22T02:51:38+00:00,2026-09-22T12:51:55+00:00,0.72,True
SWA4584,Departure,2026-09-22T13:35:00+00:00,2026-09-22T02:51:38+00:00,2026-09-22T12:51:55+00:00,0.72,True
UAL4506,Departure,2026-09-22T13:40:00+00:00,2026-09-22T02:51:38+00:00,2026-09-22T12:51:55+00:00,0.8,True
SWA4419,Departure,2026-09-22T13:40:00+00:00,2026-09-22T02:51:38+00:00,2026-09-22T12:51:55+00:00,0.8,True
SWA4498,Departure,2026-09-22T13:40:00+00:00,2026-09-22T02:51:38+00:00,2026-09-22T12:51:55+00:00,0.8,True
AAL712,Departure,2026-09-22T13:43:00+00:00,2026-09-22T02:51:38+00:00,2026-09-22T12:51:55+00:00,0.85,True
ENY3546,Departure,2026-09-22T13:54:00+00:00,2026-09-22T12:51:55+00:00,2026-09-22T12:51:55+00:00,1.03,False
ACA8886,Departure,2026-09-22T13:55:00+00:00,2026-09-22T02:51:38+00:00,2026-09-22T12:51:55+00:00,1.05,True
ENY3739,Departure,2026-09-22T15:00:00+00:00,2026-09-22T12:51:55+00:00,2026-09-22T12:51:55+00:00,2.13,False
DAL1571,Arrival,2026-09-22T13:34:00+00:00,2026-09-22T02:51:38+00:00,2026-09-22T12:51:55+00:00,0.7,True
SWA2536,Arrival,2026-09-22T13:57:00+00:00,2026-09-22T11:13:52+00:00,2026-09-22T12:51:55+00:00,1.08,True
AAL3333,Arrival,2026-09-22T13:57:00+00:00,2026-09-22T11:13:52+00:00,2026-09-22T12:51:55+00:00,1.08,True
DAL2868,Arrival,2026-09-22T14:02:00+00:00,2026-09-22T11:13:52+00:00,2026-09-22T12:51:55+00:00,1.17,True
SWA3070,Arrival,2026-09-22T14:06:00+00:00,2026-09-22T11:13:52+00:00,2026-09-22T12:51:55+00:00,1.23,True
AAL2497,Arrival,2026-09-22T14:12:00+00:00,2026-09-22T11:13:52+00:00,2026-09-22T12:51:55+00:00,1.33,True
SWA2890,Arrival,2026-09-22T14:13:00+00:00,2026-09-22T11:13:52+00:00,2026-09-22T12:51:55+00:00,1.35,True
SWA2837,Arrival,2026-09-22T14:15:00+00:00,2026-09-22T11:13:52+00:00,2026-09-22T12:51:55+00:00,1.38,True
AAL4436,Arrival,2026-09-22T14:34:00+00:00,2026-09-22T11:13:52+00:00,2026-09-22T12:51:55+00:00,1.7,True
AAL2818,Arrival,2026-09-22T14:51:00+00:00,2026-09-22T11:13:52+00:00,2026-09-22T12:51:55+00:00,1.98,True
UAL5582,Arrival,2026-09-22T14:56:00+00:00,2026-09-22T11:13:52+00:00,2026-09-22T12:51:55+00:00,2.07,True
UAL4613,Arrival,2026-09-22T15:06:00+00:00,2026-09-22T11:13:52+00:00,2026-09-22T12:51:55+00:00,2.23,True
SWA4699,Arrival,2026-09-22T15:24:00+00:00,2026-09-22T11:13:52+00:00,2026-09-22T12:51:55+00:00,2.53,True
FFT3108,Arrival,2026-09-22T16:14:00+00:00,2026-09-22T11:13:52+00:00,2026-09-22T12:51:55+00:00,3.37,True
SWA2035,Arrival,2026-09-22T16:23:00+00:00,2026-09-22T11:13:52+00:00,2026-09-22T12:51:55+00:00,3.52,True
SWA3893,Departure,2026-09-22T14:35:00+00:00,2026-09-22T11:13:52+00:00,2026-09-22T14:31:49+00:00,0.05,True
UAL4395,Departure,2026-09-22T14:43:00+00:00,2026-09-22T11:13:52+00:00,2026-09-22T14:31:49+00:00,0.19,True
SWA3847,Departure,2026-09-22T14:45:00+00:00,2026-09-22T11:13:52+00:00,2026-09-22T14:31:49+00:00,0.22,True
SWA3858,Departure,2026-09-22T15:15:00+00:00,2026-09-22T11:13:52+00:00,2026-09-22T14:31:49+00:00,0.72,True
SWA4981,Departure,2026-09-22T15:15:00+00:00,2026-09-22T11:13:52+00:00,2026-09-22T14:31:49+00:00,0.72,True
SWA3879,Departure,2026-09-22T15:25:00+00:00,2026-09-22T11:13:52+00:00,2026-09-22T14:31:49+00:00,0.89,True
SWA1538,Departure,2026-09-22T15:26:00+00:00,2026-09-22T11:13:52+00:00,2026-09-22T14:31:49+00:00,0.9,True
LXJ397,Departure,2026-09-22T16:30:00+00:00,2026-09-22T14:31:49+00:00,2026-09-22T14:31:49+00:00,1.97,False
DAL1289,Arrival,2026-09-22T15:02:00+00:00,2026-09-22T11:13:52+00:00,2026-09-22T14:31:49+00:00,0.5,True
DAL1400,Arrival,2026-09-22T15:29:00+00:00,2026-09-22T11:13:52+00:00,2026-09-22T14:31:49+00:00,0.95,True
UAL2042,Arrival,2026-09-22T15:51:00+00:00,2026-09-22T11:13:52+00:00,2026-09-22T14:31:49+00:00,1.32,True
SWA3877,Arrival,2026-09-22T16:08:00+00:00,2026-09-22T11:13:52+00:00,2026-09-22T14:31:49+00:00,1.6,True
SWA2110,Arrival,2026-09-22T17:10:00+00:00,2026-09-22T11:13:52+00:00,2026-09-22T14:31:49+00:00,2.64,True
SWA2144,Arrival,2026-09-22T17:33:00+00:00,2026-09-22T11:13:52+00:00,2026-09-22T14:31:49+00:00,3.02,True
SWA2977,Arrival,2026-09-22T17:59:00+00:00,2026-09-22T11:13:52+00:00,2026-09-22T14:31:49+00:00,3.45,True
SWA3281,Arrival,2026-09-22T18:01:00+00:00,2026-09-22T11:13:52+00:00,2026-09-22T14:31:49+00:00,3.49,True
SWA1678,Arrival,2026-09-22T18:07:00+00:00,2026-09-22T11:13:52+00:00,2026-09-22T14:31:49+00:00,3.59,True
SWA1168,Arrival,2026-09-22T18:39:00+00:00,2026-09-22T11:13:52+00:00,2026-09-22T14:31:49+00:00,4.12,True
SWA2697,Arrival,2026-09-23T00:49:00+00:00,2026-09-22T14:31:49+00:00,2026-09-22T14:31:49+00:00,10.29,False
SWA3837,Departure,2026-09-22T19:01:00+00:00,2026-09-22T11:13:52+00:00,2026-09-22T19:15:53+00:00,-0.25,True
EJA877,Departure,2026-09-22T19:06:00+00:00,2026-09-22T19:15:53+00:00,2026-09-22T19:15:53+00:00,-0.16,False
FDY457,Departure,2026-09-22T19:10:00+00:00,2026-09-22T11:13:52+00:00,2026-09-22T19:15:53+00:00,-0.1,True
SWA1958,Departure,2026-09-22T19:15:00+00:00,2026-09-22T11:13:52+00:00,2026-09-22T19:15:53+00:00,-0.01,True
SWA2704,Departure,2026-09-22T19:15:00+00:00,2026-09-22T11:13:52+00:00,2026-09-22T19:15:53+00:00,-0.01,True
DAL2455,Departure,2026-09-22T19:25:00+00:00,2026-09-22T11:13:52+00:00,2026-09-22T19:15:53+00:00,0.15,True
DAL566,Departure,2026-09-22T19:30:00+00:00,2026-09-22T11:13:52+00:00,2026-09-22T19:15:53+00:00,0.24,True
AAL2660,Departure,2026-09-22T19:30:00+00:00,2026-09-22T11:13:52+00:00,2026-09-22T19:15:53+00:00,0.24,True
SWA1535,Departure,2026-09-22T19:45:00+00:00,2026-09-22T11:13:52+00:00,2026-09-22T19:15:53+00:00,0.49,True
ASA388,Departure,2026-09-22T20:19:00+00:00,2026-09-22T11:13:52+00:00,2026-09-22T19:15:53+00:00,1.05,True
SWA3401,Departure,2026-09-22T20:36:00+00:00,2026-09-22T11:13:52+00:00,2026-09-22T19:15:53+00:00,1.34,True
SWA3864,Departure,2026-09-22T20:45:00+00:00,2026-09-22T11:13:52+00:00,2026-09-22T19:15:53+00:00,1.49,True
EJA433,Departure,2026-09-22T20:48:00+00:00,2026-09-22T19:15:53+00:00,2026-09-22T19:15:53+00:00,1.54,False
EJA563,Departure,2026-09-22T21:03:00+00:00,2026-09-22T19:15:53+00:00,2026-09-22T19:15:53+00:00,1.79,False
AAL3739,Departure,2026-09-22T22:00:00+00:00,2026-09-22T11:13:52+00:00,2026-09-22T19:15:53+00:00,2.74,True
AAL4645,Departure,2026-09-22T22:18:00+00:00,2026-09-22T11:13:52+00:00,2026-09-22T19:15:53+00:00,3.04,True
SWA1695,Arrival,2026-09-22T19:08:00+00:00,2026-09-22T11:13:52+00:00,2026-09-22T19:15:53+00:00,-0.13,True
ACA8889,Arrival,2026-09-22T19:09:00+00:00,2026-09-22T11:13:52+00:00,2026-09-22T19:15:53+00:00,-0.11,True
AAL1363,Arrival,2026-09-22T19:17:00+00:00,2026-09-22T11:13:52+00:00,2026-09-22T19:15:53+00:00,0.02,True
SWA1522,Arrival,2026-09-22T19:20:00+00:00,2026-09-22T11:13:52+00:00,2026-09-22T19:15:53+00:00,0.07,True
SWA1098,Arrival,2026-09-22T19:30:00+00:00,2026-09-22T11:13:52+00:00,2026-09-22T19:15:53+00:00,0.24,True
SWA2456,Arrival,2026-09-22T19:31:00+00:00,2026-09-22T11:13:52+00:00,2026-09-22T19:15:53+00:00,0.25,True
SWA2659,Arrival,2026-09-22T19:34:00+00:00,2026-09-22T11:13:52+00:00,2026-09-22T19:15:53+00:00,0.3,True
DAL3811,Arrival,2026-09-22T19:35:00+00:00,2026-09-22T11:13:52+00:00,2026-09-22T19:15:53+00:00,0.32,True
SWA591,Arrival,2026-09-22T19:43:00+00:00,2026-09-22T11:13:52+00:00,2026-09-22T19:15:53+00:00,0.45,True
SWA2317,Arrival,2026-09-22T19:46:00+00:00,2026-09-22T11:13:52+00:00,2026-09-22T19:15:53+00:00,0.5,True
JC615,Arrival,2026-09-22T19:49:00+00:00,2026-09-22T19:15:53+00:00,2026-09-22T19:15:53+00:00,0.55,False
SWA2550,Arrival,2026-09-22T20:07:00+00:00,2026-09-22T11:13:52+00:00,2026-09-22T19:15:53+00:00,0.85,True
AAL3954,Arrival,2026-09-22T20:43:00+00:00,2026-09-22T11:13:52+00:00,2026-09-22T19:15:53+00:00,1.45,True
AAL4449,Arrival,2026-09-22T20:46:00+00:00,2026-09-22T11:13:52+00:00,2026-09-22T19:15:53+00:00,1.5,True
SWA2788,Arrival,2026-09-22T20:47:00+00:00,2026-09-22T11:13:52+00:00,2026-09-22T19:15:53+00:00,1.52,True
SWA3807,Arrival,2026-09-22T20:48:00+00:00,2026-09-22T11:13:52+00:00,2026-09-22T19:15:53+00:00,1.54,True
SWA1761,Arrival,2026-09-22T20:59:00+00:00,2026-09-22T11:13:52+00:00,2026-09-22T19:15:53+00:00,1.72,True
UAL3717,Arrival,2026-09-22T21:11:00+00:00,2026-09-22T11:13:52+00:00,2026-09-22T19:15:53+00:00,1.92,True
AAL3066,Arrival,2026-09-22T21:19:00+00:00,2026-09-22T11:13:52+00:00,2026-09-22T19:15:53+00:00,2.05,True
SWA1149,Arrival,2026-09-22T21:33:00+00:00,2026-09-22T11:13:52+00:00,2026-09-22T19:15:53+00:00,2.29,True
ASA1318,Arrival,2026-09-22T21:36:00+00:00,2026-09-22T11:13:52+00:00,2026-09-22T19:15:53+00:00,2.34,True
SWA4432,Arrival,2026-09-22T21:50:00+00:00,2026-09-22T11:13:52+00:00,2026-09-22T19:15:53+00:00,2.57,True
LXJ302,Arrival,2026-09-22T23:14:00+00:00,2026-09-22T19:15:53+00:00,2026-09-22T19:15:53+00:00,3.97,False
SWA3564,Arrival,2026-09-22T23:43:00+00:00,2026-09-22T11:13:52+00:00,2026-09-22T19:15:53+00:00,4.45,True
SWA2144,Departure,2026-09-22T19:54:00+00:00,2026-09-22T11:13:52+00:00,2026-09-22T20:08:38+00:00,-0.24,True
AAL3096,Departure,2026-09-22T19:55:00+00:00,2026-09-22T11:13:52+00:00,2026-09-22T20:08:38+00:00,-0.23,True
ACA8890,Departure,2026-09-22T19:56:00+00:00,2026-09-22T11:13:52+00:00,2026-09-22T20:08:38+00:00,-0.21,True
SWA1370,Departure,2026-09-22T20:05:00+00:00,2026-09-22T11:13:52+00:00,2026-09-22T20:08:38+00:00,-0.06,True
ASH4060,Departure,2026-09-22T20:13:00+00:00,2026-09-22T20:08:38+00:00,2026-09-22T20:08:38+00:00,0.07,False
SWA1007,Departure,2026-09-22T20:15:00+00:00,2026-09-22T11:13:52+00:00,2026-09-22T20:08:38+00:00,0.11,True
SWA3806,Departure,2026-09-22T20:17:00+00:00,2026-09-22T11:13:52+00:00,2026-09-22T20:08:38+00:00,0.14,True
SWA1965,Departure,2026-09-22T20:30:00+00:00,2026-09-22T11:13:52+00:00,2026-09-22T20:08:38+00:00,0.36,True
SWA579,Departure,2026-09-22T20:30:00+00:00,2026-09-22T11:13:52+00:00,2026-09-22T20:08:38+00:00,0.36,True
UAL4500,Departure,2026-09-22T20:32:00+00:00,2026-09-22T11:13:52+00:00,2026-09-22T20:08:38+00:00,0.39,True
AAL1363,Departure,2026-09-22T20:34:00+00:00,2026-09-22T11:13:52+00:00,2026-09-22T20:08:38+00:00,0.42,True
JC615,Departure,2026-09-22T20:45:00+00:00,2026-09-22T20:08:38+00:00,2026-09-22T20:08:38+00:00,0.61,False
SWA591,Departure,2026-09-22T20:50:00+00:00,2026-09-22T11:13:52+00:00,2026-09-22T20:08:38+00:00,0.69,True
DAL3811,Departure,2026-09-22T20:52:00+00:00,2026-09-22T11:13:52+00:00,2026-09-22T20:08:38+00:00,0.72,True
JR867,Departure,2026-09-22T21:00:00+00:00,2026-09-22T20:08:38+00:00,2026-09-22T20:08:38+00:00,0.86,False
SWA985,Departure,2026-09-22T21:05:00+00:00,2026-09-22T11:13:52+00:00,2026-09-22T20:08:38+00:00,0.94,True
SWA1254,Departure,2026-09-22T21:42:00+00:00,2026-09-22T11:13:52+00:00,2026-09-22T20:08:38+00:00,1.56,True
SWA3807,Departure,2026-09-22T21:45:00+00:00,2026-09-22T11:13:52+00:00,2026-09-22T20:08:38+00:00,1.61,True
SWA4586,Departure,2026-09-22T21:49:00+00:00,2026-09-22T11:13:52+00:00,2026-09-22T20:08:38+00:00,1.67,True
LXJ302,Departure,2026-09-23T00:20:00+00:00,2026-09-22T20:08:38+00:00,2026-09-22T20:08:38+00:00,4.19,False
UAL2000,Arrival,2026-09-22T20:07:00+00:00,2026-09-22T11:13:52+00:00,2026-09-22T20:08:38+00:00,-0.03,True
FDY444,Arrival,2026-09-22T20:07:00+00:00,2026-09-22T11:13:52+00:00,2026-09-22T20:08:38+00:00,-0.03,True
DAL543,Arrival,2026-09-22T20:50:00+00:00,2026-09-22T11:13:52+00:00,2026-09-22T20:08:38+00:00,0.69,True
SWA986,Arrival,2026-09-22T21:01:00+00:00,2026-09-22T11:13:52+00:00,2026-09-22T20:08:38+00:00,0.87,True
AAL4645,Arrival,2026-09-22T21:03:00+00:00,2026-09-22T11:13:52+00:00,2026-09-22T20:08:38+00:00,0.91,True
DAL1224,Arrival,2026-09-22T21:18:00+00:00,2026-09-22T11:13:52+00:00,2026-09-22T20:08:38+00:00,1.16,True
UAL1639,Arrival,2026-09-22T21:20:00+00:00,2026-09-22T11:13:52+00:00,2026-09-22T20:08:38+00:00,1.19,True
AAL3944,Arrival,2026-09-22T21:25:00+00:00,2026-09-22T11:13:52+00:00,2026-09-22T20:08:38+00:00,1.27,True
SWA1310,Arrival,2026-09-22T21:25:00+00:00,2026-09-22T11:13:52+00:00,2026-09-22T20:08:38+00:00,1.27,True
DAL2822,Arrival,2026-09-22T21:43:00+00:00,2026-09-22T11:13:52+00:00,2026-09-22T20:08:38+00:00,1.57,True
UAL4416,Arrival,2026-09-22T22:00:00+00:00,2026-09-22T11:13:52+00:00,2026-09-22T20:08:38+00:00,1.86,True
AAL2686,Arrival,2026-09-22T22:05:00+00:00,2026-09-22T11:13:52+00:00,2026-09-22T20:08:38+00:00,1.94,True
DAL1492,Arrival,2026-09-22T22:11:00+00:00,2026-09-22T11:13:52+00:00,2026-09-22T20:08:38+00:00,2.04,True
SWA3144,Arrival,2026-09-22T22:13:00+00:00,2026-09-22T11:13:52+00:00,2026-09-22T20:08:38+00:00,2.07,True
SWA556,Arrival,2026-09-22T22:21:00+00:00,2026-09-22T12:51:55+00:00,2026-09-22T20:08:38+00:00,2.21,True
SWA3755,Arrival,2026-09-22T22:24:00+00:00,2026-09-22T12:51:55+00:00,2026-09-22T20:08:38+00:00,2.26,True
SWA2168,Arrival,2026-09-22T22:25:00+00:00,2026-09-22T12:51:55+00:00,2026-09-22T20:08:38+00:00,2.27,True
SWA3471,Arrival,2026-09-22T22:27:00+00:00,2026-09-22T12:51:55+00:00,2026-09-22T20:08:38+00:00,2.31,True
SWA3509,Arrival,2026-09-22T22:36:00+00:00,2026-09-22T11:13:52+00:00,2026-09-22T20:08:38+00:00,2.46,True
SWA126,Arrival,2026-09-22T22:38:00+00:00,2026-09-22T12:51:55+00:00,2026-09-22T20:08:38+00:00,2.49,True
SWA3282,Arrival,2026-09-22T22:42:00+00:00,2026-09-22T12:51:55+00:00,2026-09-22T20:08:38+00:00,2.56,True
SWA1772,Arrival,2026-09-22T22:43:00+00:00,2026-09-22T12:51:55+00:00,2026-09-22T20:08:38+00:00,2.57,True
SWA776,Arrival,2026-09-22T22:49:00+00:00,2026-09-22T12:51:55+00:00,2026-09-22T20:08:38+00:00,2.67,True
SWA2022,Arrival,2026-09-22T22:55:00+00:00,2026-09-22T12:51:55+00:00,2026-09-22T20:08:38+00:00,2.77,True
SWA1375,Arrival,2026-09-22T22:58:00+00:00,2026-09-22T12:51:55+00:00,2026-09-22T20:08:38+00:00,2.82,True
ASA672,Arrival,2026-09-22T23:07:00+00:00,2026-09-22T12:51:55+00:00,2026-09-22T20:08:38+00:00,2.97,True
SWA241,Arrival,2026-09-22T23:39:00+00:00,2026-09-22T12:51:55+00:00,2026-09-22T20:08:38+00:00,3.51,True
SWA1740,Arrival,2026-09-23T00:20:00+00:00,2026-09-22T14:31:49+00:00,2026-09-22T20:08:38+00:00,4.19,True
SWA183,Arrival,2026-09-23T00:22:00+00:00,2026-09-22T14:31:49+00:00,2026-09-22T20:08:38+00:00,4.22,True
BAW221,Arrival,2026-09-23T00:30:00+00:00,2026-09-22T14:31:49+00:00,2026-09-22T20:08:38+00:00,4.36,True
SWA4407,Arrival,2026-09-23T00:34:00+00:00,2026-09-22T14:31:49+00:00,2026-09-22T20:08:38+00:00,4.42,True
AAL4449,Departure,2026-09-22T21:28:00+00:00,2026-09-22T11:13:52+00:00,2026-09-22T21:08:14+00:00,0.33,True
UAL1548,Departure,2026-09-22T21:40:00+00:00,2026-09-22T11:13:52+00:00,2026-09-22T21:08:14+00:00,0.53,True
UAL3710,Departure,2026-09-22T21:53:00+00:00,2026-09-22T11:13:52+00:00,2026-09-22T21:08:14+00:00,0.75,True
DAL543,Departure,2026-09-22T21:59:00+00:00,2026-09-22T11:13:52+00:00,2026-09-22T21:08:14+00:00,0.85,True
SWA1587,Departure,2026-09-22T22:00:00+00:00,2026-09-22T11:13:52+00:00,2026-09-22T21:08:14+00:00,0.86,True
AAL3851,Departure,2026-09-22T22:10:00+00:00,2026-09-22T11:13:52+00:00,2026-09-22T21:08:14+00:00,1.03,True
AAL2286,Departure,2026-09-22T22:13:00+00:00,2026-09-22T11:13:52+00:00,2026-09-22T21:08:14+00:00,1.08,True
SWA3713,Departure,2026-09-22T22:30:00+00:00,2026-09-22T11:13:52+00:00,2026-09-22T21:08:14+00:00,1.36,True
DAL4905,Departure,2026-09-22T22:30:00+00:00,2026-09-22T11:13:52+00:00,2026-09-22T21:08:14+00:00,1.36,True
SWA132,Departure,2026-09-22T22:42:00+00:00,2026-09-22T11:13:52+00:00,2026-09-22T21:08:14+00:00,1.56,True
SWA3831,Departure,2026-09-22T23:30:00+00:00,2026-09-22T12:51:55+00:00,2026-09-22T21:08:14+00:00,2.36,True
SCX3008,Departure,2026-09-22T23:36:00+00:00,2026-09-22T21:08:14+00:00,2026-09-22T21:08:14+00:00,2.46,False
SWA3940,Departure,2026-09-22T23:40:00+00:00,2026-09-22T12:51:55+00:00,2026-09-22T21:08:14+00:00,2.53,True
SWA178,Departure,2026-09-22T23:45:00+00:00,2026-09-22T12:51:55+00:00,2026-09-22T21:08:14+00:00,2.61,True
LXJ441,Arrival,2026-09-22T22:07:00+00:00,2026-09-22T21:08:14+00:00,2026-09-22T21:08:14+00:00,0.98,False
SWA2891,Arrival,2026-09-22T22:22:00+00:00,2026-09-22T12:51:55+00:00,2026-09-22T21:08:14+00:00,1.23,True
DAL1393,Arrival,2026-09-22T22:26:00+00:00,2026-09-22T11:13:52+00:00,2026-09-22T21:08:14+00:00,1.3,True
AAL2761,Arrival,2026-09-22T23:05:00+00:00,2026-09-22T12:51:55+00:00,2026-09-22T21:08:14+00:00,1.95,True
UAL1181,Arrival,2026-09-22T23:17:00+00:00,2026-09-22T12:51:55+00:00,2026-09-22T21:08:14+00:00,2.15,True
SWA2908,Arrival,2026-09-22T23:29:00+00:00,2026-09-22T12:51:55+00:00,2026-09-22T21:08:14+00:00,2.35,True
SWA228,Arrival,2026-09-22T23:54:00+00:00,2026-09-22T12:51:55+00:00,2026-09-22T21:08:14+00:00,2.76,True
UAL4527,Arrival,2026-09-23T00:05:00+00:00,2026-09-22T12:51:55+00:00,2026-09-22T21:08:14+00:00,2.95,True
UAL4412,Arrival,2026-09-23T00:10:00+00:00,2026-09-22T12:51:55+00:00,2026-09-22T21:08:14+00:00,3.03,True
SWA3393,Arrival,2026-09-23T00:26:00+00:00,2026-09-22T14:31:49+00:00,2026-09-22T21:08:14+00:00,3.3,True
SWA4166,Arrival,2026-09-23T00:38:00+00:00,2026-09-22T14:31:49+00:00,2026-09-22T21:08:14+00:00,3.5,True
SWA2905,Arrival,2026-09-23T00:44:00+00:00,2026-09-22T14:31:49+00:00,2026-09-22T21:08:14+00:00,3.6,True
SWA2359,Arrival,2026-09-23T01:02:00+00:00,2026-09-22T14:31:49+00:00,2026-09-22T21:08:14+00:00,3.9,True
SWA999,Arrival,2026-09-23T01:24:00+00:00,2026-09-22T14:31:49+00:00,2026-09-22T21:08:14+00:00,4.26,True
UAL4395,Departure,2026-09-22T21:49:00+00:00,2026-09-22T21:58:36+00:00,2026-09-22T21:58:36+00:00,-0.16,False
DAL1224,Departure,2026-09-22T22:47:00+00:00,2026-09-22T12:51:55+00:00,2026-09-22T21:58:36+00:00,0.81,True
SWA3800,Departure,2026-09-22T23:40:00+00:00,2026-09-22T12:51:55+00:00,2026-09-22T21:58:36+00:00,1.69,True
SWA4165,Departure,2026-09-22T23:50:00+00:00,2026-09-22T12:51:55+00:00,2026-09-22T21:58:36+00:00,1.86,True
SWA4074,Departure,2026-09-22T23:52:00+00:00,2026-09-22T12:51:55+00:00,2026-09-22T21:58:36+00:00,1.89,True
SWA1493,Departure,2026-09-23T00:10:00+00:00,2026-09-22T12:51:55+00:00,2026-09-22T21:58:36+00:00,2.19,True
SWA1145,Departure,2026-09-23T00:20:00+00:00,2026-09-22T12:51:55+00:00,2026-09-22T21:58:36+00:00,2.36,True
SWA1589,Departure,2026-09-23T00:25:00+00:00,2026-09-22T14:31:49+00:00,2026-09-22T21:58:36+00:00,2.44,True
SWA3703,Departure,2026-09-23T00:25:00+00:00,2026-09-22T12:51:55+00:00,2026-09-22T21:58:36+00:00,2.44,True
SWA288,Arrival,2026-09-22T22:28:00+00:00,2026-09-22T12:51:55+00:00,2026-09-22T21:58:36+00:00,0.49,True
ACA8687,Arrival,2026-09-22T23:41:00+00:00,2026-09-22T12:51:55+00:00,2026-09-22T21:58:36+00:00,1.71,True
UAL4518,Arrival,2026-09-23T00:12:00+00:00,2026-09-22T14:31:49+00:00,2026-09-22T21:58:36+00:00,2.22,True
SWA2218,Arrival,2026-09-23T00:32:00+00:00,2026-09-22T14:31:49+00:00,2026-09-22T21:58:36+00:00,2.56,True
SWA1485,Arrival,2026-09-23T00:34:00+00:00,2026-09-22T14:31:49+00:00,2026-09-22T21:58:36+00:00,2.59,True
SWA3051,Arrival,2026-09-23T00:36:00+00:00,2026-09-22T14:31:49+00:00,2026-09-22T21:58:36+00:00,2.62,True
SWA1656,Arrival,2026-09-23T00:40:00+00:00,2026-09-22T14:31:49+00:00,2026-09-22T21:58:36+00:00,2.69,True
SWA3312,Arrival,2026-09-23T00:41:00+00:00,2026-09-22T14:31:49+00:00,2026-09-22T21:58:36+00:00,2.71,True
SWA4142,Arrival,2026-09-23T00:48:00+00:00,2026-09-22T14:31:49+00:00,2026-09-22T21:58:36+00:00,2.82,True
SWA3428,Arrival,2026-09-23T00:56:00+00:00,2026-09-22T14:31:49+00:00,2026-09-22T21:58:36+00:00,2.96,True
DAL4926,Arrival,2026-09-23T01:31:00+00:00,2026-09-22T14:31:49+00:00,2026-09-22T21:58:36+00:00,3.54,True
AAL890,Arrival,2026-09-23T01:36:00+00:00,2026-09-22T14:31:49+00:00,2026-09-22T21:58:36+00:00,3.62,True
SWA134,Arrival,2026-09-23T01:54:00+00:00,2026-09-22T19:15:53+00:00,2026-09-22T21:58:36+00:00,3.92,True
DAL2822,Departure,2026-09-22T22:59:00+00:00,2026-09-22T12:51:55+00:00,2026-09-22T22:54:50+00:00,0.07,True
ASA1318,Departure,2026-09-22T23:08:00+00:00,2026-09-22T12:51:55+00:00,2026-09-22T22:54:50+00:00,0.22,True
SWA1160,Departure,2026-09-22T23:40:00+00:00,2026-09-22T12:51:55+00:00,2026-09-22T22:54:50+00:00,0.75,True
SWA1534,Departure,2026-09-22T23:40:00+00:00,2026-09-22T12:51:55+00:00,2026-09-22T22:54:50+00:00,0.75,True
DAL1393,Departure,2026-09-22T23:45:00+00:00,2026-09-22T12:51:55+00:00,2026-09-22T22:54:50+00:00,0.84,True
AAL4727,Departure,2026-09-22T23:45:00+00:00,2026-09-22T12:51:55+00:00,2026-09-22T22:54:50+00:00,0.84,True
UAL4616,Departure,2026-09-22T23:53:00+00:00,2026-09-22T12:51:55+00:00,2026-09-22T22:54:50+00:00,0.97,True
DAL1492,Departure,2026-09-22T23:55:00+00:00,2026-09-22T12:51:55+00:00,2026-09-22T22:54:50+00:00,1.0,True
SWA982,Departure,2026-09-23T00:53:00+00:00,2026-09-22T12:51:55+00:00,2026-09-22T22:54:50+00:00,1.97,True
SWA3955,Departure,2026-09-23T01:45:00+00:00,2026-09-22T14:31:49+00:00,2026-09-22T22:54:50+00:00,2.84,True
SWA2087,Departure,2026-09-23T01:50:00+00:00,2026-09-22T14:31:49+00:00,2026-09-22T22:54:50+00:00,2.92,True
DAL2833,Arrival,2026-09-23T00:33:00+00:00,2026-09-22T14:31:49+00:00,2026-09-22T22:54:50+00:00,1.64,True
ACA8891,Arrival,2026-09-23T00:45:00+00:00,2026-09-22T14:31:49+00:00,2026-09-22T22:54:50+00:00,1.84,True
UAL1422,Arrival,2026-09-23T01:29:00+00:00,2026-09-22T14:31:49+00:00,2026-09-22T22:54:50+00:00,2.57,True
SWA1400,Arrival,2026-09-23T01:45:00+00:00,2026-09-22T14:31:49+00:00,2026-09-22T22:54:50+00:00,2.84,True
SWA4749,Arrival,2026-09-23T01:48:00+00:00,2026-09-22T19:15:53+00:00,2026-09-22T22:54:50+00:00,2.89,True
AAL4728,Arrival,2026-09-23T01:52:00+00:00,2026-09-22T19:15:53+00:00,2026-09-22T22:54:50+00:00,2.95,True
AAL798,Arrival,2026-09-23T02:02:00+00:00,2026-09-22T19:15:53+00:00,2026-09-22T22:54:50+00:00,3.12,True
AAL1594,Arrival,2026-09-23T02:41:00+00:00,2026-09-22T19:15:53+00:00,2026-09-22T22:54:50+00:00,3.77,True
SWA1559,Arrival,2026-09-23T03:14:00+00:00,2026-09-22T19:15:53+00:00,2026-09-22T22:54:50+00:00,4.32,True
SWA1574,Arrival,2026-09-23T03:17:00+00:00,2026-09-22T19:15:53+00:00,2026-09-22T22:54:50+00:00,4.37,True
SWA3895,Departure,2026-09-23T00:48:00+00:00,2026-09-22T12:51:55+00:00,2026-09-23T00:35:29+00:00,0.21,True
SWA2151,Departure,2026-09-23T00:55:00+00:00,2026-09-22T14:31:49+00:00,2026-09-23T00:35:29+00:00,0.33,True
SWA4166,Departure,2026-09-23T01:45:00+00:00,2026-09-22T14:31:49+00:00,2026-09-23T00:35:29+00:00,1.16,True
SWA3821,Departure,2026-09-23T01:45:00+00:00,2026-09-22T14:31:49+00:00,2026-09-23T00:35:29+00:00,1.16,True
SWA3865,Departure,2026-09-23T01:45:00+00:00,2026-09-22T14:31:49+00:00,2026-09-23T00:35:29+00:00,1.16,True
SWA3843,Departure,2026-09-23T01:45:00+00:00,2026-09-22T14:31:49+00:00,2026-09-23T00:35:29+00:00,1.16,True
SWA3878,Departure,2026-09-23T01:47:00+00:00,2026-09-23T00:35:29+00:00,2026-09-23T00:35:29+00:00,1.19,False
SWA3832,Departure,2026-09-23T01:50:00+00:00,2026-09-22T14:31:49+00:00,2026-09-23T00:35:29+00:00,1.24,True
SWA3202,Departure,2026-09-23T01:55:00+00:00,2026-09-22T14:31:49+00:00,2026-09-23T00:35:29+00:00,1.33,True
SWA3850,Departure,2026-09-23T02:00:00+00:00,2026-09-22T14:31:49+00:00,2026-09-23T00:35:29+00:00,1.41,True
SCX3007,Departure,2026-09-23T02:00:00+00:00,2026-09-23T00:35:29+00:00,2026-09-23T00:35:29+00:00,1.41,False
BAW220,Departure,2026-09-23T02:35:00+00:00,2026-09-22T19:15:53+00:00,2026-09-23T00:35:29+00:00,1.99,True
SWA3803,Departure,2026-09-23T02:50:00+00:00,2026-09-22T14:31:49+00:00,2026-09-23T00:35:29+00:00,2.24,True
UPS635,Departure,2026-09-23T03:03:00+00:00,2026-09-23T00:35:29+00:00,2026-09-23T00:35:29+00:00,2.46,False
FDX1309,Departure,2026-09-23T03:33:00+00:00,2026-09-23T00:35:29+00:00,2026-09-23T00:35:29+00:00,2.96,False
SKQ22,Departure,2026-09-23T05:45:00+00:00,2026-09-23T00:35:29+00:00,2026-09-23T00:35:29+00:00,5.16,False
UAL4423,Departure,2026-09-23T11:00:00+00:00,2026-09-23T00:35:29+00:00,2026-09-23T00:35:29+00:00,10.41,False
UAL577,Departure,2026-09-23T12:00:00+00:00,2026-09-23T00:35:29+00:00,2026-09-23T00:35:29+00:00,11.41,False
DAL1541,Arrival,2026-09-23T01:15:00+00:00,2026-09-22T14:31:49+00:00,2026-09-23T00:35:29+00:00,0.66,True
AAL2444,Arrival,2026-09-23T01:25:00+00:00,2026-09-22T14:31:49+00:00,2026-09-23T00:35:29+00:00,0.83,True
SWA4254,Arrival,2026-09-23T02:27:00+00:00,2026-09-22T19:15:53+00:00,2026-09-23T00:35:29+00:00,1.86,True
AAL4680,Arrival,2026-09-23T02:28:00+00:00,2026-09-22T19:15:53+00:00,2026-09-23T00:35:29+00:00,1.88,True
KI124,Arrival,2026-09-23T02:40:00+00:00,2026-09-23T00:35:29+00:00,2026-09-23T00:35:29+00:00,2.08,False
UAL4485,Arrival,2026-09-23T02:49:00+00:00,2026-09-22T19:15:53+00:00,2026-09-23T00:35:29+00:00,2.23,True
SWA416,Arrival,2026-09-23T03:01:00+00:00,2026-09-22T19:15:53+00:00,2026-09-23T00:35:29+00:00,2.43,True
AAL5000,Arrival,2026-09-23T04:08:00+00:00,2026-09-22T19:15:53+00:00,2026-09-23T00:35:29+00:00,3.54,True
SKQ22,Arrival,2026-09-23T04:59:00+00:00,2026-09-23T00:35:29+00:00,2026-09-23T00:35:29+00:00,4.39,False
AAL2497,Departure,2026-09-23T02:45:00+00:00,2026-09-23T02:16:03+00:00,2026-09-23T02:16:03+00:00,0.48,False
UPS633,Departure,2026-09-23T03:32:00+00:00,2026-09-23T02:16:03+00:00,2026-09-23T02:16:03+00:00,1.27,False
KI124,Departure,2026-09-23T03:40:00+00:00,2026-09-23T02:16:03+00:00,2026-09-23T02:16:03+00:00,1.4,False
FDX1608,Departure,2026-09-23T04:05:00+00:00,2026-09-23T02:16:03+00:00,2026-09-23T02:16:03+00:00,1.82,False
LXJ441,Departure,2026-09-23T12:30:00+00:00,2026-09-23T02:16:03+00:00,2026-09-23T02:16:03+00:00,10.23,False
UAL4601,Departure,2026-09-23T13:30:00+00:00,2026-09-23T02:16:03+00:00,2026-09-23T02:16:03+00:00,11.23,False
UAL1032,Arrival,2026-09-23T02:54:00+00:00,2026-09-22T19:15:53+00:00,2026-09-23T02:16:03+00:00,0.63,True
AAL459,Arrival,2026-09-23T03:38:00+00:00,2026-09-22T19:15:53+00:00,2026-09-23T02:16:03+00:00,1.37,True
DAL1609,Arrival,2026-09-23T03:50:00+00:00,2026-09-22T19:15:53+00:00,2026-09-23T02:16:03+00:00,1.57,True
DAL1403,Arrival,2026-09-23T04:17:00+00:00,2026-09-22T19:15:53+00:00,2026-09-23T02:16:03+00:00,2.02,True
AAL1445,Arrival,2026-09-23T04:21:00+00:00,2026-09-22T19:15:53+00:00,2026-09-23T02:16:03+00:00,2.08,True
UAL1637,Arrival,2026-09-23T04:21:00+00:00,2026-09-22T19:15:53+00:00,2026-09-23T02:16:03+00:00,2.08,True
DAL2666,Arrival,2026-09-23T05:08:00+00:00,2026-09-22T19:15:53+00:00,2026-09-23T02:16:03+00:00,2.87,True
SCX3012,Arrival,2026-09-23T05:46:00+00:00,2026-09-23T02:16:03+00:00,2026-09-23T02:16:03+00:00,3.5,False
SCX3096,Arrival,2026-09-23T07:54:00+00:00,2026-09-23T02:16:03+00:00,2026-09-23T02:16:03+00:00,5.63,False
SCX3027,Departure,2026-09-23T11:15:00+00:00,2026-09-23T11:15:28+00:00,2026-09-23T11:15:28+00:00,-0.01,False
UAL4581,Departure,2026-09-23T11:15:00+00:00,2026-09-23T00:35:29+00:00,2026-09-23T11:15:28+00:00,-0.01,True
DAL1597,Departure,2026-09-23T11:15:00+00:00,2026-09-23T00:35:29+00:00,2026-09-23T11:15:28+00:00,-0.01,True
SWA3857,Departure,2026-09-23T11:25:00+00:00,2026-09-23T00:35:29+00:00,2026-09-23T11:15:28+00:00,0.16,True
ASA473,Departure,2026-09-23T11:29:00+00:00,2026-09-23T00:35:29+00:00,2026-09-23T11:15:28+00:00,0.23,True
AAL1308,Departure,2026-09-23T11:30:00+00:00,2026-09-23T00:35:29+00:00,2026-09-23T11:15:28+00:00,0.24,True
SWA3861,Departure,2026-09-23T11:30:00+00:00,2026-09-23T00:35:29+00:00,2026-09-23T11:15:28+00:00,0.24,True
AAL6480,Departure,2026-09-23T11:30:00+00:00,2026-09-23T00:35:29+00:00,2026-09-23T11:15:28+00:00,0.24,True
DAL1626,Departure,2026-09-23T11:40:00+00:00,2026-09-23T00:35:29+00:00,2026-09-23T11:15:28+00:00,0.41,True
AAL1515,Departure,2026-09-23T11:53:00+00:00,2026-09-23T00:35:29+00:00,2026-09-23T11:15:28+00:00,0.63,True
UAL3375,Departure,2026-09-23T12:00:00+00:00,2026-09-23T11:15:28+00:00,2026-09-23T11:15:28+00:00,0.74,False
SWA3826,Departure,2026-09-23T12:00:00+00:00,2026-09-23T00:35:29+00:00,2026-09-23T11:15:28+00:00,0.74,True
AAL537,Departure,2026-09-23T12:00:00+00:00,2026-09-23T00:35:29+00:00,2026-09-23T11:15:28+00:00,0.74,True
SWA4583,Departure,2026-09-23T12:05:00+00:00,2026-09-23T02:16:03+00:00,2026-09-23T11:15:28+00:00,0.83,True
SWA3804,Departure,2026-09-23T12:15:00+00:00,2026-09-23T02:16:03+00:00,2026-09-23T11:15:28+00:00,0.99,True
SWA830,Departure,2026-09-23T12:35:00+00:00,2026-09-23T02:16:03+00:00,2026-09-23T11:15:28+00:00,1.33,True
SWA3812,Departure,2026-09-23T13:00:00+00:00,2026-09-23T02:16:03+00:00,2026-09-23T11:15:28+00:00,1.74,True
KI524,Departure,2026-09-23T13:18:00+00:00,2026-09-23T11:15:28+00:00,2026-09-23T11:15:28+00:00,2.04,False
SWA4522,Departure,2026-09-23T13:25:00+00:00,2026-09-23T02:16:03+00:00,2026-09-23T11:15:28+00:00,2.16,True
UAL502,Departure,2026-09-23T13:35:00+00:00,2026-09-23T02:16:03+00:00,2026-09-23T11:15:28+00:00,2.33,True
UAL4395,Departure,2026-09-23T14:43:00+00:00,2026-09-23T11:15:28+00:00,2026-09-23T11:15:28+00:00,3.46,False
LXJ566,Departure,2026-09-23T15:40:00+00:00,2026-09-23T11:15:28+00:00,2026-09-23T11:15:28+00:00,4.41,False
AAL2818,Departure,2026-09-23T16:01:00+00:00,2026-09-23T11:15:28+00:00,2026-09-23T11:15:28+00:00,4.76,False
SWA3846,Departure,2026-09-23T16:35:00+00:00,2026-09-23T11:15:28+00:00,2026-09-23T11:15:28+00:00,5.33,False
UAL560,Departure,2026-09-23T17:28:00+00:00,2026-09-23T11:15:28+00:00,2026-09-23T11:15:28+00:00,6.21,False
KOW187,Departure,2026-09-23T19:30:00+00:00,2026-09-23T11:15:28+00:00,2026-09-23T11:15:28+00:00,8.24,False
DLH449,Departure,2026-09-23T20:30:00+00:00,2026-09-23T11:15:28+00:00,2026-09-23T11:15:28+00:00,9.24,False
SWA830,Arrival,2026-09-23T11:47:00+00:00,2026-09-23T00:35:29+00:00,2026-09-23T11:15:28+00:00,0.53,True
KI524,Arrival,2026-09-23T12:01:00+00:00,2026-09-23T11:15:28+00:00,2026-09-23T11:15:28+00:00,0.76,False
SWA1482,Arrival,2026-09-23T12:04:00+00:00,2026-09-23T02:16:03+00:00,2026-09-23T11:15:28+00:00,0.81,True
SWA753,Arrival,2026-09-23T12:04:00+00:00,2026-09-23T02:16:03+00:00,2026-09-23T11:15:28+00:00,0.81,True
SWA3357,Arrival,2026-09-23T12:09:00+00:00,2026-09-23T00:35:29+00:00,2026-09-23T11:15:28+00:00,0.89,True
SWA3013,Arrival,2026-09-23T12:18:00+00:00,2026-09-23T02:16:03+00:00,2026-09-23T11:15:28+00:00,1.04,True
SWA4203,Arrival,2026-09-23T12:19:00+00:00,2026-09-23T00:35:29+00:00,2026-09-23T11:15:28+00:00,1.06,True
SWA2656,Arrival,2026-09-23T12:26:00+00:00,2026-09-23T02:16:03+00:00,2026-09-23T11:15:28+00:00,1.18,True
SWA244,Arrival,2026-09-23T12:27:00+00:00,2026-09-23T02:16:03+00:00,2026-09-23T11:15:28+00:00,1.19,True
SWA1096,Arrival,2026-09-23T12:29:00+00:00,2026-09-23T02:16:03+00:00,2026-09-23T11:15:28+00:00,1.23,True
SWA2514,Arrival,2026-09-23T12:32:00+00:00,2026-09-23T02:16:03+00:00,2026-09-23T11:15:28+00:00,1.28,True
SWA3958,Arrival,2026-09-23T12:37:00+00:00,2026-09-23T02:16:03+00:00,2026-09-23T11:15:28+00:00,1.36,True
SWA1646,Arrival,2026-09-23T12:39:00+00:00,2026-09-23T02:16:03+00:00,2026-09-23T11:15:28+00:00,1.39,True
SWA1147,Arrival,2026-09-23T12:44:00+00:00,2026-09-23T02:16:03+00:00,2026-09-23T11:15:28+00:00,1.48,True
SWA478,Arrival,2026-09-23T12:45:00+00:00,2026-09-23T02:16:03+00:00,2026-09-23T11:15:28+00:00,1.49,True
DAL5286,Arrival,2026-09-23T13:00:00+00:00,2026-09-23T02:16:03+00:00,2026-09-23T11:15:28+00:00,1.74,True
AAL3546,Arrival,2026-09-23T13:03:00+00:00,2026-09-23T02:16:03+00:00,2026-09-23T11:15:28+00:00,1.79,True
EJA235,Arrival,2026-09-23T13:26:00+00:00,2026-09-23T11:15:28+00:00,2026-09-23T11:15:28+00:00,2.18,False
AAL4340,Arrival,2026-09-23T13:37:00+00:00,2026-09-23T11:15:28+00:00,2026-09-23T11:15:28+00:00,2.36,False
SWA4495,Arrival,2026-09-23T13:44:00+00:00,2026-09-23T02:16:03+00:00,2026-09-23T11:15:28+00:00,2.48,True
DAL1571,Arrival,2026-09-23T14:00:00+00:00,2026-09-23T11:15:28+00:00,2026-09-23T11:15:28+00:00,2.74,False
SWA2536,Arrival,2026-09-23T14:00:00+00:00,2026-09-23T11:15:28+00:00,2026-09-23T11:15:28+00:00,2.74,False
SWA2907,Arrival,2026-09-23T14:01:00+00:00,2026-09-23T11:15:28+00:00,2026-09-23T11:15:28+00:00,2.76,False
DAL4939,Arrival,2026-09-23T14:04:00+00:00,2026-09-23T02:16:03+00:00,2026-09-23T11:15:28+00:00,2.81,True
SWA391,Arrival,2026-09-23T14:05:00+00:00,2026-09-23T11:15:28+00:00,2026-09-23T11:15:28+00:00,2.83,False
SWA3070,Arrival,2026-09-23T14:07:00+00:00,2026-09-23T11:15:28+00:00,2026-09-23T11:15:28+00:00,2.86,False
SWA2890,Arrival,2026-09-23T14:08:00+00:00,2026-09-23T11:15:28+00:00,2026-09-23T11:15:28+00:00,2.88,False
SWA1430,Arrival,2026-09-23T14:09:00+00:00,2026-09-23T11:15:28+00:00,2026-09-23T11:15:28+00:00,2.89,False
SWA1373,Arrival,2026-09-23T14:19:00+00:00,2026-09-23T11:15:28+00:00,2026-09-23T11:15:28+00:00,3.06,False
SWA998,Arrival,2026-09-23T14:29:00+00:00,2026-09-23T11:15:28+00:00,2026-09-23T11:15:28+00:00,3.23,False
SWA1694,Arrival,2026-09-23T14:29:00+00:00,2026-09-23T11:15:28+00:00,2026-09-23T11:15:28+00:00,3.23,False
SWA2837,Arrival,2026-09-23T14:29:00+00:00,2026-09-23T11:15:28+00:00,2026-09-23T11:15:28+00:00,3.23,False
UAL4427,Arrival,2026-09-23T14:33:00+00:00,2026-09-23T11:15:28+00:00,2026-09-23T11:15:28+00:00,3.29,False
SWA1097,Arrival,2026-09-23T14:44:00+00:00,2026-09-23T11:15:28+00:00,2026-09-23T11:15:28+00:00,3.48,False
SWA2657,Arrival,2026-09-23T14:52:00+00:00,2026-09-23T11:15:28+00:00,2026-09-23T11:15:28+00:00,3.61,False
SWA2019,Arrival,2026-09-23T14:59:00+00:00,2026-09-23T11:15:28+00:00,2026-09-23T11:15:28+00:00,3.73,False
AAL1739,Arrival,2026-09-23T15:21:00+00:00,2026-09-23T11:15:28+00:00,2026-09-23T11:15:28+00:00,4.09,False
SWA3280,Arrival,2026-09-23T15:49:00+00:00,2026-09-23T11:15:28+00:00,2026-09-23T11:15:28+00:00,4.56,False
SWA3877,Arrival,2026-09-23T16:14:00+00:00,2026-09-23T11:15:28+00:00,2026-09-23T11:15:28+00:00,4.98,False
SWA4173,Arrival,2026-09-23T17:19:00+00:00,2026-09-23T11:15:28+00:00,2026-09-23T11:15:28+00:00,6.06,False
SWA2144,Arrival,2026-09-23T17:34:00+00:00,2026-09-23T11:15:28+00:00,2026-09-23T11:15:28+00:00,6.31,False
DLH448,Arrival,2026-09-23T18:25:00+00:00,2026-09-23T11:15:28+00:00,2026-09-23T11:15:28+00:00,7.16,False
DAL2455,Arrival,2026-09-23T18:30:00+00:00,2026-09-23T11:15:28+00:00,2026-09-23T11:15:28+00:00,7.24,False
ASA388,Arrival,2026-09-23T18:50:00+00:00,2026-09-23T11:15:28+00:00,2026-09-23T11:15:28+00:00,7.58,False
UAL4416,Arrival,2026-09-23T22:00:00+00:00,2026-09-23T11:15:28+00:00,2026-09-23T11:15:28+00:00,10.74,False
ASA1318,Arrival,2026-09-23T22:10:00+00:00,2026-09-23T11:15:28+00:00,2026-09-23T11:15:28+00:00,10.91,False
AAL2686,Arrival,2026-09-23T22:22:00+00:00,2026-09-23T11:15:28+00:00,2026-09-23T11:15:28+00:00,11.11,False
DAL1492,Arrival,2026-09-23T22:37:00+00:00,2026-09-23T11:15:28+00:00,2026-09-23T11:15:28+00:00,11.36,False
AAL2574,Departure,2026-09-23T13:00:00+00:00,2026-09-23T02:16:03+00:00,2026-09-23T12:53:53+00:00,0.1,True
DAL2363,Departure,2026-09-23T13:00:00+00:00,2026-09-23T02:16:03+00:00,2026-09-23T12:53:53+00:00,0.1,True
SWA2158,Departure,2026-09-23T13:25:00+00:00,2026-09-23T02:16:03+00:00,2026-09-23T12:53:53+00:00,0.52,True
SWA3870,Departure,2026-09-23T13:25:00+00:00,2026-09-23T02:16:03+00:00,2026-09-23T12:53:53+00:00,0.52,True
SWA4157,Departure,2026-09-23T13:25:00+00:00,2026-09-23T02:16:03+00:00,2026-09-23T12:53:53+00:00,0.52,True
SWA3261,Departure,2026-09-23T13:25:00+00:00,2026-09-23T02:16:03+00:00,2026-09-23T12:53:53+00:00,0.52,True
SWA3886,Departure,2026-09-23T13:25:00+00:00,2026-09-23T02:16:03+00:00,2026-09-23T12:53:53+00:00,0.52,True
SWA3399,Departure,2026-09-23T13:25:00+00:00,2026-09-23T02:16:03+00:00,2026-09-23T12:53:53+00:00,0.52,True
SWA1930,Departure,2026-09-23T13:25:00+00:00,2026-09-23T02:16:03+00:00,2026-09-23T12:53:53+00:00,0.52,True
SWA383,Departure,2026-09-23T13:30:00+00:00,2026-09-23T12:53:53+00:00,2026-09-23T12:53:53+00:00,0.6,False
SWA4500,Departure,2026-09-23T13:30:00+00:00,2026-09-23T12:53:53+00:00,2026-09-23T12:53:53+00:00,0.6,False
AAL1959,Departure,2026-09-23T13:30:00+00:00,2026-09-23T02:16:03+00:00,2026-09-23T12:53:53+00:00,0.6,True
SWA4584,Departure,2026-09-23T13:35:00+00:00,2026-09-23T02:16:03+00:00,2026-09-23T12:53:53+00:00,0.69,True
SWA3827,Departure,2026-09-23T13:35:00+00:00,2026-09-23T02:16:03+00:00,2026-09-23T12:53:53+00:00,0.69,True
SWA3892,Departure,2026-09-23T13:35:00+00:00,2026-09-23T02:16:03+00:00,2026-09-23T12:53:53+00:00,0.69,True
SWA4498,Departure,2026-09-23T13:40:00+00:00,2026-09-23T02:16:03+00:00,2026-09-23T12:53:53+00:00,0.77,True
SWA4419,Departure,2026-09-23T13:40:00+00:00,2026-09-23T02:16:03+00:00,2026-09-23T12:53:53+00:00,0.77,True
SWA3893,Departure,2026-09-23T14:35:00+00:00,2026-09-23T11:15:28+00:00,2026-09-23T12:53:53+00:00,1.69,True
SWA3847,Departure,2026-09-23T14:45:00+00:00,2026-09-23T11:15:28+00:00,2026-09-23T12:53:53+00:00,1.85,True
AAL3333,Arrival,2026-09-23T13:52:00+00:00,2026-09-23T11:15:28+00:00,2026-09-23T12:53:53+00:00,0.97,True
DAL2868,Arrival,2026-09-23T13:58:00+00:00,2026-09-23T11:15:28+00:00,2026-09-23T12:53:53+00:00,1.07,True
AAL2497,Arrival,2026-09-23T14:33:00+00:00,2026-09-23T11:15:28+00:00,2026-09-23T12:53:53+00:00,1.65,True
UAL5582,Arrival,2026-09-23T15:04:00+00:00,2026-09-23T11:15:28+00:00,2026-09-23T12:53:53+00:00,2.17,True
UAL4613,Arrival,2026-09-23T15:06:00+00:00,2026-09-23T11:15:28+00:00,2026-09-23T12:53:53+00:00,2.2,True
AAL4436,Arrival,2026-09-23T15:06:00+00:00,2026-09-23T11:15:28+00:00,2026-09-23T12:53:53+00:00,2.2,True
FFT3108,Arrival,2026-09-23T16:16:00+00:00,2026-09-23T11:15:28+00:00,2026-09-23T12:53:53+00:00,3.37,True
ASA672,Arrival,2026-09-23T23:13:00+00:00,2026-09-23T12:53:53+00:00,2026-09-23T12:53:53+00:00,10.32,False
DAL1571,Departure,2026-09-23T15:05:00+00:00,2026-09-23T11:15:28+00:00,2026-09-23T14:33:19+00:00,0.53,True
AAL3333,Departure,2026-09-23T15:14:00+00:00,2026-09-23T11:15:28+00:00,2026-09-23T14:33:19+00:00,0.68,True
SWA2151,Departure,2026-09-24T00:55:00+00:00,2026-09-23T14:33:19+00:00,2026-09-23T14:33:19+00:00,10.36,False
AAL2818,Arrival,2026-09-23T15:10:00+00:00,2026-09-23T11:15:28+00:00,2026-09-23T14:33:19+00:00,0.61,True
SWA4699,Arrival,2026-09-23T15:49:00+00:00,2026-09-23T11:15:28+00:00,2026-09-23T14:33:19+00:00,1.26,True
UAL2042,Arrival,2026-09-23T16:10:00+00:00,2026-09-23T11:15:28+00:00,2026-09-23T14:33:19+00:00,1.61,True
DAL4922,Arrival,2026-09-23T16:38:00+00:00,2026-09-23T11:15:28+00:00,2026-09-23T14:33:19+00:00,2.08,True
SWA999,Arrival,2026-09-24T00:45:00+00:00,2026-09-23T14:33:19+00:00,2026-09-23T14:33:19+00:00,10.19,False
UAL4518,Arrival,2026-09-24T00:54:00+00:00,2026-09-23T14:33:19+00:00,2026-09-23T14:33:19+00:00,10.34,False
SWA1400,Arrival,2026-09-24T01:39:00+00:00,2026-09-23T14:33:19+00:00,2026-09-23T14:33:19+00:00,11.09,False
SWA3833,Departure,2026-09-23T16:10:00+00:00,2026-09-23T11:15:28+00:00,2026-09-23T16:17:14+00:00,-0.12,True
DAL1289,Departure,2026-09-23T16:21:00+00:00,2026-09-23T11:15:28+00:00,2026-09-23T16:17:14+00:00,0.06,True
DAL1400,Departure,2026-09-23T17:00:00+00:00,2026-09-23T11:15:28+00:00,2026-09-23T16:17:14+00:00,0.71,True
AAL1739,Departure,2026-09-23T18:25:00+00:00,2026-09-23T11:15:28+00:00,2026-09-23T16:17:14+00:00,2.13,True
SWA1007,Departure,2026-09-23T20:15:00+00:00,2026-09-23T11:15:28+00:00,2026-09-23T16:17:14+00:00,3.96,True
SWA2035,Arrival,2026-09-23T16:34:00+00:00,2026-09-23T11:15:28+00:00,2026-09-23T16:17:14+00:00,0.28,True
UAL775,Arrival,2026-09-23T16:51:00+00:00,2026-09-23T11:15:28+00:00,2026-09-23T16:17:14+00:00,0.56,True
SWA1906,Arrival,2026-09-23T17:10:00+00:00,2026-09-23T11:15:28+00:00,2026-09-23T16:17:14+00:00,0.88,True
UAL652,Arrival,2026-09-23T17:34:00+00:00,2026-09-23T11:15:28+00:00,2026-09-23T16:17:14+00:00,1.28,True
SWA2110,Arrival,2026-09-23T17:40:00+00:00,2026-09-23T11:15:28+00:00,2026-09-23T16:17:14+00:00,1.38,True
SWA3281,Arrival,2026-09-23T18:09:00+00:00,2026-09-23T11:15:28+00:00,2026-09-23T16:17:14+00:00,1.86,True
SWA2977,Arrival,2026-09-23T18:24:00+00:00,2026-09-23T11:15:28+00:00,2026-09-23T16:17:14+00:00,2.11,True
UAL488,Arrival,2026-09-23T23:33:00+00:00,2026-09-23T12:53:53+00:00,2026-09-23T16:17:14+00:00,7.26,True
SWA1559,Arrival,2026-09-24T03:44:00+00:00,2026-09-23T16:17:14+00:00,2026-09-23T16:17:14+00:00,11.45,False
AAL4074,Departure,2026-09-23T17:46:00+00:00,2026-09-23T11:15:28+00:00,2026-09-23T17:43:04+00:00,0.05,True
DAL4922,Departure,2026-09-23T18:01:00+00:00,2026-09-23T11:15:28+00:00,2026-09-23T17:43:04+00:00,0.3,True
DAL1371,Departure,2026-09-23T18:55:00+00:00,2026-09-23T11:15:28+00:00,2026-09-23T17:43:04+00:00,1.2,True
AAL4074,Arrival,2026-09-23T17:29:00+00:00,2026-09-23T11:15:28+00:00,2026-09-23T17:43:04+00:00,-0.23,True
LXJ319,Arrival,2026-09-23T17:38:00+00:00,2026-09-23T17:43:04+00:00,2026-09-23T17:43:04+00:00,-0.08,False
AAL3096,Arrival,2026-09-23T17:54:00+00:00,2026-09-23T11:15:28+00:00,2026-09-23T17:43:04+00:00,0.18,True
SWA2353,Arrival,2026-09-23T17:55:00+00:00,2026-09-23T11:15:28+00:00,2026-09-23T17:43:04+00:00,0.2,True
DAL1371,Arrival,2026-09-23T18:06:00+00:00,2026-09-23T11:15:28+00:00,2026-09-23T17:43:04+00:00,0.38,True
AAL6355,Arrival,2026-09-23T18:08:00+00:00,2026-09-23T11:15:28+00:00,2026-09-23T17:43:04+00:00,0.42,True
SWA1678,Arrival,2026-09-23T18:09:00+00:00,2026-09-23T11:15:28+00:00,2026-09-23T17:43:04+00:00,0.43,True
FFT4473,Arrival,2026-09-23T18:10:00+00:00,2026-09-23T11:15:28+00:00,2026-09-23T17:43:04+00:00,0.45,True
FDY444,Arrival,2026-09-23T18:21:00+00:00,2026-09-23T11:15:28+00:00,2026-09-23T17:43:04+00:00,0.63,True
DAL566,Arrival,2026-09-23T18:23:00+00:00,2026-09-23T11:15:28+00:00,2026-09-23T17:43:04+00:00,0.67,True
AAL2660,Arrival,2026-09-23T18:36:00+00:00,2026-09-23T11:15:28+00:00,2026-09-23T17:43:04+00:00,0.88,True
SWA1168,Arrival,2026-09-23T18:39:00+00:00,2026-09-23T11:15:28+00:00,2026-09-23T17:43:04+00:00,0.93,True
ACA8889,Arrival,2026-09-23T19:00:00+00:00,2026-09-23T11:15:28+00:00,2026-09-23T17:43:04+00:00,1.28,True
SWA2659,Arrival,2026-09-23T19:10:00+00:00,2026-09-23T11:15:28+00:00,2026-09-23T17:43:04+00:00,1.45,True
SWA1695,Arrival,2026-09-23T19:14:00+00:00,2026-09-23T11:15:28+00:00,2026-09-23T17:43:04+00:00,1.52,True
SWA2550,Arrival,2026-09-23T19:55:00+00:00,2026-09-23T11:15:28+00:00,2026-09-23T17:43:04+00:00,2.2,True
SWA2317,Arrival,2026-09-23T19:59:00+00:00,2026-09-23T11:15:28+00:00,2026-09-23T17:43:04+00:00,2.27,True
DAL1609,Arrival,2026-09-24T04:16:00+00:00,2026-09-23T17:43:04+00:00,2026-09-23T17:43:04+00:00,10.55,False
AAL1445,Arrival,2026-09-24T04:43:00+00:00,2026-09-23T17:43:04+00:00,2026-09-23T17:43:04+00:00,11.0,False
SWA2704,Departure,2026-09-23T19:15:00+00:00,2026-09-23T11:15:28+00:00,2026-09-23T19:29:41+00:00,-0.24,True
SWA3894,Departure,2026-09-23T19:17:00+00:00,2026-09-23T11:15:28+00:00,2026-09-23T19:29:41+00:00,-0.21,True
DAL2455,Departure,2026-09-23T19:25:00+00:00,2026-09-23T11:15:28+00:00,2026-09-23T19:29:41+00:00,-0.08,True
AAL2660,Departure,2026-09-23T19:30:00+00:00,2026-09-23T11:15:28+00:00,2026-09-23T19:29:41+00:00,0.01,True
SWA3806,Departure,2026-09-23T19:45:00+00:00,2026-09-23T11:15:28+00:00,2026-09-23T19:29:41+00:00,0.26,True
SWA2456,Arrival,2026-09-23T19:21:00+00:00,2026-09-23T11:15:28+00:00,2026-09-23T19:29:41+00:00,-0.14,True
AAL1363,Arrival,2026-09-23T19:28:00+00:00,2026-09-23T11:15:28+00:00,2026-09-23T19:29:41+00:00,-0.03,True
SWA1098,Arrival,2026-09-23T19:50:00+00:00,2026-09-23T11:15:28+00:00,2026-09-23T19:29:41+00:00,0.34,True
DAL3811,Arrival,2026-09-23T20:12:00+00:00,2026-09-23T11:15:28+00:00,2026-09-23T19:29:41+00:00,0.71,True
DAL4905,Arrival,2026-09-23T20:31:00+00:00,2026-09-23T11:15:28+00:00,2026-09-23T19:29:41+00:00,1.02,True
AAL4449,Arrival,2026-09-23T20:48:00+00:00,2026-09-23T11:15:28+00:00,2026-09-23T19:29:41+00:00,1.31,True
SWA2788,Arrival,2026-09-23T20:49:00+00:00,2026-09-23T11:15:28+00:00,2026-09-23T19:29:41+00:00,1.32,True
DAL543,Arrival,2026-09-23T20:54:00+00:00,2026-09-23T11:15:28+00:00,2026-09-23T19:29:41+00:00,1.41,True
AAL3954,Arrival,2026-09-23T21:07:00+00:00,2026-09-23T11:15:28+00:00,2026-09-23T19:29:41+00:00,1.62,True
UAL3717,Arrival,2026-09-23T21:07:00+00:00,2026-09-23T11:15:28+00:00,2026-09-23T19:29:41+00:00,1.62,True
SWA986,Arrival,2026-09-23T21:19:00+00:00,2026-09-23T11:15:28+00:00,2026-09-23T19:29:41+00:00,1.82,True
SWA2359,Arrival,2026-09-23T21:19:00+00:00,2026-09-23T11:15:28+00:00,2026-09-23T19:29:41+00:00,1.82,True
SWA1149,Arrival,2026-09-23T21:44:00+00:00,2026-09-23T11:15:28+00:00,2026-09-23T19:29:41+00:00,2.24,True
SWA3564,Arrival,2026-09-23T22:34:00+00:00,2026-09-23T11:15:28+00:00,2026-09-23T19:29:41+00:00,3.07,True
DAL2666,Arrival,2026-09-24T05:44:00+00:00,2026-09-23T19:29:41+00:00,2026-09-23T19:29:41+00:00,10.24,False
AAL4449,Departure,2026-09-23T21:37:00+00:00,2026-09-23T11:15:28+00:00,2026-09-23T21:09:14+00:00,0.46,True
DAL4905,Departure,2026-09-23T22:30:00+00:00,2026-09-23T11:15:28+00:00,2026-09-23T21:09:14+00:00,1.35,True
SWA1761,Arrival,2026-09-23T20:59:00+00:00,2026-09-23T11:15:28+00:00,2026-09-23T21:09:14+00:00,-0.17,True
SWA3807,Arrival,2026-09-23T21:10:00+00:00,2026-09-23T11:15:28+00:00,2026-09-23T21:09:14+00:00,0.01,True
AAL3066,Arrival,2026-09-23T21:19:00+00:00,2026-09-23T11:15:28+00:00,2026-09-23T21:09:14+00:00,0.16,True
SWA422,Arrival,2026-09-23T21:19:00+00:00,2026-09-23T11:15:28+00:00,2026-09-23T21:09:14+00:00,0.16,True
UAL1639,Arrival,2026-09-23T21:29:00+00:00,2026-09-23T11:15:28+00:00,2026-09-23T21:09:14+00:00,0.33,True
SWA1310,Arrival,2026-09-23T21:39:00+00:00,2026-09-23T11:15:28+00:00,2026-09-23T21:09:14+00:00,0.5,True
AAL3944,Arrival,2026-09-23T21:40:00+00:00,2026-09-23T11:15:28+00:00,2026-09-23T21:09:14+00:00,0.51,True
DAL1224,Arrival,2026-09-23T21:47:00+00:00,2026-09-23T11:15:28+00:00,2026-09-23T21:09:14+00:00,0.63,True
SWA4432,Arrival,2026-09-23T21:59:00+00:00,2026-09-23T11:15:28+00:00,2026-09-23T21:09:14+00:00,0.83,True
AAL4727,Arrival,2026-09-23T22:24:00+00:00,2026-09-23T11:15:28+00:00,2026-09-23T21:09:14+00:00,1.25,True
SWA3509,Arrival,2026-09-23T22:34:00+00:00,2026-09-23T11:15:28+00:00,2026-09-23T21:09:14+00:00,1.41,True
SWA3144,Arrival,2026-09-23T22:35:00+00:00,2026-09-23T11:15:28+00:00,2026-09-23T21:09:14+00:00,1.43,True
SWA556,Arrival,2026-09-23T22:44:00+00:00,2026-09-23T11:15:28+00:00,2026-09-23T21:09:14+00:00,1.58,True
SWA3471,Arrival,2026-09-23T22:49:00+00:00,2026-09-23T12:53:53+00:00,2026-09-23T21:09:14+00:00,1.66,True
SWA3755,Arrival,2026-09-23T22:50:00+00:00,2026-09-23T12:53:53+00:00,2026-09-23T21:09:14+00:00,1.68,True
BAW221,Arrival,2026-09-24T00:30:00+00:00,2026-09-23T14:33:19+00:00,2026-09-23T21:09:14+00:00,3.35,True
DAL1224,Departure,2026-09-23T22:47:00+00:00,2026-09-23T12:53:53+00:00,2026-09-23T22:41:57+00:00,0.08,True
DAL2822,Departure,2026-09-23T22:59:00+00:00,2026-09-23T12:53:53+00:00,2026-09-23T22:41:57+00:00,0.28,True
AAL4727,Departure,2026-09-23T23:00:00+00:00,2026-09-23T12:53:53+00:00,2026-09-23T22:41:57+00:00,0.3,True
ASA1318,Departure,2026-09-23T23:08:00+00:00,2026-09-23T12:53:53+00:00,2026-09-23T22:41:57+00:00,0.43,True
DAL1492,Departure,2026-09-23T23:55:00+00:00,2026-09-23T12:53:53+00:00,2026-09-23T22:41:57+00:00,1.22,True
UAL5548,Departure,2026-09-24T10:10:00+00:00,2026-09-23T22:41:57+00:00,2026-09-23T22:41:57+00:00,11.47,False
SWA2891,Arrival,2026-09-23T22:27:00+00:00,2026-09-23T12:53:53+00:00,2026-09-23T22:41:57+00:00,-0.25,True
DAL1393,Arrival,2026-09-23T22:40:00+00:00,2026-09-23T11:15:28+00:00,2026-09-23T22:41:57+00:00,-0.03,True
SWA776,Arrival,2026-09-23T22:44:00+00:00,2026-09-23T11:15:28+00:00,2026-09-23T22:41:57+00:00,0.03,True
SWA1772,Arrival,2026-09-23T22:49:00+00:00,2026-09-23T12:53:53+00:00,2026-09-23T22:41:57+00:00,0.12,True
SWA1375,Arrival,2026-09-23T22:49:00+00:00,2026-09-23T12:53:53+00:00,2026-09-23T22:41:57+00:00,0.12,True
SWA2022,Arrival,2026-09-23T22:49:00+00:00,2026-09-23T12:53:53+00:00,2026-09-23T22:41:57+00:00,0.12,True
SWA2538,Arrival,2026-09-23T22:50:00+00:00,2026-09-23T12:53:53+00:00,2026-09-23T22:41:57+00:00,0.13,True
SWA2168,Arrival,2026-09-23T22:55:00+00:00,2026-09-23T12:53:53+00:00,2026-09-23T22:41:57+00:00,0.22,True
SWA2908,Arrival,2026-09-23T22:55:00+00:00,2026-09-23T12:53:53+00:00,2026-09-23T22:41:57+00:00,0.22,True
AAL2761,Arrival,2026-09-23T23:04:00+00:00,2026-09-23T12:53:53+00:00,2026-09-23T22:41:57+00:00,0.37,True
SWA3282,Arrival,2026-09-23T23:14:00+00:00,2026-09-23T12:53:53+00:00,2026-09-23T22:41:57+00:00,0.53,True
SWA241,Arrival,2026-09-23T23:39:00+00:00,2026-09-23T12:53:53+00:00,2026-09-23T22:41:57+00:00,0.95,True
ACA8687,Arrival,2026-09-23T23:41:00+00:00,2026-09-23T12:53:53+00:00,2026-09-23T22:41:57+00:00,0.98,True
SWA1740,Arrival,2026-09-24T00:29:00+00:00,2026-09-23T14:33:19+00:00,2026-09-23T22:41:57+00:00,1.78,True
UAL3527,Arrival,2026-09-24T00:37:00+00:00,2026-09-23T14:33:19+00:00,2026-09-23T22:41:57+00:00,1.92,True
SWA2905,Arrival,2026-09-24T00:49:00+00:00,2026-09-23T14:33:19+00:00,2026-09-23T22:41:57+00:00,2.12,True
SWA3393,Arrival,2026-09-24T00:50:00+00:00,2026-09-23T14:33:19+00:00,2026-09-23T22:41:57+00:00,2.13,True
DAL4926,Arrival,2026-09-24T00:57:00+00:00,2026-09-23T14:33:19+00:00,2026-09-23T22:41:57+00:00,2.25,True
SWA1656,Arrival,2026-09-24T00:44:00+00:00,2026-09-23T14:33:19+00:00,2026-09-24T00:37:42+00:00,0.1,True
SWA2697,Arrival,2026-09-24T00:49:00+00:00,2026-09-23T14:33:19+00:00,2026-09-24T00:37:42+00:00,0.19,True
SWA4166,Arrival,2026-09-24T00:54:00+00:00,2026-09-23T14:33:19+00:00,2026-09-24T00:37:42+00:00,0.27,True
SWA3428,Arrival,2026-09-24T00:54:00+00:00,2026-09-23T14:33:19+00:00,2026-09-24T00:37:42+00:00,0.27,True
SWA4142,Arrival,2026-09-24T00:54:00+00:00,2026-09-23T14:33:19+00:00,2026-09-24T00:37:42+00:00,0.27,True
SWA183,Arrival,2026-09-24T00:55:00+00:00,2026-09-23T14:33:19+00:00,2026-09-24T00:37:42+00:00,0.29,True
DAL2833,Arrival,2026-09-24T00:58:00+00:00,2026-09-23T14:33:19+00:00,2026-09-24T00:37:42+00:00,0.34,True
SWA4407,Arrival,2026-09-24T00:59:00+00:00,2026-09-23T14:33:19+00:00,2026-09-24T00:37:42+00:00,0.35,True
SWA2218,Arrival,2026-09-24T01:00:00+00:00,2026-09-23T14:33:19+00:00,2026-09-24T00:37:42+00:00,0.37,True
SWA3312,Arrival,2026-09-24T01:00:00+00:00,2026-09-23T14:33:19+00:00,2026-09-24T00:37:42+00:00,0.37,True
SWA1485,Arrival,2026-09-24T01:00:00+00:00,2026-09-23T14:33:19+00:00,2026-09-24T00:37:42+00:00,0.37,True
SWA3051,Arrival,2026-09-24T01:05:00+00:00,2026-09-23T14:33:19+00:00,2026-09-24T00:37:42+00:00,0.45,True
ACA8891,Arrival,2026-09-24T01:20:00+00:00,2026-09-23T14:33:19+00:00,2026-09-24T00:37:42+00:00,0.7,True
UAL1422,Arrival,2026-09-24T01:33:00+00:00,2026-09-23T14:33:19+00:00,2026-09-24T00:37:42+00:00,0.92,True
DAL1541,Arrival,2026-09-24T01:35:00+00:00,2026-09-23T14:33:19+00:00,2026-09-24T00:37:42+00:00,0.95,True
AAL890,Arrival,2026-09-24T01:43:00+00:00,2026-09-23T14:33:19+00:00,2026-09-24T00:37:42+00:00,1.09,True
AAL4728,Arrival,2026-09-24T02:08:00+00:00,2026-09-23T16:17:14+00:00,2026-09-24T00:37:42+00:00,1.5,True
SWA237,Arrival,2026-09-24T02:09:00+00:00,2026-09-23T16:17:14+00:00,2026-09-24T00:37:42+00:00,1.52,True
SWA4749,Arrival,2026-09-24T02:15:00+00:00,2026-09-23T16:17:14+00:00,2026-09-24T00:37:42+00:00,1.62,True
AAL4680,Arrival,2026-09-24T02:15:00+00:00,2026-09-23T16:17:14+00:00,2026-09-24T00:37:42+00:00,1.62,True
AAL798,Arrival,2026-09-24T02:36:00+00:00,2026-09-23T16:17:14+00:00,2026-09-24T00:37:42+00:00,1.97,True
AAL1594,Arrival,2026-09-24T02:40:00+00:00,2026-09-23T16:17:14+00:00,2026-09-24T00:37:42+00:00,2.04,True
SWA3202,Departure,2026-09-24T01:55:00+00:00,2026-09-23T14:33:19+00:00,2026-09-24T02:08:57+00:00,-0.23,True
SWA3850,Departure,2026-09-24T02:00:00+00:00,2026-09-23T14:33:19+00:00,2026-09-24T02:08:57+00:00,-0.15,True
SWA1173,Departure,2026-09-24T12:30:00+00:00,2026-09-24T02:08:57+00:00,2026-09-24T02:08:57+00:00,10.35,False
UAL1032,Arrival,2026-09-24T02:33:00+00:00,2026-09-23T16:17:14+00:00,2026-09-24T02:08:57+00:00,0.4,True
SWA4254,Arrival,2026-09-24T02:39:00+00:00,2026-09-23T16:17:14+00:00,2026-09-24T02:08:57+00:00,0.5,True
SWA1574,Arrival,2026-09-24T03:34:00+00:00,2026-09-23T16:17:14+00:00,2026-09-24T02:08:57+00:00,1.42,True
AAL5000,Arrival,2026-09-24T04:21:00+00:00,2026-09-23T17:43:04+00:00,2026-09-24T02:08:57+00:00,2.2,True
SWA3838,Departure,2026-09-24T11:04:00+00:00,2026-09-24T00:37:42+00:00,2026-09-24T11:15:33+00:00,-0.19,True
SWA2052,Departure,2026-09-24T11:05:00+00:00,2026-09-24T00:37:42+00:00,2026-09-24T11:15:33+00:00,-0.18,True
AAL4450,Departure,2026-09-24T11:05:00+00:00,2026-09-24T00:37:42+00:00,2026-09-24T11:15:33+00:00,-0.18,True
DAL1524,Departure,2026-09-24T11:06:00+00:00,2026-09-24T00:37:42+00:00,2026-09-24T11:15:33+00:00,-0.16,True
SWA3845,Departure,2026-09-24T11:08:00+00:00,2026-09-24T00:37:42+00:00,2026-09-24T11:15:33+00:00,-0.13,True
SWA4593,Departure,2026-09-24T11:09:00+00:00,2026-09-24T00:37:42+00:00,2026-09-24T11:15:33+00:00,-0.11,True
SWA3884,Departure,2026-09-24T11:10:00+00:00,2026-09-24T00:37:42+00:00,2026-09-24T11:15:33+00:00,-0.09,True
SCX3027,Departure,2026-09-24T11:11:00+00:00,2026-09-24T11:15:33+00:00,2026-09-24T11:15:33+00:00,-0.08,False
UAL4423,Departure,2026-09-24T11:12:00+00:00,2026-09-24T00:37:42+00:00,2026-09-24T11:15:33+00:00,-0.06,True
SWA3811,Departure,2026-09-24T11:14:00+00:00,2026-09-24T00:37:42+00:00,2026-09-24T11:15:33+00:00,-0.03,True
DAL1597,Departure,2026-09-24T11:15:00+00:00,2026-09-24T00:37:42+00:00,2026-09-24T11:15:33+00:00,-0.01,True
UAL1371,Departure,2026-09-24T11:15:00+00:00,2026-09-24T00:37:42+00:00,2026-09-24T11:15:33+00:00,-0.01,True
SWA3085,Departure,2026-09-24T11:25:00+00:00,2026-09-24T00:37:42+00:00,2026-09-24T11:15:33+00:00,0.16,True
SWA3826,Departure,2026-09-24T11:25:00+00:00,2026-09-24T00:37:42+00:00,2026-09-24T11:15:33+00:00,0.16,True
ASA473,Departure,2026-09-24T11:29:00+00:00,2026-09-24T00:37:42+00:00,2026-09-24T11:15:33+00:00,0.22,True
AAL1308,Departure,2026-09-24T11:30:00+00:00,2026-09-24T00:37:42+00:00,2026-09-24T11:15:33+00:00,0.24,True
DAL1626,Departure,2026-09-24T11:40:00+00:00,2026-09-24T00:37:42+00:00,2026-09-24T11:15:33+00:00,0.41,True
AAL1515,Departure,2026-09-24T11:53:00+00:00,2026-09-24T00:37:42+00:00,2026-09-24T11:15:33+00:00,0.62,True
SWA299,Departure,2026-09-24T11:55:00+00:00,2026-09-24T00:37:42+00:00,2026-09-24T11:15:33+00:00,0.66,True
AAL537,Departure,2026-09-24T12:00:00+00:00,2026-09-24T00:37:42+00:00,2026-09-24T11:15:33+00:00,0.74,True
SWA4061,Departure,2026-09-24T12:00:00+00:00,2026-09-24T00:37:42+00:00,2026-09-24T11:15:33+00:00,0.74,True
AAL1997,Departure,2026-09-24T12:27:00+00:00,2026-09-24T02:08:57+00:00,2026-09-24T11:15:33+00:00,1.19,True
SWA3804,Departure,2026-09-24T13:00:00+00:00,2026-09-24T02:08:57+00:00,2026-09-24T11:15:33+00:00,1.74,True
SWA216,Departure,2026-09-24T13:00:00+00:00,2026-09-24T02:08:57+00:00,2026-09-24T11:15:33+00:00,1.74,True
KI524,Departure,2026-09-24T13:18:00+00:00,2026-09-24T11:15:33+00:00,2026-09-24T11:15:33+00:00,2.04,False
EJA816,Departure,2026-09-24T13:24:00+00:00,2026-09-24T11:15:33+00:00,2026-09-24T11:15:33+00:00,2.14,False
SWA3892,Departure,2026-09-24T13:25:00+00:00,2026-09-24T02:08:57+00:00,2026-09-24T11:15:33+00:00,2.16,True
SWA4157,Departure,2026-09-24T13:25:00+00:00,2026-09-24T02:08:57+00:00,2026-09-24T11:15:33+00:00,2.16,True
SWA1809,Departure,2026-09-24T13:30:00+00:00,2026-09-24T11:15:33+00:00,2026-09-24T11:15:33+00:00,2.24,False
KOW187,Departure,2026-09-24T13:30:00+00:00,2026-09-24T11:15:33+00:00,2026-09-24T11:15:33+00:00,2.24,False
JTL163,Departure,2026-09-24T14:30:00+00:00,2026-09-24T11:15:33+00:00,2026-09-24T11:15:33+00:00,3.24,False
LXJ446,Departure,2026-09-24T14:35:00+00:00,2026-09-24T11:15:33+00:00,2026-09-24T11:15:33+00:00,3.32,False
SWA3894,Departure,2026-09-24T15:10:00+00:00,2026-09-24T11:15:33+00:00,2026-09-24T11:15:33+00:00,3.91,False
SWA3703,Departure,2026-09-24T15:10:00+00:00,2026-09-24T11:15:33+00:00,2026-09-24T11:15:33+00:00,3.91,False
SWA3713,Departure,2026-09-24T15:55:00+00:00,2026-09-24T11:15:33+00:00,2026-09-24T11:15:33+00:00,4.66,False
TC747,Departure,2026-09-24T16:30:00+00:00,2026-09-24T11:15:33+00:00,2026-09-24T11:15:33+00:00,5.24,False
UAL4395,Departure,2026-09-24T16:35:00+00:00,2026-09-24T11:15:33+00:00,2026-09-24T11:15:33+00:00,5.32,False
UAL560,Departure,2026-09-24T17:20:00+00:00,2026-09-24T11:15:33+00:00,2026-09-24T11:15:33+00:00,6.07,False
UAL1920,Departure,2026-09-24T18:29:00+00:00,2026-09-24T11:15:33+00:00,2026-09-24T11:15:33+00:00,7.22,False
SWA4968,Arrival,2026-09-24T11:41:00+00:00,2026-09-24T00:37:42+00:00,2026-09-24T11:15:33+00:00,0.42,True
SWA3357,Arrival,2026-09-24T11:51:00+00:00,2026-09-24T00:37:42+00:00,2026-09-24T11:15:33+00:00,0.59,True
KI524,Arrival,2026-09-24T12:00:00+00:00,2026-09-24T11:15:33+00:00,2026-09-24T11:15:33+00:00,0.74,False
SWA2433,Arrival,2026-09-24T12:14:00+00:00,2026-09-24T02:08:57+00:00,2026-09-24T11:15:33+00:00,0.97,True
SWA2164,Arrival,2026-09-24T12:18:00+00:00,2026-09-24T02:08:57+00:00,2026-09-24T11:15:33+00:00,1.04,True
SWA1096,Arrival,2026-09-24T12:26:00+00:00,2026-09-24T02:08:57+00:00,2026-09-24T11:15:33+00:00,1.17,True
SWA244,Arrival,2026-09-24T12:26:00+00:00,2026-09-24T02:08:57+00:00,2026-09-24T11:15:33+00:00,1.17,True
SWA3311,Arrival,2026-09-24T12:27:00+00:00,2026-09-24T02:08:57+00:00,2026-09-24T11:15:33+00:00,1.19,True
SWA3665,Arrival,2026-09-24T12:27:00+00:00,2026-09-24T02:08:57+00:00,2026-09-24T11:15:33+00:00,1.19,True
SWA2514,Arrival,2026-09-24T12:33:00+00:00,2026-09-24T02:08:57+00:00,2026-09-24T11:15:33+00:00,1.29,True
SWA1373,Arrival,2026-09-24T12:34:00+00:00,2026-09-24T02:08:57+00:00,2026-09-24T11:15:33+00:00,1.31,True
SWA2648,Arrival,2026-09-24T12:34:00+00:00,2026-09-24T02:08:57+00:00,2026-09-24T11:15:33+00:00,1.31,True
SWA1785,Arrival,2026-09-24T12:39:00+00:00,2026-09-24T02:08:57+00:00,2026-09-24T11:15:33+00:00,1.39,True
SWA2151,Arrival,2026-09-24T12:41:00+00:00,2026-09-24T02:08:57+00:00,2026-09-24T11:15:33+00:00,1.42,True
SWA2656,Arrival,2026-09-24T12:41:00+00:00,2026-09-24T02:08:57+00:00,2026-09-24T11:15:33+00:00,1.42,True
SWA1147,Arrival,2026-09-24T12:44:00+00:00,2026-09-24T02:08:57+00:00,2026-09-24T11:15:33+00:00,1.47,True
SWA855,Arrival,2026-09-24T12:49:00+00:00,2026-09-24T02:08:57+00:00,2026-09-24T11:15:33+00:00,1.56,True
DAL4939,Arrival,2026-09-24T13:01:00+00:00,2026-09-24T02:08:57+00:00,2026-09-24T11:15:33+00:00,1.76,True
DAL5286,Arrival,2026-09-24T13:04:00+00:00,2026-09-24T11:15:33+00:00,2026-09-24T11:15:33+00:00,1.81,False
AAL4340,Arrival,2026-09-24T13:37:00+00:00,2026-09-24T11:15:33+00:00,2026-09-24T11:15:33+00:00,2.36,False
UAL3689,Arrival,2026-09-24T13:41:00+00:00,2026-09-24T11:15:33+00:00,2026-09-24T11:15:33+00:00,2.42,False
SWA2955,Arrival,2026-09-24T13:50:00+00:00,2026-09-24T11:15:33+00:00,2026-09-24T11:15:33+00:00,2.57,False
AAL3546,Arrival,2026-09-24T13:53:00+00:00,2026-09-24T02:08:57+00:00,2026-09-24T11:15:33+00:00,2.62,True
SWA2949,Arrival,2026-09-24T13:55:00+00:00,2026-09-24T11:15:33+00:00,2026-09-24T11:15:33+00:00,2.66,False
SWA2810,Arrival,2026-09-24T13:57:00+00:00,2026-09-24T11:15:33+00:00,2026-09-24T11:15:33+00:00,2.69,False
SWA2837,Arrival,2026-09-24T14:09:00+00:00,2026-09-24T11:15:33+00:00,2026-09-24T11:15:33+00:00,2.89,False
SWA2019,Arrival,2026-09-24T14:14:00+00:00,2026-09-24T11:15:33+00:00,2026-09-24T11:15:33+00:00,2.97,False
SWA2209,Arrival,2026-09-24T14:19:00+00:00,2026-09-24T11:15:33+00:00,2026-09-24T11:15:33+00:00,3.06,False
SWA1650,Arrival,2026-09-24T14:24:00+00:00,2026-09-24T11:15:33+00:00,2026-09-24T11:15:33+00:00,3.14,False
SWA2431,Arrival,2026-09-24T14:29:00+00:00,2026-09-24T11:15:33+00:00,2026-09-24T11:15:33+00:00,3.22,False
SWA1400,Arrival,2026-09-24T14:34:00+00:00,2026-09-24T11:15:33+00:00,2026-09-24T11:15:33+00:00,3.31,False
UAL4587,Arrival,2026-09-24T14:35:00+00:00,2026-09-24T11:15:33+00:00,2026-09-24T11:15:33+00:00,3.32,False
SWA2359,Arrival,2026-09-24T14:44:00+00:00,2026-09-24T11:15:33+00:00,2026-09-24T11:15:33+00:00,3.47,False
SWA1260,Arrival,2026-09-24T14:54:00+00:00,2026-09-24T11:15:33+00:00,2026-09-24T11:15:33+00:00,3.64,False
SWA3792,Arrival,2026-09-24T15:14:00+00:00,2026-09-24T11:15:33+00:00,2026-09-24T11:15:33+00:00,3.97,False
SWA507,Arrival,2026-09-24T15:40:00+00:00,2026-09-24T11:15:33+00:00,2026-09-24T11:15:33+00:00,4.41,False
SWA1965,Arrival,2026-09-24T16:04:00+00:00,2026-09-24T11:15:33+00:00,2026-09-24T11:15:33+00:00,4.81,False
SWA2977,Arrival,2026-09-24T17:01:00+00:00,2026-09-24T11:15:33+00:00,2026-09-24T11:15:33+00:00,5.76,False
DAL2455,Arrival,2026-09-24T18:30:00+00:00,2026-09-24T11:15:33+00:00,2026-09-24T11:15:33+00:00,7.24,False
SWA580,Arrival,2026-09-24T18:34:00+00:00,2026-09-24T11:15:33+00:00,2026-09-24T11:15:33+00:00,7.31,False
ASA388,Arrival,2026-09-24T18:58:00+00:00,2026-09-24T11:15:33+00:00,2026-09-24T11:15:33+00:00,7.71,False
SWA127,Arrival,2026-09-24T18:59:00+00:00,2026-09-24T11:15:33+00:00,2026-09-24T11:15:33+00:00,7.72,False
AAL1363,Arrival,2026-09-24T19:44:00+00:00,2026-09-24T11:15:33+00:00,2026-09-24T11:15:33+00:00,8.47,False
SWA422,Arrival,2026-09-24T20:09:00+00:00,2026-09-24T11:15:33+00:00,2026-09-24T11:15:33+00:00,8.89,False
ASA1318,Arrival,2026-09-24T22:10:00+00:00,2026-09-24T11:15:33+00:00,2026-09-24T11:15:33+00:00,10.91,False
AAL4727,Arrival,2026-09-24T22:24:00+00:00,2026-09-24T11:15:33+00:00,2026-09-24T11:15:33+00:00,11.14,False
AAL2686,Arrival,2026-09-24T22:34:00+00:00,2026-09-24T11:15:33+00:00,2026-09-24T11:15:33+00:00,11.31,False
DAL1492,Arrival,2026-09-24T22:37:00+00:00,2026-09-24T11:15:33+00:00,2026-09-24T11:15:33+00:00,11.36,False
UAL577,Departure,2026-09-24T12:45:00+00:00,2026-09-24T02:08:57+00:00,2026-09-24T12:54:13+00:00,-0.15,True
DAL2363,Departure,2026-09-24T13:00:00+00:00,2026-09-24T02:08:57+00:00,2026-09-24T12:54:13+00:00,0.1,True
AAL2574,Departure,2026-09-24T13:00:00+00:00,2026-09-24T02:08:57+00:00,2026-09-24T12:54:13+00:00,0.1,True
SWA1930,Departure,2026-09-24T13:10:00+00:00,2026-09-24T02:08:57+00:00,2026-09-24T12:54:13+00:00,0.26,True
SWA3870,Departure,2026-09-24T13:25:00+00:00,2026-09-24T02:08:57+00:00,2026-09-24T12:54:13+00:00,0.51,True
SWA1003,Departure,2026-09-24T13:25:00+00:00,2026-09-24T02:08:57+00:00,2026-09-24T12:54:13+00:00,0.51,True
SWA4500,Departure,2026-09-24T13:25:00+00:00,2026-09-24T02:08:57+00:00,2026-09-24T12:54:13+00:00,0.51,True
SWA2158,Departure,2026-09-24T13:25:00+00:00,2026-09-24T02:08:57+00:00,2026-09-24T12:54:13+00:00,0.51,True
SWA2190,Departure,2026-09-24T13:25:00+00:00,2026-09-24T02:08:57+00:00,2026-09-24T12:54:13+00:00,0.51,True
SWA3261,Departure,2026-09-24T13:30:00+00:00,2026-09-24T02:08:57+00:00,2026-09-24T12:54:13+00:00,0.6,True
SWA383,Departure,2026-09-24T13:30:00+00:00,2026-09-24T12:54:13+00:00,2026-09-24T12:54:13+00:00,0.6,False
UAL4506,Departure,2026-09-24T13:30:00+00:00,2026-09-24T02:08:57+00:00,2026-09-24T12:54:13+00:00,0.6,True
ASH4019,Departure,2026-09-24T13:35:00+00:00,2026-09-24T12:54:13+00:00,2026-09-24T12:54:13+00:00,0.68,False
SWA3886,Departure,2026-09-24T13:35:00+00:00,2026-09-24T02:08:57+00:00,2026-09-24T12:54:13+00:00,0.68,True
SWA4522,Departure,2026-09-24T13:35:00+00:00,2026-09-24T02:08:57+00:00,2026-09-24T12:54:13+00:00,0.68,True
AAL712,Departure,2026-09-24T13:43:00+00:00,2026-09-24T11:15:33+00:00,2026-09-24T12:54:13+00:00,0.81,True
ACA8886,Departure,2026-09-24T13:55:00+00:00,2026-09-24T11:15:33+00:00,2026-09-24T12:54:13+00:00,1.01,True
UAL4601,Departure,2026-09-24T14:04:00+00:00,2026-09-24T11:15:33+00:00,2026-09-24T12:54:13+00:00,1.16,True
SWA3185,Departure,2026-09-24T15:10:00+00:00,2026-09-24T11:15:33+00:00,2026-09-24T12:54:13+00:00,2.26,True
SWA1995,Departure,2026-09-24T15:25:00+00:00,2026-09-24T11:15:33+00:00,2026-09-24T12:54:13+00:00,2.51,True
JR785,Departure,2026-09-24T17:20:00+00:00,2026-09-24T12:54:13+00:00,2026-09-24T12:54:13+00:00,4.43,False
VJ151,Departure,2026-09-24T22:30:00+00:00,2026-09-24T12:54:13+00:00,2026-09-24T12:54:13+00:00,9.6,False
DAL1571,Arrival,2026-09-24T13:47:00+00:00,2026-09-24T11:15:33+00:00,2026-09-24T12:54:13+00:00,0.88,True
DAL2868,Arrival,2026-09-24T13:56:00+00:00,2026-09-24T11:15:33+00:00,2026-09-24T12:54:13+00:00,1.03,True
AAL3333,Arrival,2026-09-24T13:57:00+00:00,2026-09-24T11:15:33+00:00,2026-09-24T12:54:13+00:00,1.05,True
FFT1524,Arrival,2026-09-24T14:01:00+00:00,2026-09-24T11:15:33+00:00,2026-09-24T12:54:13+00:00,1.11,True
SWA2652,Arrival,2026-09-24T14:01:00+00:00,2026-09-24T11:15:33+00:00,2026-09-24T12:54:13+00:00,1.11,True
SWA2008,Arrival,2026-09-24T14:03:00+00:00,2026-09-24T11:15:33+00:00,2026-09-24T12:54:13+00:00,1.15,True
AAL2497,Arrival,2026-09-24T14:32:00+00:00,2026-09-24T11:15:33+00:00,2026-09-24T12:54:13+00:00,1.63,True
UAL6214,Arrival,2026-09-24T15:04:00+00:00,2026-09-24T11:15:33+00:00,2026-09-24T12:54:13+00:00,2.16,True
SWA2405,Arrival,2026-09-24T15:04:00+00:00,2026-09-24T11:15:33+00:00,2026-09-24T12:54:13+00:00,2.16,True
AAL4436,Arrival,2026-09-24T15:06:00+00:00,2026-09-24T11:15:33+00:00,2026-09-24T12:54:13+00:00,2.2,True
AAL2818,Arrival,2026-09-24T15:10:00+00:00,2026-09-24T11:15:33+00:00,2026-09-24T12:54:13+00:00,2.26,True
AAL1739,Arrival,2026-09-24T15:21:00+00:00,2026-09-24T11:15:33+00:00,2026-09-24T12:54:13+00:00,2.45,True
SWA2838,Arrival,2026-09-24T15:34:00+00:00,2026-09-24T11:15:33+00:00,2026-09-24T12:54:13+00:00,2.66,True
UAL4613,Arrival,2026-09-24T15:42:00+00:00,2026-09-24T11:15:33+00:00,2026-09-24T12:54:13+00:00,2.8,True
SWA1097,Arrival,2026-09-24T16:06:00+00:00,2026-09-24T11:15:33+00:00,2026-09-24T12:54:13+00:00,3.2,True
FFT3108,Arrival,2026-09-24T16:06:00+00:00,2026-09-24T11:15:33+00:00,2026-09-24T12:54:13+00:00,3.2,True
SWA466,Arrival,2026-09-24T16:14:00+00:00,2026-09-24T11:15:33+00:00,2026-09-24T12:54:13+00:00,3.33,True
SWA3400,Arrival,2026-09-24T16:54:00+00:00,2026-09-24T11:15:33+00:00,2026-09-24T12:54:13+00:00,4.0,True
UAL1044,Arrival,2026-09-24T17:07:00+00:00,2026-09-24T11:15:33+00:00,2026-09-24T12:54:13+00:00,4.21,True
JR785,Arrival,2026-09-24T17:13:00+00:00,2026-09-24T12:54:13+00:00,2026-09-24T12:54:13+00:00,4.31,False
SWA1755,Arrival,2026-09-24T17:14:00+00:00,2026-09-24T11:15:33+00:00,2026-09-24T12:54:13+00:00,4.33,True
VJ151,Arrival,2026-09-24T20:23:00+00:00,2026-09-24T12:54:13+00:00,2026-09-24T12:54:13+00:00,7.48,False
UAL4518,Arrival,2026-09-24T23:55:00+00:00,2026-09-24T12:54:13+00:00,2026-09-24T12:54:13+00:00,11.01,False
UAL2459,Departure,2026-09-24T14:15:00+00:00,2026-09-24T11:15:33+00:00,2026-09-24T14:23:12+00:00,-0.14,True
UAL3715,Departure,2026-09-24T14:30:00+00:00,2026-09-24T11:15:33+00:00,2026-09-24T14:23:12+00:00,0.11,True
AAL3546,Departure,2026-09-24T14:58:00+00:00,2026-09-24T11:15:33+00:00,2026-09-24T14:23:12+00:00,0.58,True
AAL4443,Departure,2026-09-24T14:58:00+00:00,2026-09-24T11:15:33+00:00,2026-09-24T14:23:12+00:00,0.58,True
DAL5041,Departure,2026-09-24T15:00:00+00:00,2026-09-24T11:15:33+00:00,2026-09-24T14:23:12+00:00,0.61,True
SWA2591,Departure,2026-09-24T15:05:00+00:00,2026-09-24T11:15:33+00:00,2026-09-24T14:23:12+00:00,0.7,True
DAL1571,Departure,2026-09-24T15:05:00+00:00,2026-09-24T11:15:33+00:00,2026-09-24T14:23:12+00:00,0.7,True
SWA3798,Departure,2026-09-24T15:10:00+00:00,2026-09-24T11:15:33+00:00,2026-09-24T14:23:12+00:00,0.78,True
SWA2545,Departure,2026-09-24T15:10:00+00:00,2026-09-24T11:15:33+00:00,2026-09-24T14:23:12+00:00,0.78,True
SWA2537,Departure,2026-09-24T15:10:00+00:00,2026-09-24T11:15:33+00:00,2026-09-24T14:23:12+00:00,0.78,True
AAL3333,Departure,2026-09-24T15:14:00+00:00,2026-09-24T11:15:33+00:00,2026-09-24T14:23:12+00:00,0.85,True
SWA4206,Departure,2026-09-24T15:15:00+00:00,2026-09-24T11:15:33+00:00,2026-09-24T14:23:12+00:00,0.86,True
FFT1523,Departure,2026-09-24T15:20:00+00:00,2026-09-24T11:15:33+00:00,2026-09-24T14:23:12+00:00,0.95,True
SWA2384,Departure,2026-09-24T15:20:00+00:00,2026-09-24T11:15:33+00:00,2026-09-24T14:23:12+00:00,0.95,True
SWA2390,Departure,2026-09-24T15:25:00+00:00,2026-09-24T11:15:33+00:00,2026-09-24T14:23:12+00:00,1.03,True
UAL4517,Departure,2026-09-24T15:27:00+00:00,2026-09-24T11:15:33+00:00,2026-09-24T14:23:12+00:00,1.06,True
DAL2868,Departure,2026-09-24T15:29:00+00:00,2026-09-24T11:15:33+00:00,2026-09-24T14:23:12+00:00,1.1,True
SWA3879,Departure,2026-09-24T15:30:00+00:00,2026-09-24T11:15:33+00:00,2026-09-24T14:23:12+00:00,1.11,True
SWA2926,Departure,2026-09-24T15:40:00+00:00,2026-09-24T11:15:33+00:00,2026-09-24T14:23:12+00:00,1.28,True
SWA4334,Departure,2026-09-24T16:05:00+00:00,2026-09-24T11:15:33+00:00,2026-09-24T14:23:12+00:00,1.7,True
SWA3861,Departure,2026-09-24T16:13:00+00:00,2026-09-24T11:15:33+00:00,2026-09-24T14:23:12+00:00,1.83,True
EJA844,Departure,2026-09-24T17:50:00+00:00,2026-09-24T14:23:12+00:00,2026-09-24T14:23:12+00:00,3.45,False
DAL1289,Arrival,2026-09-24T15:02:00+00:00,2026-09-24T11:15:33+00:00,2026-09-24T14:23:12+00:00,0.65,True
DAL1400,Arrival,2026-09-24T15:30:00+00:00,2026-09-24T11:15:33+00:00,2026-09-24T14:23:12+00:00,1.11,True
UAL2311,Arrival,2026-09-24T16:16:00+00:00,2026-09-24T11:15:33+00:00,2026-09-24T14:23:12+00:00,1.88,True
DAL4922,Arrival,2026-09-24T16:38:00+00:00,2026-09-24T11:15:33+00:00,2026-09-24T14:23:12+00:00,2.25,True
SWA1733,Arrival,2026-09-24T16:44:00+00:00,2026-09-24T11:15:33+00:00,2026-09-24T14:23:12+00:00,2.35,True
SWA1396,Arrival,2026-09-24T16:49:00+00:00,2026-09-24T11:15:33+00:00,2026-09-24T14:23:12+00:00,2.43,True
SWA316,Arrival,2026-09-24T17:39:00+00:00,2026-09-24T11:15:33+00:00,2026-09-24T14:23:12+00:00,3.26,True
SWA1149,Arrival,2026-09-24T17:59:00+00:00,2026-09-24T11:15:33+00:00,2026-09-24T14:23:12+00:00,3.6,True
AAL477,Arrival,2026-09-24T18:15:00+00:00,2026-09-24T11:15:33+00:00,2026-09-24T14:23:12+00:00,3.86,True
EJA989,Arrival,2026-09-24T18:19:00+00:00,2026-09-24T14:23:12+00:00,2026-09-24T14:23:12+00:00,3.93,False
SWA790,Arrival,2026-09-24T18:29:00+00:00,2026-09-24T11:15:33+00:00,2026-09-24T14:23:12+00:00,4.1,True
AAL2660,Arrival,2026-09-24T18:31:00+00:00,2026-09-24T11:15:33+00:00,2026-09-24T14:23:12+00:00,4.13,True
SWA2303,Arrival,2026-09-24T18:49:00+00:00,2026-09-24T11:15:33+00:00,2026-09-24T14:23:12+00:00,4.43,True
AAL2487,Arrival,2026-09-25T00:45:00+00:00,2026-09-24T14:23:12+00:00,2026-09-24T14:23:12+00:00,10.36,False
AAL4436,Departure,2026-09-24T15:45:00+00:00,2026-09-24T11:15:33+00:00,2026-09-24T15:58:32+00:00,-0.23,True
AAL2818,Departure,2026-09-24T16:01:00+00:00,2026-09-24T11:15:33+00:00,2026-09-24T15:58:32+00:00,0.04,True
AAL1739,Departure,2026-09-24T16:09:00+00:00,2026-09-24T11:15:33+00:00,2026-09-24T15:58:32+00:00,0.17,True
UAL6213,Departure,2026-09-24T16:10:00+00:00,2026-09-24T11:15:33+00:00,2026-09-24T15:58:32+00:00,0.19,True
DAL1289,Departure,2026-09-24T16:33:00+00:00,2026-09-24T11:15:33+00:00,2026-09-24T15:58:32+00:00,0.57,True
SWA3812,Departure,2026-09-24T16:40:00+00:00,2026-09-24T11:15:33+00:00,2026-09-24T15:58:32+00:00,0.69,True
SWA3877,Departure,2026-09-24T16:50:00+00:00,2026-09-24T11:15:33+00:00,2026-09-24T15:58:32+00:00,0.86,True
SWA415,Departure,2026-09-24T17:00:00+00:00,2026-09-24T11:15:33+00:00,2026-09-24T15:58:32+00:00,1.02,True
AAL2497,Departure,2026-09-24T17:02:00+00:00,2026-09-24T11:15:33+00:00,2026-09-24T15:58:32+00:00,1.06,True
ACA8688,Departure,2026-09-24T17:10:00+00:00,2026-09-24T11:15:33+00:00,2026-09-24T15:58:32+00:00,1.19,True
SWA3841,Departure,2026-09-24T17:15:00+00:00,2026-09-24T11:15:33+00:00,2026-09-24T15:58:32+00:00,1.27,True
SWA3346,Departure,2026-09-24T17:32:00+00:00,2026-09-24T11:15:33+00:00,2026-09-24T15:58:32+00:00,1.56,True
SWA4039,Departure,2026-09-24T17:40:00+00:00,2026-09-24T11:15:33+00:00,2026-09-24T15:58:32+00:00,1.69,True
SWA3828,Departure,2026-09-24T17:50:00+00:00,2026-09-24T11:15:33+00:00,2026-09-24T15:58:32+00:00,1.86,True
JTL10,Departure,2026-09-24T18:15:00+00:00,2026-09-24T15:58:32+00:00,2026-09-24T15:58:32+00:00,2.27,False
EJA340,Departure,2026-09-24T18:54:00+00:00,2026-09-24T15:58:32+00:00,2026-09-24T15:58:32+00:00,2.92,False
SWA3829,Departure,2026-09-24T19:00:00+00:00,2026-09-24T11:15:33+00:00,2026-09-24T15:58:32+00:00,3.02,True
AAL4074,Arrival,2026-09-24T16:39:00+00:00,2026-09-24T11:15:33+00:00,2026-09-24T15:58:32+00:00,0.67,True
DAL1371,Arrival,2026-09-24T17:36:00+00:00,2026-09-24T11:15:33+00:00,2026-09-24T15:58:32+00:00,1.62,True
UAL652,Arrival,2026-09-24T17:43:00+00:00,2026-09-24T11:15:33+00:00,2026-09-24T15:58:32+00:00,1.74,True
SWA2811,Arrival,2026-09-24T17:52:00+00:00,2026-09-24T11:15:33+00:00,2026-09-24T15:58:32+00:00,1.89,True
DAL566,Arrival,2026-09-24T18:00:00+00:00,2026-09-24T11:15:33+00:00,2026-09-24T15:58:32+00:00,2.02,True
AAL3096,Arrival,2026-09-24T18:00:00+00:00,2026-09-24T11:15:33+00:00,2026-09-24T15:58:32+00:00,2.02,True
FDY444,Arrival,2026-09-24T18:07:00+00:00,2026-09-24T11:15:33+00:00,2026-09-24T15:58:32+00:00,2.14,True
AAL6355,Arrival,2026-09-24T18:08:00+00:00,2026-09-24T11:15:33+00:00,2026-09-24T15:58:32+00:00,2.16,True
SWA2442,Arrival,2026-09-24T18:19:00+00:00,2026-09-24T11:15:33+00:00,2026-09-24T15:58:32+00:00,2.34,True
SWA3378,Arrival,2026-09-24T18:34:00+00:00,2026-09-24T11:15:33+00:00,2026-09-24T15:58:32+00:00,2.59,True
SWA2530,Arrival,2026-09-24T18:39:00+00:00,2026-09-24T11:15:33+00:00,2026-09-24T15:58:32+00:00,2.67,True
SWA2948,Arrival,2026-09-24T19:09:00+00:00,2026-09-24T11:15:33+00:00,2026-09-24T15:58:32+00:00,3.17,True
SWA3044,Arrival,2026-09-24T19:32:00+00:00,2026-09-24T11:15:33+00:00,2026-09-24T15:58:32+00:00,3.56,True
EJA908,Arrival,2026-09-24T21:15:00+00:00,2026-09-24T15:58:32+00:00,2026-09-24T15:58:32+00:00,5.27,False
FFT3107,Departure,2026-09-24T17:27:00+00:00,2026-09-24T11:15:33+00:00,2026-09-24T17:30:11+00:00,-0.05,True
DAL4922,Departure,2026-09-24T18:01:00+00:00,2026-09-24T11:15:33+00:00,2026-09-24T17:30:11+00:00,0.51,True
SWA1007,Departure,2026-09-24T18:03:00+00:00,2026-09-24T11:15:33+00:00,2026-09-24T17:30:11+00:00,0.55,True
UAL4454,Departure,2026-09-24T18:09:00+00:00,2026-09-24T11:15:33+00:00,2026-09-24T17:30:11+00:00,0.65,True
SWA2999,Departure,2026-09-24T18:15:00+00:00,2026-09-24T11:15:33+00:00,2026-09-24T17:30:11+00:00,0.75,True
AAL4074,Departure,2026-09-24T18:15:00+00:00,2026-09-24T11:15:33+00:00,2026-09-24T17:30:11+00:00,0.75,True
SWA3808,Departure,2026-09-24T18:31:00+00:00,2026-09-24T11:15:33+00:00,2026-09-24T17:30:11+00:00,1.01,True
SWA171,Departure,2026-09-24T18:50:00+00:00,2026-09-24T11:15:33+00:00,2026-09-24T17:30:11+00:00,1.33,True
SWA3846,Departure,2026-09-24T18:50:00+00:00,2026-09-24T11:15:33+00:00,2026-09-24T17:30:11+00:00,1.33,True
SWA2336,Departure,2026-09-24T19:05:00+00:00,2026-09-24T11:15:33+00:00,2026-09-24T17:30:11+00:00,1.58,True
FDY457,Departure,2026-09-24T19:10:00+00:00,2026-09-24T11:15:33+00:00,2026-09-24T17:30:11+00:00,1.66,True
SWA1293,Departure,2026-09-24T19:24:00+00:00,2026-09-24T11:15:33+00:00,2026-09-24T17:30:11+00:00,1.9,True
SWA3857,Departure,2026-09-24T19:25:00+00:00,2026-09-24T11:15:33+00:00,2026-09-24T17:30:11+00:00,1.91,True
XSR717,Arrival,2026-09-24T18:41:00+00:00,2026-09-24T17:30:11+00:00,2026-09-24T17:30:11+00:00,1.18,False
ACA8889,Arrival,2026-09-24T18:52:00+00:00,2026-09-24T11:15:33+00:00,2026-09-24T17:30:11+00:00,1.36,True
UAL2042,Arrival,2026-09-24T19:02:00+00:00,2026-09-24T11:15:33+00:00,2026-09-24T17:30:11+00:00,1.53,True
SWA3979,Arrival,2026-09-24T19:10:00+00:00,2026-09-24T11:15:33+00:00,2026-09-24T17:30:11+00:00,1.66,True
UAL5696,Arrival,2026-09-24T19:12:00+00:00,2026-09-24T11:15:33+00:00,2026-09-24T17:30:11+00:00,1.7,True
SWA2175,Arrival,2026-09-24T19:33:00+00:00,2026-09-24T11:15:33+00:00,2026-09-24T17:30:11+00:00,2.05,True
SWA3413,Arrival,2026-09-24T19:44:00+00:00,2026-09-24T11:15:33+00:00,2026-09-24T17:30:11+00:00,2.23,True
SWA4080,Arrival,2026-09-24T19:48:00+00:00,2026-09-24T11:15:33+00:00,2026-09-24T17:30:11+00:00,2.3,True
SWA3121,Arrival,2026-09-24T19:49:00+00:00,2026-09-24T11:15:33+00:00,2026-09-24T17:30:11+00:00,2.31,True
SWA2535,Arrival,2026-09-24T19:50:00+00:00,2026-09-24T11:15:33+00:00,2026-09-24T17:30:11+00:00,2.33,True
SWA2570,Arrival,2026-09-24T20:01:00+00:00,2026-09-24T11:15:33+00:00,2026-09-24T17:30:11+00:00,2.51,True
DAL4905,Arrival,2026-09-24T20:31:00+00:00,2026-09-24T11:15:33+00:00,2026-09-24T17:30:11+00:00,3.01,True
UAL2000,Arrival,2026-09-24T20:39:00+00:00,2026-09-24T11:15:33+00:00,2026-09-24T17:30:11+00:00,3.15,True
AAL4449,Arrival,2026-09-24T20:48:00+00:00,2026-09-24T11:15:33+00:00,2026-09-24T17:30:11+00:00,3.3,True
UAL3717,Arrival,2026-09-24T20:55:00+00:00,2026-09-24T11:15:33+00:00,2026-09-24T17:30:11+00:00,3.41,True
SWA4432,Arrival,2026-09-24T21:28:00+00:00,2026-09-24T11:15:33+00:00,2026-09-24T17:30:11+00:00,3.96,True
SWA3362,Arrival,2026-09-24T21:43:00+00:00,2026-09-24T11:15:33+00:00,2026-09-24T17:30:11+00:00,4.21,True
SWA3755,Arrival,2026-09-24T22:39:00+00:00,2026-09-24T12:54:13+00:00,2026-09-24T17:30:11+00:00,5.15,True
SWA3564,Arrival,2026-09-24T22:51:00+00:00,2026-09-24T11:15:33+00:00,2026-09-24T17:30:11+00:00,5.35,True
SWA3471,Arrival,2026-09-24T22:54:00+00:00,2026-09-24T12:54:13+00:00,2026-09-24T17:30:11+00:00,5.4,True
SWA2317,Arrival,2026-09-24T22:59:00+00:00,2026-09-24T12:54:13+00:00,2026-09-24T17:30:11+00:00,5.48,True
SWA2631,Arrival,2026-09-24T22:59:00+00:00,2026-09-24T12:54:13+00:00,2026-09-24T17:30:11+00:00,5.48,True
UAL1905,Arrival,2026-09-24T23:37:00+00:00,2026-09-24T12:54:13+00:00,2026-09-24T17:30:11+00:00,6.11,True
JTL820,Arrival,2026-09-25T02:29:00+00:00,2026-09-24T17:30:11+00:00,2026-09-24T17:30:11+00:00,8.98,False
UAL4576,Arrival,2026-09-25T03:53:00+00:00,2026-09-24T17:30:11+00:00,2026-09-24T17:30:11+00:00,10.38,False
DAL1609,Arrival,2026-09-25T04:16:00+00:00,2026-09-24T17:30:11+00:00,2026-09-24T17:30:11+00:00,10.76,False
AAL1445,Arrival,2026-09-25T04:43:00+00:00,2026-09-24T17:30:11+00:00,2026-09-24T17:30:11+00:00,11.21,False
AAL6355,Departure,2026-09-24T19:07:00+00:00,2026-09-24T11:15:33+00:00,2026-09-24T19:20:29+00:00,-0.22,True
AAL3096,Departure,2026-09-24T19:08:00+00:00,2026-09-24T11:15:33+00:00,2026-09-24T19:20:29+00:00,-0.21,True
AAL477,Departure,2026-09-24T19:11:00+00:00,2026-09-24T11:15:33+00:00,2026-09-24T19:20:29+00:00,-0.16,True
DAL1371,Departure,2026-09-24T19:18:00+00:00,2026-09-24T11:15:33+00:00,2026-09-24T19:20:29+00:00,-0.04,True
DAL2455,Departure,2026-09-24T19:25:00+00:00,2026-09-24T11:15:33+00:00,2026-09-24T19:20:29+00:00,0.08,True
DAL566,Departure,2026-09-24T19:30:00+00:00,2026-09-24T11:15:33+00:00,2026-09-24T19:20:29+00:00,0.16,True
AAL2660,Departure,2026-09-24T19:30:00+00:00,2026-09-24T11:15:33+00:00,2026-09-24T19:20:29+00:00,0.16,True
ACA8890,Departure,2026-09-24T19:40:00+00:00,2026-09-24T11:15:33+00:00,2026-09-24T19:20:29+00:00,0.33,True
SWA125,Departure,2026-09-24T19:45:00+00:00,2026-09-24T11:15:33+00:00,2026-09-24T19:20:29+00:00,0.41,True
SWA3862,Departure,2026-09-24T19:48:00+00:00,2026-09-24T11:15:33+00:00,2026-09-24T19:20:29+00:00,0.46,True
SWA3521,Departure,2026-09-24T19:59:00+00:00,2026-09-24T11:15:33+00:00,2026-09-24T19:20:29+00:00,0.64,True
UAL5332,Departure,2026-09-24T20:11:00+00:00,2026-09-24T11:15:33+00:00,2026-09-24T19:20:29+00:00,0.84,True
UAL652,Departure,2026-09-24T20:12:00+00:00,2026-09-24T11:15:33+00:00,2026-09-24T19:20:29+00:00,0.86,True
SWA3799,Departure,2026-09-24T20:15:00+00:00,2026-09-24T11:15:33+00:00,2026-09-24T19:20:29+00:00,0.91,True
ASA388,Departure,2026-09-24T20:19:00+00:00,2026-09-24T11:15:33+00:00,2026-09-24T19:20:29+00:00,0.98,True
KOW90,Departure,2026-09-24T20:30:00+00:00,2026-09-24T19:20:29+00:00,2026-09-24T19:20:29+00:00,1.16,False
SWA1356,Departure,2026-09-24T20:45:00+00:00,2026-09-24T11:15:33+00:00,2026-09-24T19:20:29+00:00,1.41,True
SWA2535,Departure,2026-09-24T20:45:00+00:00,2026-09-24T11:15:33+00:00,2026-09-24T19:20:29+00:00,1.41,True
SWA4080,Departure,2026-09-24T20:45:00+00:00,2026-09-24T11:15:33+00:00,2026-09-24T19:20:29+00:00,1.41,True
SWA3852,Departure,2026-09-24T20:46:00+00:00,2026-09-24T11:15:33+00:00,2026-09-24T19:20:29+00:00,1.43,True
SWA4177,Departure,2026-09-24T20:46:00+00:00,2026-09-24T11:15:33+00:00,2026-09-24T19:20:29+00:00,1.43,True
SWA2301,Departure,2026-09-24T20:55:00+00:00,2026-09-24T11:15:33+00:00,2026-09-24T19:20:29+00:00,1.58,True
SWA332,Departure,2026-09-24T21:15:00+00:00,2026-09-24T11:15:33+00:00,2026-09-24T19:20:29+00:00,1.91,True
SWA3831,Departure,2026-09-24T22:30:00+00:00,2026-09-24T11:15:33+00:00,2026-09-24T19:20:29+00:00,3.16,True
EJA908,Departure,2026-09-24T22:30:00+00:00,2026-09-24T19:20:29+00:00,2026-09-24T19:20:29+00:00,3.16,False
LXJ390,Departure,2026-09-24T23:34:00+00:00,2026-09-24T19:20:29+00:00,2026-09-24T19:20:29+00:00,4.23,False
LXJ220,Departure,2026-09-25T00:00:00+00:00,2026-09-24T19:20:29+00:00,2026-09-24T19:20:29+00:00,4.66,False
JTL318,Arrival,2026-09-24T19:36:00+00:00,2026-09-24T19:20:29+00:00,2026-09-24T19:20:29+00:00,0.26,False
DAL3811,Arrival,2026-09-24T20:01:00+00:00,2026-09-24T11:15:33+00:00,2026-09-24T19:20:29+00:00,0.68,True
DAL543,Arrival,2026-09-24T20:29:00+00:00,2026-09-24T11:15:33+00:00,2026-09-24T19:20:29+00:00,1.14,True
AAL3944,Arrival,2026-09-24T21:04:00+00:00,2026-09-24T11:15:33+00:00,2026-09-24T19:20:29+00:00,1.73,True
SWA2839,Arrival,2026-09-24T21:14:00+00:00,2026-09-24T11:15:33+00:00,2026-09-24T19:20:29+00:00,1.89,True
AAL3066,Arrival,2026-09-24T21:19:00+00:00,2026-09-24T11:15:33+00:00,2026-09-24T19:20:29+00:00,1.98,True
UAL1639,Arrival,2026-09-24T21:32:00+00:00,2026-09-24T11:15:33+00:00,2026-09-24T19:20:29+00:00,2.19,True
AAL4645,Arrival,2026-09-24T21:52:00+00:00,2026-09-24T11:15:33+00:00,2026-09-24T19:20:29+00:00,2.53,True
SWA4055,Arrival,2026-09-24T21:54:00+00:00,2026-09-24T11:15:33+00:00,2026-09-24T19:20:29+00:00,2.56,True
UAL4416,Arrival,2026-09-24T21:55:00+00:00,2026-09-24T11:15:33+00:00,2026-09-24T19:20:29+00:00,2.58,True
AAL2571,Arrival,2026-09-24T21:57:00+00:00,2026-09-24T11:15:33+00:00,2026-09-24T19:20:29+00:00,2.61,True
SWA1772,Arrival,2026-09-24T22:14:00+00:00,2026-09-24T11:15:33+00:00,2026-09-24T19:20:29+00:00,2.89,True
LXJ390,Arrival,2026-09-24T22:18:00+00:00,2026-09-24T19:20:29+00:00,2026-09-24T19:20:29+00:00,2.96,False
FFT2635,Arrival,2026-09-24T22:33:00+00:00,2026-09-24T12:54:13+00:00,2026-09-24T19:20:29+00:00,3.21,True
SWA3001,Arrival,2026-09-24T22:39:00+00:00,2026-09-24T11:15:33+00:00,2026-09-24T19:20:29+00:00,3.31,True
SWA1404,Arrival,2026-09-24T22:57:00+00:00,2026-09-24T12:54:13+00:00,2026-09-24T19:20:29+00:00,3.61,True
SWA1375,Arrival,2026-09-24T22:57:00+00:00,2026-09-24T12:54:13+00:00,2026-09-24T19:20:29+00:00,3.61,True
EJA923,Arrival,2026-09-24T23:06:00+00:00,2026-09-24T19:20:29+00:00,2026-09-24T19:20:29+00:00,3.76,False
SWA3281,Arrival,2026-09-24T23:14:00+00:00,2026-09-24T12:54:13+00:00,2026-09-24T19:20:29+00:00,3.89,True
ASA672,Arrival,2026-09-24T23:21:00+00:00,2026-09-24T12:54:13+00:00,2026-09-24T19:20:29+00:00,4.01,True
SWA2144,Arrival,2026-09-24T23:30:00+00:00,2026-09-24T12:54:13+00:00,2026-09-24T19:20:29+00:00,4.16,True
SWA2076,Arrival,2026-09-25T00:14:00+00:00,2026-09-24T14:23:12+00:00,2026-09-24T19:20:29+00:00,4.89,True
DAL2666,Arrival,2026-09-25T05:44:00+00:00,2026-09-24T19:20:29+00:00,2026-09-24T19:20:29+00:00,10.39,False
SWA4041,Departure,2026-09-24T21:31:00+00:00,2026-09-24T11:15:33+00:00,2026-09-24T21:16:33+00:00,0.24,True
AAL4449,Departure,2026-09-24T21:37:00+00:00,2026-09-24T11:15:33+00:00,2026-09-24T21:16:33+00:00,0.34,True
UAL2323,Departure,2026-09-24T21:39:00+00:00,2026-09-24T11:15:33+00:00,2026-09-24T21:16:33+00:00,0.37,True
UAL3710,Departure,2026-09-24T21:50:00+00:00,2026-09-24T11:15:33+00:00,2026-09-24T21:16:33+00:00,0.56,True
SWA2839,Departure,2026-09-24T21:55:00+00:00,2026-09-24T11:15:33+00:00,2026-09-24T21:16:33+00:00,0.64,True
DAL543,Departure,2026-09-24T21:59:00+00:00,2026-09-24T11:15:33+00:00,2026-09-24T21:16:33+00:00,0.71,True
AAL3739,Departure,2026-09-24T22:11:00+00:00,2026-09-24T11:15:33+00:00,2026-09-24T21:16:33+00:00,0.91,True
AAL2286,Departure,2026-09-24T22:13:00+00:00,2026-09-24T11:15:33+00:00,2026-09-24T21:16:33+00:00,0.94,True
AAL4645,Departure,2026-09-24T22:18:00+00:00,2026-09-24T11:15:33+00:00,2026-09-24T21:16:33+00:00,1.02,True
DAL4905,Departure,2026-09-24T22:30:00+00:00,2026-09-24T11:15:33+00:00,2026-09-24T21:16:33+00:00,1.22,True
UAL541,Departure,2026-09-24T22:36:00+00:00,2026-09-24T11:15:33+00:00,2026-09-24T21:16:33+00:00,1.32,True
SWA3807,Departure,2026-09-24T22:40:00+00:00,2026-09-24T11:15:33+00:00,2026-09-24T21:16:33+00:00,1.39,True
SWA1030,Departure,2026-09-24T22:50:00+00:00,2026-09-24T12:54:13+00:00,2026-09-24T21:16:33+00:00,1.56,True
SWA3001,Departure,2026-09-24T23:19:00+00:00,2026-09-24T12:54:13+00:00,2026-09-24T21:16:33+00:00,2.04,True
SCX3008,Departure,2026-09-24T23:36:00+00:00,2026-09-24T21:16:33+00:00,2026-09-24T21:16:33+00:00,2.32,False
EJA830,Departure,2026-09-24T23:45:00+00:00,2026-09-24T21:16:33+00:00,2026-09-24T21:16:33+00:00,2.47,False
SWA1996,Arrival,2026-09-24T21:02:00+00:00,2026-09-24T11:15:33+00:00,2026-09-24T21:16:33+00:00,-0.24,True
DAL1224,Arrival,2026-09-24T21:22:00+00:00,2026-09-24T11:15:33+00:00,2026-09-24T21:16:33+00:00,0.09,True
DAL2822,Arrival,2026-09-24T21:55:00+00:00,2026-09-24T11:15:33+00:00,2026-09-24T21:16:33+00:00,0.64,True
EJA830,Arrival,2026-09-24T22:06:00+00:00,2026-09-24T21:16:33+00:00,2026-09-24T21:16:33+00:00,0.82,False
LXJ220,Arrival,2026-09-24T22:13:00+00:00,2026-09-24T21:16:33+00:00,2026-09-24T21:16:33+00:00,0.94,False
DAL1393,Arrival,2026-09-24T22:22:00+00:00,2026-09-24T12:54:13+00:00,2026-09-24T21:16:33+00:00,1.09,True
EJA289,Arrival,2026-09-24T22:28:00+00:00,2026-09-24T21:16:33+00:00,2026-09-24T21:16:33+00:00,1.19,False
SWA3070,Arrival,2026-09-24T22:37:00+00:00,2026-09-24T12:54:13+00:00,2026-09-24T21:16:33+00:00,1.34,True
SWA2538,Arrival,2026-09-24T22:37:00+00:00,2026-09-24T12:54:13+00:00,2026-09-24T21:16:33+00:00,1.34,True
AAL2761,Arrival,2026-09-24T22:39:00+00:00,2026-09-24T12:54:13+00:00,2026-09-24T21:16:33+00:00,1.37,True
SWA2908,Arrival,2026-09-24T22:45:00+00:00,2026-09-24T12:54:13+00:00,2026-09-24T21:16:33+00:00,1.47,True
EJA512,Arrival,2026-09-24T22:48:00+00:00,2026-09-24T21:16:33+00:00,2026-09-24T21:16:33+00:00,1.52,False
SWA1766,Arrival,2026-09-24T22:50:00+00:00,2026-09-24T12:54:13+00:00,2026-09-24T21:16:33+00:00,1.56,True
SWA3912,Arrival,2026-09-24T23:45:00+00:00,2026-09-24T12:54:13+00:00,2026-09-24T21:16:33+00:00,2.47,True
SWA4254,Arrival,2026-09-24T23:59:00+00:00,2026-09-24T12:54:13+00:00,2026-09-24T21:16:33+00:00,2.71,True
SWA2950,Arrival,2026-09-25T00:02:00+00:00,2026-09-24T12:54:13+00:00,2026-09-24T21:16:33+00:00,2.76,True
UAL4527,Arrival,2026-09-25T00:15:00+00:00,2026-09-24T12:54:13+00:00,2026-09-24T21:16:33+00:00,2.97,True
SWA1695,Arrival,2026-09-25T00:21:00+00:00,2026-09-24T12:54:13+00:00,2026-09-24T21:16:33+00:00,3.07,True
SWA3555,Arrival,2026-09-25T00:31:00+00:00,2026-09-24T14:23:12+00:00,2026-09-24T21:16:33+00:00,3.24,True
EJA943,Arrival,2026-09-25T00:51:00+00:00,2026-09-24T21:16:33+00:00,2026-09-24T21:16:33+00:00,3.57,False
SWA2508,Arrival,2026-09-25T00:54:00+00:00,2026-09-24T14:23:12+00:00,2026-09-24T21:16:33+00:00,3.62,True
SWA3392,Arrival,2026-09-25T01:03:00+00:00,2026-09-24T14:23:12+00:00,2026-09-24T21:16:33+00:00,3.77,True
SWA3266,Arrival,2026-09-25T01:03:00+00:00,2026-09-24T14:23:12+00:00,2026-09-24T21:16:33+00:00,3.77,True
SWA2035,Arrival,2026-09-25T01:15:00+00:00,2026-09-24T14:23:12+00:00,2026-09-24T21:16:33+00:00,3.97,True
SWA4120,Arrival,2026-09-25T01:17:00+00:00,2026-09-24T14:23:12+00:00,2026-09-24T21:16:33+00:00,4.01,True
SWA2473,Arrival,2026-09-25T01:28:00+00:00,2026-09-24T14:23:12+00:00,2026-09-24T21:16:33+00:00,4.19,True
SWA4407,Arrival,2026-09-25T01:36:00+00:00,2026-09-24T14:23:12+00:00,2026-09-24T21:16:33+00:00,4.32,True
DAL1224,Departure,2026-09-24T22:37:00+00:00,2026-09-24T12:54:13+00:00,2026-09-24T22:49:59+00:00,-0.22,True
AAL3049,Departure,2026-09-24T22:45:00+00:00,2026-09-24T12:54:13+00:00,2026-09-24T22:49:59+00:00,-0.08,True
DAL2822,Departure,2026-09-24T22:59:00+00:00,2026-09-24T12:54:13+00:00,2026-09-24T22:49:59+00:00,0.15,True
SWA4380,Departure,2026-09-24T23:00:00+00:00,2026-09-24T12:54:13+00:00,2026-09-24T22:49:59+00:00,0.17,True
AAL4727,Departure,2026-09-24T23:00:00+00:00,2026-09-24T12:54:13+00:00,2026-09-24T22:49:59+00:00,0.17,True
SWA2704,Departure,2026-09-24T23:07:00+00:00,2026-09-24T12:54:13+00:00,2026-09-24T22:49:59+00:00,0.28,True
ASA1318,Departure,2026-09-24T23:19:00+00:00,2026-09-24T12:54:13+00:00,2026-09-24T22:49:59+00:00,0.48,True
AAL2761,Departure,2026-09-24T23:46:00+00:00,2026-09-24T12:54:13+00:00,2026-09-24T22:49:59+00:00,0.93,True
SWA4074,Departure,2026-09-24T23:50:00+00:00,2026-09-24T12:54:13+00:00,2026-09-24T22:49:59+00:00,1.0,True
SWA3883,Departure,2026-09-24T23:50:00+00:00,2026-09-24T12:54:13+00:00,2026-09-24T22:49:59+00:00,1.0,True
SWA1808,Departure,2026-09-24T23:50:00+00:00,2026-09-24T12:54:13+00:00,2026-09-24T22:49:59+00:00,1.0,True
SWA3940,Departure,2026-09-24T23:50:00+00:00,2026-09-24T12:54:13+00:00,2026-09-24T22:49:59+00:00,1.0,True
SWA4585,Departure,2026-09-24T23:51:00+00:00,2026-09-24T12:54:13+00:00,2026-09-24T22:49:59+00:00,1.02,True
SWA1317,Departure,2026-09-24T23:52:00+00:00,2026-09-24T12:54:13+00:00,2026-09-24T22:49:59+00:00,1.03,True
DAL1393,Departure,2026-09-24T23:54:00+00:00,2026-09-24T12:54:13+00:00,2026-09-24T22:49:59+00:00,1.07,True
SWA3895,Departure,2026-09-24T23:55:00+00:00,2026-09-24T12:54:13+00:00,2026-09-24T22:49:59+00:00,1.08,True
DAL1492,Departure,2026-09-24T23:55:00+00:00,2026-09-24T12:54:13+00:00,2026-09-24T22:49:59+00:00,1.08,True
SWA3800,Departure,2026-09-24T23:59:00+00:00,2026-09-24T12:54:13+00:00,2026-09-24T22:49:59+00:00,1.15,True
UAL4616,Departure,2026-09-25T00:01:00+00:00,2026-09-24T12:54:13+00:00,2026-09-24T22:49:59+00:00,1.18,True
SWA1813,Departure,2026-09-25T00:05:00+00:00,2026-09-24T12:54:13+00:00,2026-09-24T22:49:59+00:00,1.25,True
SWA3847,Departure,2026-09-25T00:14:00+00:00,2026-09-24T12:54:13+00:00,2026-09-24T22:49:59+00:00,1.4,True
XSR717,Departure,2026-09-25T00:30:00+00:00,2026-09-24T22:49:59+00:00,2026-09-24T22:49:59+00:00,1.67,False
SWA4165,Departure,2026-09-25T00:37:00+00:00,2026-09-24T14:23:12+00:00,2026-09-24T22:49:59+00:00,1.78,True
SWA2037,Departure,2026-09-25T00:40:00+00:00,2026-09-24T14:23:12+00:00,2026-09-24T22:49:59+00:00,1.83,True
SWA3814,Departure,2026-09-25T00:48:00+00:00,2026-09-24T12:54:13+00:00,2026-09-24T22:49:59+00:00,1.97,True
SWA3825,Departure,2026-09-25T00:55:00+00:00,2026-09-24T14:23:12+00:00,2026-09-24T22:49:59+00:00,2.08,True
SWA3832,Departure,2026-09-25T01:45:00+00:00,2026-09-24T14:23:12+00:00,2026-09-24T22:49:59+00:00,2.92,True
EJA943,Departure,2026-09-25T02:00:00+00:00,2026-09-24T22:49:59+00:00,2026-09-24T22:49:59+00:00,3.17,False
UPS663,Departure,2026-09-25T03:06:00+00:00,2026-09-24T22:49:59+00:00,2026-09-24T22:49:59+00:00,4.27,False
EJA693,Arrival,2026-09-24T22:47:00+00:00,2026-09-24T22:49:59+00:00,2026-09-24T22:49:59+00:00,-0.05,False
ACA8687,Arrival,2026-09-24T23:41:00+00:00,2026-09-24T12:54:13+00:00,2026-09-24T22:49:59+00:00,0.85,True
SWA681,Arrival,2026-09-25T00:06:00+00:00,2026-09-24T12:54:13+00:00,2026-09-24T22:49:59+00:00,1.27,True
DAL2833,Arrival,2026-09-25T00:33:00+00:00,2026-09-24T14:23:12+00:00,2026-09-24T22:49:59+00:00,1.72,True
UAL4412,Arrival,2026-09-25T00:35:00+00:00,2026-09-24T14:23:12+00:00,2026-09-24T22:49:59+00:00,1.75,True
SWA3312,Arrival,2026-09-25T00:36:00+00:00,2026-09-24T14:23:12+00:00,2026-09-24T22:49:59+00:00,1.77,True
ACA8891,Arrival,2026-09-25T00:46:00+00:00,2026-09-24T14:23:12+00:00,2026-09-24T22:49:59+00:00,1.93,True
EJA518,Arrival,2026-09-25T00:47:00+00:00,2026-09-24T22:49:59+00:00,2026-09-24T22:49:59+00:00,1.95,False
DAL4926,Arrival,2026-09-25T00:52:00+00:00,2026-09-24T14:23:12+00:00,2026-09-24T22:49:59+00:00,2.03,True
SWA4203,Arrival,2026-09-25T00:54:00+00:00,2026-09-24T14:23:12+00:00,2026-09-24T22:49:59+00:00,2.07,True
SWA2218,Arrival,2026-09-25T00:55:00+00:00,2026-09-24T14:23:12+00:00,2026-09-24T22:49:59+00:00,2.08,True
SWA1726,Arrival,2026-09-25T01:05:00+00:00,2026-09-24T14:23:12+00:00,2026-09-24T22:49:59+00:00,2.25,True
UAL4479,Arrival,2026-09-25T01:10:00+00:00,2026-09-24T14:23:12+00:00,2026-09-24T22:49:59+00:00,2.33,True
SWA4142,Arrival,2026-09-25T01:10:00+00:00,2026-09-24T14:23:12+00:00,2026-09-24T22:49:59+00:00,2.33,True
JTL25,Arrival,2026-09-25T01:11:00+00:00,2026-09-24T22:49:59+00:00,2026-09-24T22:49:59+00:00,2.35,False
UAL1422,Arrival,2026-09-25T01:40:00+00:00,2026-09-24T14:23:12+00:00,2026-09-24T22:49:59+00:00,2.83,True
SWA339,Arrival,2026-09-25T02:13:00+00:00,2026-09-24T15:58:32+00:00,2026-09-24T22:49:59+00:00,3.38,True
UPS663,Arrival,2026-09-25T02:24:00+00:00,2026-09-24T22:49:59+00:00,2026-09-24T22:49:59+00:00,3.57,False
AAL890,Arrival,2026-09-25T02:36:00+00:00,2026-09-24T22:49:59+00:00,2026-09-24T22:49:59+00:00,3.77,False
SWA2319,Arrival,2026-09-25T03:47:00+00:00,2026-09-24T17:30:11+00:00,2026-09-24T22:49:59+00:00,4.95,True
ASA674,Departure,2026-09-25T00:36:00+00:00,2026-09-24T14:23:12+00:00,2026-09-25T00:38:19+00:00,-0.04,True
SWA2710,Departure,2026-09-25T01:03:00+00:00,2026-09-24T14:23:12+00:00,2026-09-25T00:38:19+00:00,0.41,True
SWA1822,Departure,2026-09-25T01:04:00+00:00,2026-09-24T12:54:13+00:00,2026-09-25T00:38:19+00:00,0.43,True
SWA1643,Departure,2026-09-25T01:08:00+00:00,2026-09-24T12:54:13+00:00,2026-09-25T00:38:19+00:00,0.49,True
SWA1321,Departure,2026-09-25T01:34:00+00:00,2026-09-24T12:54:13+00:00,2026-09-25T00:38:19+00:00,0.93,True
SWA5412,Departure,2026-09-25T01:45:00+00:00,2026-09-24T14:23:12+00:00,2026-09-25T00:38:19+00:00,1.11,True
SWA4166,Departure,2026-09-25T01:45:00+00:00,2026-09-24T14:23:12+00:00,2026-09-25T00:38:19+00:00,1.11,True
SWA3955,Departure,2026-09-25T01:48:00+00:00,2026-09-24T14:23:12+00:00,2026-09-25T00:38:19+00:00,1.16,True
SWA4005,Departure,2026-09-25T01:55:00+00:00,2026-09-24T15:58:32+00:00,2026-09-25T00:38:19+00:00,1.28,True
SWA3202,Departure,2026-09-25T01:55:00+00:00,2026-09-24T15:58:32+00:00,2026-09-25T00:38:19+00:00,1.28,True
SWA3878,Departure,2026-09-25T01:58:00+00:00,2026-09-24T14:23:12+00:00,2026-09-25T00:38:19+00:00,1.33,True
SCX3007,Departure,2026-09-25T02:00:00+00:00,2026-09-25T00:38:19+00:00,2026-09-25T00:38:19+00:00,1.36,False
SWA3865,Departure,2026-09-25T02:03:00+00:00,2026-09-24T14:23:12+00:00,2026-09-25T00:38:19+00:00,1.41,True
SWA3850,Departure,2026-09-25T02:05:00+00:00,2026-09-24T15:58:32+00:00,2026-09-25T00:38:19+00:00,1.44,True
SWA1638,Departure,2026-09-25T02:06:00+00:00,2026-09-24T14:23:12+00:00,2026-09-25T00:38:19+00:00,1.46,True
UPS633,Departure,2026-09-25T03:32:00+00:00,2026-09-25T00:38:19+00:00,2026-09-25T00:38:19+00:00,2.89,False
FDX1309,Departure,2026-09-25T03:33:00+00:00,2026-09-25T00:38:19+00:00,2026-09-25T00:38:19+00:00,2.91,False
SKQ22,Departure,2026-09-25T05:45:00+00:00,2026-09-25T00:38:19+00:00,2026-09-25T00:38:19+00:00,5.11,False
DAL1597,Departure,2026-09-25T11:15:00+00:00,2026-09-25T00:38:19+00:00,2026-09-25T00:38:19+00:00,10.61,False
DAL1541,Arrival,2026-09-25T01:21:00+00:00,2026-09-24T14:23:12+00:00,2026-09-25T00:38:19+00:00,0.71,True
AAL2444,Arrival,2026-09-25T01:35:00+00:00,2026-09-24T14:23:12+00:00,2026-09-25T00:38:19+00:00,0.94,True
AAL4680,Arrival,2026-09-25T02:15:00+00:00,2026-09-24T15:58:32+00:00,2026-09-25T00:38:19+00:00,1.61,True
UAL1625,Arrival,2026-09-25T02:16:00+00:00,2026-09-24T15:58:32+00:00,2026-09-25T00:38:19+00:00,1.63,True
UAL2040,Arrival,2026-09-25T02:22:00+00:00,2026-09-24T15:58:32+00:00,2026-09-25T00:38:19+00:00,1.73,True
AAL4728,Arrival,2026-09-25T02:26:00+00:00,2026-09-24T15:58:32+00:00,2026-09-25T00:38:19+00:00,1.79,True
AAL1010,Arrival,2026-09-25T02:31:00+00:00,2026-09-24T15:58:32+00:00,2026-09-25T00:38:19+00:00,1.88,True
AAL4599,Arrival,2026-09-25T02:35:00+00:00,2026-09-24T15:58:32+00:00,2026-09-25T00:38:19+00:00,1.94,True
SWA3204,Arrival,2026-09-25T02:49:00+00:00,2026-09-24T15:58:32+00:00,2026-09-25T00:38:19+00:00,2.18,True
SWA674,Arrival,2026-09-25T03:04:00+00:00,2026-09-24T15:58:32+00:00,2026-09-25T00:38:19+00:00,2.43,True
SWA3449,Arrival,2026-09-25T03:13:00+00:00,2026-09-24T15:58:32+00:00,2026-09-25T00:38:19+00:00,2.58,True
SWA290,Arrival,2026-09-25T03:22:00+00:00,2026-09-24T15:58:32+00:00,2026-09-25T00:38:19+00:00,2.73,True
UAL1528,Arrival,2026-09-25T03:24:00+00:00,2026-09-24T15:58:32+00:00,2026-09-25T00:38:19+00:00,2.76,True
AAL459,Arrival,2026-09-25T03:33:00+00:00,2026-09-24T17:30:11+00:00,2026-09-25T00:38:19+00:00,2.91,True
SWA2659,Arrival,2026-09-25T03:37:00+00:00,2026-09-24T17:30:11+00:00,2026-09-25T00:38:19+00:00,2.98,True
SWA155,Arrival,2026-09-25T04:14:00+00:00,2026-09-24T17:30:11+00:00,2026-09-25T00:38:19+00:00,3.59,True
AAL5000,Arrival,2026-09-25T04:21:00+00:00,2026-09-24T17:30:11+00:00,2026-09-25T00:38:19+00:00,3.71,True
SWA3667,Arrival,2026-09-25T04:24:00+00:00,2026-09-24T17:30:11+00:00,2026-09-25T00:38:19+00:00,3.76,True
ASA472,Arrival,2026-09-25T05:13:00+00:00,2026-09-24T17:30:11+00:00,2026-09-25T00:38:19+00:00,4.58,True
SWA4528,Arrival,2026-09-25T05:34:00+00:00,2026-09-24T19:20:29+00:00,2026-09-25T00:38:19+00:00,4.93,True
SWA1603,Arrival,2026-09-25T05:59:00+00:00,2026-09-24T19:20:29+00:00,2026-09-25T00:38:19+00:00,5.34,True
KI437,Departure,2026-09-25T03:40:00+00:00,2026-09-25T02:47:22+00:00,2026-09-25T02:47:22+00:00,0.88,False
FDX1608,Departure,2026-09-25T04:05:00+00:00,2026-09-25T02:47:22+00:00,2026-09-25T02:47:22+00:00,1.29,False
UAL577,Departure,2026-09-25T12:30:00+00:00,2026-09-25T02:47:22+00:00,2026-09-25T02:47:22+00:00,9.71,False
UAL2792,Departure,2026-09-25T13:00:00+00:00,2026-09-25T02:47:22+00:00,2026-09-25T02:47:22+00:00,10.21,False
SWA1003,Departure,2026-09-25T13:25:00+00:00,2026-09-25T02:47:22+00:00,2026-09-25T02:47:22+00:00,10.63,False
UAL4601,Departure,2026-09-25T14:04:00+00:00,2026-09-25T02:47:22+00:00,2026-09-25T02:47:22+00:00,11.28,False
KI437,Arrival,2026-09-25T02:37:00+00:00,2026-09-25T02:47:22+00:00,2026-09-25T02:47:22+00:00,-0.17,False
EJA374,Arrival,2026-09-25T03:52:00+00:00,2026-09-25T02:47:22+00:00,2026-09-25T02:47:22+00:00,1.08,False
DAL1403,Arrival,2026-09-25T04:16:00+00:00,2026-09-24T17:30:11+00:00,2026-09-25T02:47:22+00:00,1.48,True
SKQ22,Arrival,2026-09-25T04:49:00+00:00,2026-09-25T02:47:22+00:00,2026-09-25T02:47:22+00:00,2.03,False
UAL4733,Arrival,2026-09-25T04:53:00+00:00,2026-09-24T17:30:11+00:00,2026-09-25T02:47:22+00:00,2.09,True
SCX3012,Arrival,2026-09-25T05:45:00+00:00,2026-09-25T02:47:22+00:00,2026-09-25T02:47:22+00:00,2.96,False
AAL1594,Arrival,2026-09-25T05:48:00+00:00,2026-09-24T17:30:11+00:00,2026-09-25T02:47:22+00:00,3.01,True
SWA3215,Arrival,2026-09-25T06:03:00+00:00,2026-09-24T19:20:29+00:00,2026-09-25T02:47:22+00:00,3.26,True
SCX3096,Arrival,2026-09-25T08:04:00+00:00,2026-09-25T02:47:22+00:00,2026-09-25T02:47:22+00:00,5.28,False
AAL3546,Arrival,2026-09-25T13:20:00+00:00,2026-09-25T02:47:22+00:00,2026-09-25T02:47:22+00:00,10.54,False
AAL4450,Departure,2026-09-25T11:05:00+00:00,2026-09-25T00:38:19+00:00,2026-09-25T11:16:51+00:00,-0.2,True
SWA2052,Departure,2026-09-25T11:05:00+00:00,2026-09-25T00:38:19+00:00,2026-09-25T11:16:51+00:00,-0.2,True
SWA3811,Departure,2026-09-25T11:05:00+00:00,2026-09-25T00:38:19+00:00,2026-09-25T11:16:51+00:00,-0.2,True
DAL1524,Departure,2026-09-25T11:08:00+00:00,2026-09-25T00:38:19+00:00,2026-09-25T11:16:51+00:00,-0.15,True
UAL4423,Departure,2026-09-25T11:09:00+00:00,2026-09-25T00:38:19+00:00,2026-09-25T11:16:51+00:00,-0.13,True
SWA3884,Departure,2026-09-25T11:10:00+00:00,2026-09-25T00:38:19+00:00,2026-09-25T11:16:51+00:00,-0.11,True
SWA3838,Departure,2026-09-25T11:13:00+00:00,2026-09-25T00:38:19+00:00,2026-09-25T11:16:51+00:00,-0.06,True
SWA4593,Departure,2026-09-25T11:14:00+00:00,2026-09-25T00:38:19+00:00,2026-09-25T11:16:51+00:00,-0.05,True
UAL1371,Departure,2026-09-25T11:15:00+00:00,2026-09-25T00:38:19+00:00,2026-09-25T11:16:51+00:00,-0.03,True
SWA3085,Departure,2026-09-25T11:25:00+00:00,2026-09-25T00:38:19+00:00,2026-09-25T11:16:51+00:00,0.14,True
SWA3826,Departure,2026-09-25T11:25:00+00:00,2026-09-25T00:38:19+00:00,2026-09-25T11:16:51+00:00,0.14,True
ASA473,Departure,2026-09-25T11:29:00+00:00,2026-09-25T00:38:19+00:00,2026-09-25T11:16:51+00:00,0.2,True
AAL6480,Departure,2026-09-25T11:30:00+00:00,2026-09-25T00:38:19+00:00,2026-09-25T11:16:51+00:00,0.22,True
AAL4667,Departure,2026-09-25T11:30:00+00:00,2026-09-25T00:38:19+00:00,2026-09-25T11:16:51+00:00,0.22,True
DAL1626,Departure,2026-09-25T11:40:00+00:00,2026-09-25T00:38:19+00:00,2026-09-25T11:16:51+00:00,0.39,True
AAL1515,Departure,2026-09-25T11:53:00+00:00,2026-09-25T00:38:19+00:00,2026-09-25T11:16:51+00:00,0.6,True
SWA242,Departure,2026-09-25T11:55:00+00:00,2026-09-25T00:38:19+00:00,2026-09-25T11:16:51+00:00,0.64,True
SWA4061,Departure,2026-09-25T12:00:00+00:00,2026-09-25T00:38:19+00:00,2026-09-25T11:16:51+00:00,0.72,True
EJA512,Departure,2026-09-25T12:00:00+00:00,2026-09-25T11:16:51+00:00,2026-09-25T11:16:51+00:00,0.72,False
AAL537,Departure,2026-09-25T12:00:00+00:00,2026-09-25T00:38:19+00:00,2026-09-25T11:16:51+00:00,0.72,True
SWA3886,Departure,2026-09-25T13:35:00+00:00,2026-09-25T02:47:22+00:00,2026-09-25T11:16:51+00:00,2.3,True
EJA693,Departure,2026-09-25T13:48:00+00:00,2026-09-25T11:16:51+00:00,2026-09-25T11:16:51+00:00,2.52,False
JTL25,Departure,2026-09-25T14:30:00+00:00,2026-09-25T11:16:51+00:00,2026-09-25T11:16:51+00:00,3.22,False
LXJ262,Departure,2026-09-25T14:30:00+00:00,2026-09-25T11:16:51+00:00,2026-09-25T11:16:51+00:00,3.22,False
FLE7637,Departure,2026-09-25T16:00:00+00:00,2026-09-25T11:16:51+00:00,2026-09-25T11:16:51+00:00,4.72,False
AAL2818,Departure,2026-09-25T16:01:00+00:00,2026-09-25T11:16:51+00:00,2026-09-25T11:16:51+00:00,4.74,False
UAL560,Departure,2026-09-25T17:20:00+00:00,2026-09-25T11:16:51+00:00,2026-09-25T11:16:51+00:00,6.05,False
DLH449,Departure,2026-09-25T20:30:00+00:00,2026-09-25T11:16:51+00:00,2026-09-25T11:16:51+00:00,9.22,False
SWA1356,Departure,2026-09-25T20:45:00+00:00,2026-09-25T11:16:51+00:00,2026-09-25T11:16:51+00:00,9.47,False
UAL2323,Departure,2026-09-25T21:39:00+00:00,2026-09-25T11:16:51+00:00,2026-09-25T11:16:51+00:00,10.37,False
SWA3357,Arrival,2026-09-25T11:58:00+00:00,2026-09-25T00:38:19+00:00,2026-09-25T11:16:51+00:00,0.69,True
KI524,Arrival,2026-09-25T12:00:00+00:00,2026-09-25T11:16:51+00:00,2026-09-25T11:16:51+00:00,0.72,False
SWA2433,Arrival,2026-09-25T12:15:00+00:00,2026-09-25T02:47:22+00:00,2026-09-25T11:16:51+00:00,0.97,True
SWA2164,Arrival,2026-09-25T12:24:00+00:00,2026-09-25T02:47:22+00:00,2026-09-25T11:16:51+00:00,1.12,True
SWA244,Arrival,2026-09-25T12:26:00+00:00,2026-09-25T02:47:22+00:00,2026-09-25T11:16:51+00:00,1.15,True
SWA3665,Arrival,2026-09-25T12:27:00+00:00,2026-09-25T02:47:22+00:00,2026-09-25T11:16:51+00:00,1.17,True
SWA1096,Arrival,2026-09-25T12:27:00+00:00,2026-09-25T02:47:22+00:00,2026-09-25T11:16:51+00:00,1.17,True
SWA2648,Arrival,2026-09-25T12:30:00+00:00,2026-09-25T02:47:22+00:00,2026-09-25T11:16:51+00:00,1.22,True
SWA2514,Arrival,2026-09-25T12:34:00+00:00,2026-09-25T02:47:22+00:00,2026-09-25T11:16:51+00:00,1.29,True
SWA2151,Arrival,2026-09-25T12:36:00+00:00,2026-09-25T02:47:22+00:00,2026-09-25T11:16:51+00:00,1.32,True
SWA1373,Arrival,2026-09-25T12:39:00+00:00,2026-09-25T02:47:22+00:00,2026-09-25T11:16:51+00:00,1.37,True
SWA1785,Arrival,2026-09-25T12:39:00+00:00,2026-09-25T02:47:22+00:00,2026-09-25T11:16:51+00:00,1.37,True
SWA2656,Arrival,2026-09-25T12:42:00+00:00,2026-09-25T02:47:22+00:00,2026-09-25T11:16:51+00:00,1.42,True
SWA1147,Arrival,2026-09-25T12:44:00+00:00,2026-09-25T02:47:22+00:00,2026-09-25T11:16:51+00:00,1.45,True
SWA855,Arrival,2026-09-25T12:49:00+00:00,2026-09-25T02:47:22+00:00,2026-09-25T11:16:51+00:00,1.54,True
SWA3311,Arrival,2026-09-25T12:50:00+00:00,2026-09-25T02:47:22+00:00,2026-09-25T11:16:51+00:00,1.55,True
DAL5286,Arrival,2026-09-25T13:00:00+00:00,2026-09-25T02:47:22+00:00,2026-09-25T11:16:51+00:00,1.72,True
DAL4939,Arrival,2026-09-25T13:01:00+00:00,2026-09-25T02:47:22+00:00,2026-09-25T11:16:51+00:00,1.74,True
SWA4968,Arrival,2026-09-25T13:04:00+00:00,2026-09-25T00:38:19+00:00,2026-09-25T11:16:51+00:00,1.79,True
AAL4340,Arrival,2026-09-25T13:37:00+00:00,2026-09-25T02:47:22+00:00,2026-09-25T11:16:51+00:00,2.34,True
UAL3689,Arrival,2026-09-25T13:41:00+00:00,2026-09-25T02:47:22+00:00,2026-09-25T11:16:51+00:00,2.4,True
SWA2955,Arrival,2026-09-25T13:51:00+00:00,2026-09-25T02:47:22+00:00,2026-09-25T11:16:51+00:00,2.57,True
SWA2810,Arrival,2026-09-25T13:55:00+00:00,2026-09-25T11:16:51+00:00,2026-09-25T11:16:51+00:00,2.64,False
SWA2949,Arrival,2026-09-25T13:56:00+00:00,2026-09-25T02:47:22+00:00,2026-09-25T11:16:51+00:00,2.65,True
SWA2837,Arrival,2026-09-25T14:09:00+00:00,2026-09-25T02:47:22+00:00,2026-09-25T11:16:51+00:00,2.87,True
SWA2019,Arrival,2026-09-25T14:14:00+00:00,2026-09-25T02:47:22+00:00,2026-09-25T11:16:51+00:00,2.95,True
SWA2209,Arrival,2026-09-25T14:19:00+00:00,2026-09-25T02:47:22+00:00,2026-09-25T11:16:51+00:00,3.04,True
SWA1400,Arrival,2026-09-25T14:24:00+00:00,2026-09-25T02:47:22+00:00,2026-09-25T11:16:51+00:00,3.12,True
SWA1650,Arrival,2026-09-25T14:24:00+00:00,2026-09-25T02:47:22+00:00,2026-09-25T11:16:51+00:00,3.12,True
SWA2431,Arrival,2026-09-25T14:29:00+00:00,2026-09-25T02:47:22+00:00,2026-09-25T11:16:51+00:00,3.2,True
UAL4587,Arrival,2026-09-25T14:35:00+00:00,2026-09-25T11:16:51+00:00,2026-09-25T11:16:51+00:00,3.3,False
SWA2359,Arrival,2026-09-25T14:45:00+00:00,2026-09-25T11:16:51+00:00,2026-09-25T11:16:51+00:00,3.47,False
SWA1260,Arrival,2026-09-25T14:54:00+00:00,2026-09-25T11:16:51+00:00,2026-09-25T11:16:51+00:00,3.62,False
SWA2405,Arrival,2026-09-25T15:09:00+00:00,2026-09-25T11:16:51+00:00,2026-09-25T11:16:51+00:00,3.87,False
SWA507,Arrival,2026-09-25T15:10:00+00:00,2026-09-25T11:16:51+00:00,2026-09-25T11:16:51+00:00,3.89,False
SWA3792,Arrival,2026-09-25T15:14:00+00:00,2026-09-25T11:16:51+00:00,2026-09-25T11:16:51+00:00,3.95,False
LXJ488,Arrival,2026-09-25T15:16:00+00:00,2026-09-25T11:16:51+00:00,2026-09-25T11:16:51+00:00,3.99,False
EJA754,Arrival,2026-09-25T16:07:00+00:00,2026-09-25T11:16:51+00:00,2026-09-25T11:16:51+00:00,4.84,False
EJA296,Arrival,2026-09-25T16:15:00+00:00,2026-09-25T11:16:51+00:00,2026-09-25T11:16:51+00:00,4.97,False
SWA2977,Arrival,2026-09-25T16:59:00+00:00,2026-09-25T11:16:51+00:00,2026-09-25T11:16:51+00:00,5.7,False
SWA248,Arrival,2026-09-25T17:39:00+00:00,2026-09-25T11:16:51+00:00,2026-09-25T11:16:51+00:00,6.37,False
DLH448,Arrival,2026-09-25T18:25:00+00:00,2026-09-25T11:16:51+00:00,2026-09-25T11:16:51+00:00,7.14,False
DAL2455,Arrival,2026-09-25T18:30:00+00:00,2026-09-25T11:16:51+00:00,2026-09-25T11:16:51+00:00,7.22,False
AAL2660,Arrival,2026-09-25T18:36:00+00:00,2026-09-25T11:16:51+00:00,2026-09-25T11:16:51+00:00,7.32,False
SWA2530,Arrival,2026-09-25T18:39:00+00:00,2026-09-25T11:16:51+00:00,2026-09-25T11:16:51+00:00,7.37,False
ASA388,Arrival,2026-09-25T19:02:00+00:00,2026-09-25T11:16:51+00:00,2026-09-25T11:16:51+00:00,7.75,False
DAL4905,Arrival,2026-09-25T20:31:00+00:00,2026-09-25T11:16:51+00:00,2026-09-25T11:16:51+00:00,9.24,False
ASA1318,Arrival,2026-09-25T22:10:00+00:00,2026-09-25T11:16:51+00:00,2026-09-25T11:16:51+00:00,10.89,False
AAL4727,Arrival,2026-09-25T22:24:00+00:00,2026-09-25T11:16:51+00:00,2026-09-25T11:16:51+00:00,11.12,False
DAL1492,Arrival,2026-09-25T22:37:00+00:00,2026-09-25T11:16:51+00:00,2026-09-25T11:16:51+00:00,11.34,False
SWA3804,Departure,2026-09-25T13:00:00+00:00,2026-09-25T02:47:22+00:00,2026-09-25T12:43:41+00:00,0.27,True
DAL2363,Departure,2026-09-25T13:00:00+00:00,2026-09-25T02:47:22+00:00,2026-09-25T12:43:41+00:00,0.27,True
AAL2574,Departure,2026-09-25T13:00:00+00:00,2026-09-25T02:47:22+00:00,2026-09-25T12:43:41+00:00,0.27,True
SWA1930,Departure,2026-09-25T13:10:00+00:00,2026-09-25T02:47:22+00:00,2026-09-25T12:43:41+00:00,0.44,True
SWA2190,Departure,2026-09-25T13:25:00+00:00,2026-09-25T02:47:22+00:00,2026-09-25T12:43:41+00:00,0.69,True
SWA3870,Departure,2026-09-25T13:25:00+00:00,2026-09-25T02:47:22+00:00,2026-09-25T12:43:41+00:00,0.69,True
SWA3892,Departure,2026-09-25T13:25:00+00:00,2026-09-25T02:47:22+00:00,2026-09-25T12:43:41+00:00,0.69,True
SWA4500,Departure,2026-09-25T13:25:00+00:00,2026-09-25T02:47:22+00:00,2026-09-25T12:43:41+00:00,0.69,True
SWA4157,Departure,2026-09-25T13:25:00+00:00,2026-09-25T02:47:22+00:00,2026-09-25T12:43:41+00:00,0.69,True
SWA3827,Departure,2026-09-25T13:30:00+00:00,2026-09-25T12:43:41+00:00,2026-09-25T12:43:41+00:00,0.77,False
UAL4506,Departure,2026-09-25T13:30:00+00:00,2026-09-25T02:47:22+00:00,2026-09-25T12:43:41+00:00,0.77,True
SWA1809,Departure,2026-09-25T13:30:00+00:00,2026-09-25T02:47:22+00:00,2026-09-25T12:43:41+00:00,0.77,True
SWA3261,Departure,2026-09-25T13:30:00+00:00,2026-09-25T02:47:22+00:00,2026-09-25T12:43:41+00:00,0.77,True
SWA383,Departure,2026-09-25T13:30:00+00:00,2026-09-25T12:43:41+00:00,2026-09-25T12:43:41+00:00,0.77,False
UAL4595,Departure,2026-09-25T13:35:00+00:00,2026-09-25T02:47:22+00:00,2026-09-25T12:43:41+00:00,0.86,True
SWA4522,Departure,2026-09-25T13:35:00+00:00,2026-09-25T02:47:22+00:00,2026-09-25T12:43:41+00:00,0.86,True
AAL712,Departure,2026-09-25T13:43:00+00:00,2026-09-25T02:47:22+00:00,2026-09-25T12:43:41+00:00,0.99,True
SWA2158,Departure,2026-09-25T13:45:00+00:00,2026-09-25T02:47:22+00:00,2026-09-25T12:43:41+00:00,1.02,True
KI524,Departure,2026-09-25T13:48:00+00:00,2026-09-25T12:43:41+00:00,2026-09-25T12:43:41+00:00,1.07,False
AAL3546,Departure,2026-09-25T13:54:00+00:00,2026-09-25T02:47:22+00:00,2026-09-25T12:43:41+00:00,1.17,True
SWA1173,Departure,2026-09-25T13:55:00+00:00,2026-09-25T02:47:22+00:00,2026-09-25T12:43:41+00:00,1.19,True
ACA8886,Departure,2026-09-25T13:55:00+00:00,2026-09-25T02:47:22+00:00,2026-09-25T12:43:41+00:00,1.19,True
SWA2545,Departure,2026-09-25T15:10:00+00:00,2026-09-25T11:16:51+00:00,2026-09-25T12:43:41+00:00,2.44,True
SWA3894,Departure,2026-09-25T15:10:00+00:00,2026-09-25T11:16:51+00:00,2026-09-25T12:43:41+00:00,2.44,True
SWA4206,Departure,2026-09-25T15:15:00+00:00,2026-09-25T11:16:51+00:00,2026-09-25T12:43:41+00:00,2.52,True
EJA374,Departure,2026-09-25T16:00:00+00:00,2026-09-25T12:43:41+00:00,2026-09-25T12:43:41+00:00,3.27,False
AAL4645,Departure,2026-09-25T22:18:00+00:00,2026-09-25T11:16:51+00:00,2026-09-25T12:43:41+00:00,9.57,True
SWA1822,Departure,2026-09-26T00:05:00+00:00,2026-09-25T12:43:41+00:00,2026-09-25T12:43:41+00:00,11.36,False
LXJ262,Arrival,2026-09-25T13:19:00+00:00,2026-09-25T12:43:41+00:00,2026-09-25T12:43:41+00:00,0.59,False
DAL1571,Arrival,2026-09-25T13:45:00+00:00,2026-09-25T02:47:22+00:00,2026-09-25T12:43:41+00:00,1.02,True
DAL2868,Arrival,2026-09-25T13:57:00+00:00,2026-09-25T11:16:51+00:00,2026-09-25T12:43:41+00:00,1.22,True
SWA2652,Arrival,2026-09-25T14:01:00+00:00,2026-09-25T11:16:51+00:00,2026-09-25T12:43:41+00:00,1.29,True
AAL3333,Arrival,2026-09-25T14:02:00+00:00,2026-09-25T11:16:51+00:00,2026-09-25T12:43:41+00:00,1.31,True
SWA2008,Arrival,2026-09-25T14:03:00+00:00,2026-09-25T11:16:51+00:00,2026-09-25T12:43:41+00:00,1.32,True
AAL2497,Arrival,2026-09-25T14:27:00+00:00,2026-09-25T11:16:51+00:00,2026-09-25T12:43:41+00:00,1.72,True
LXJ410,Arrival,2026-09-25T14:51:00+00:00,2026-09-25T12:43:41+00:00,2026-09-25T12:43:41+00:00,2.12,False
UAL6214,Arrival,2026-09-25T15:04:00+00:00,2026-09-25T11:16:51+00:00,2026-09-25T12:43:41+00:00,2.34,True
AAL4436,Arrival,2026-09-25T15:06:00+00:00,2026-09-25T11:16:51+00:00,2026-09-25T12:43:41+00:00,2.37,True
AAL2818,Arrival,2026-09-25T15:10:00+00:00,2026-09-25T11:16:51+00:00,2026-09-25T12:43:41+00:00,2.44,True
AAL1739,Arrival,2026-09-25T15:21:00+00:00,2026-09-25T11:16:51+00:00,2026-09-25T12:43:41+00:00,2.62,True
UAL4613,Arrival,2026-09-25T15:42:00+00:00,2026-09-25T11:16:51+00:00,2026-09-25T12:43:41+00:00,2.97,True
FFT3108,Arrival,2026-09-25T16:05:00+00:00,2026-09-25T11:16:51+00:00,2026-09-25T12:43:41+00:00,3.36,True
SWA1097,Arrival,2026-09-25T16:09:00+00:00,2026-09-25T11:16:51+00:00,2026-09-25T12:43:41+00:00,3.42,True
SWA1396,Arrival,2026-09-25T16:50:00+00:00,2026-09-25T11:16:51+00:00,2026-09-25T12:43:41+00:00,4.11,True
SWA3400,Arrival,2026-09-25T16:54:00+00:00,2026-09-25T11:16:51+00:00,2026-09-25T12:43:41+00:00,4.17,True
UAL1044,Arrival,2026-09-25T17:07:00+00:00,2026-09-25T11:16:51+00:00,2026-09-25T12:43:41+00:00,4.39,True
AAL2487,Arrival,2026-09-26T00:07:00+00:00,2026-09-25T12:43:41+00:00,2026-09-25T12:43:41+00:00,11.39,False
UAL2459,Departure,2026-09-25T14:14:00+00:00,2026-09-25T02:47:22+00:00,2026-09-25T14:23:46+00:00,-0.16,True
UAL3715,Departure,2026-09-25T14:30:00+00:00,2026-09-25T11:16:51+00:00,2026-09-25T14:23:46+00:00,0.1,True
AAL4443,Departure,2026-09-25T14:58:00+00:00,2026-09-25T11:16:51+00:00,2026-09-25T14:23:46+00:00,0.57,True
DAL5041,Departure,2026-09-25T15:00:00+00:00,2026-09-25T11:16:51+00:00,2026-09-25T14:23:46+00:00,0.6,True
SWA2591,Departure,2026-09-25T15:05:00+00:00,2026-09-25T11:16:51+00:00,2026-09-25T14:23:46+00:00,0.69,True
DAL1571,Departure,2026-09-25T15:05:00+00:00,2026-09-25T11:16:51+00:00,2026-09-25T14:23:46+00:00,0.69,True
SWA3798,Departure,2026-09-25T15:10:00+00:00,2026-09-25T11:16:51+00:00,2026-09-25T14:23:46+00:00,0.77,True
SWA3185,Departure,2026-09-25T15:10:00+00:00,2026-09-25T11:16:51+00:00,2026-09-25T14:23:46+00:00,0.77,True
SWA2537,Departure,2026-09-25T15:10:00+00:00,2026-09-25T11:16:51+00:00,2026-09-25T14:23:46+00:00,0.77,True
SWA3703,Departure,2026-09-25T15:10:00+00:00,2026-09-25T11:16:51+00:00,2026-09-25T14:23:46+00:00,0.77,True
AAL3333,Departure,2026-09-25T15:14:00+00:00,2026-09-25T11:16:51+00:00,2026-09-25T14:23:46+00:00,0.84,True
SWA2384,Departure,2026-09-25T15:20:00+00:00,2026-09-25T11:16:51+00:00,2026-09-25T14:23:46+00:00,0.94,True
AAL2497,Departure,2026-09-25T15:21:00+00:00,2026-09-25T11:16:51+00:00,2026-09-25T14:23:46+00:00,0.95,True
SWA1995,Departure,2026-09-25T15:25:00+00:00,2026-09-25T11:16:51+00:00,2026-09-25T14:23:46+00:00,1.02,True
SWA2390,Departure,2026-09-25T15:25:00+00:00,2026-09-25T11:16:51+00:00,2026-09-25T14:23:46+00:00,1.02,True
UAL4517,Departure,2026-09-25T15:27:00+00:00,2026-09-25T11:16:51+00:00,2026-09-25T14:23:46+00:00,1.05,True
DAL2868,Departure,2026-09-25T15:29:00+00:00,2026-09-25T11:16:51+00:00,2026-09-25T14:23:46+00:00,1.09,True
SWA3879,Departure,2026-09-25T15:35:00+00:00,2026-09-25T11:16:51+00:00,2026-09-25T14:23:46+00:00,1.19,True
SWA2926,Departure,2026-09-25T15:40:00+00:00,2026-09-25T11:16:51+00:00,2026-09-25T14:23:46+00:00,1.27,True
SWA3713,Departure,2026-09-25T15:55:00+00:00,2026-09-25T11:16:51+00:00,2026-09-25T14:23:46+00:00,1.52,True
SWA4334,Departure,2026-09-25T16:05:00+00:00,2026-09-25T11:16:51+00:00,2026-09-25T14:23:46+00:00,1.69,True
SWA3861,Departure,2026-09-25T16:10:00+00:00,2026-09-25T11:16:51+00:00,2026-09-25T14:23:46+00:00,1.77,True
LXJ488,Departure,2026-09-25T17:00:00+00:00,2026-09-25T14:23:46+00:00,2026-09-25T14:23:46+00:00,2.6,False
EJA296,Departure,2026-09-25T17:36:00+00:00,2026-09-25T14:23:46+00:00,2026-09-25T14:23:46+00:00,3.2,False
ASA674,Departure,2026-09-26T00:36:00+00:00,2026-09-25T14:23:46+00:00,2026-09-25T14:23:46+00:00,10.2,False
SWA3865,Departure,2026-09-26T01:50:00+00:00,2026-09-25T14:23:46+00:00,2026-09-25T14:23:46+00:00,11.44,False
DAL1289,Arrival,2026-09-25T15:09:00+00:00,2026-09-25T11:16:51+00:00,2026-09-25T14:23:46+00:00,0.75,True
DAL1400,Arrival,2026-09-25T15:28:00+00:00,2026-09-25T11:16:51+00:00,2026-09-25T14:23:46+00:00,1.07,True
SWA2838,Arrival,2026-09-25T15:29:00+00:00,2026-09-25T11:16:51+00:00,2026-09-25T14:23:46+00:00,1.09,True
SWA1965,Arrival,2026-09-25T16:04:00+00:00,2026-09-25T11:16:51+00:00,2026-09-25T14:23:46+00:00,1.67,True
UAL2311,Arrival,2026-09-25T16:16:00+00:00,2026-09-25T11:16:51+00:00,2026-09-25T14:23:46+00:00,1.87,True
AAL4074,Arrival,2026-09-25T16:37:00+00:00,2026-09-25T11:16:51+00:00,2026-09-25T14:23:46+00:00,2.22,True
DAL4922,Arrival,2026-09-25T16:38:00+00:00,2026-09-25T11:16:51+00:00,2026-09-25T14:23:46+00:00,2.24,True
SWA1733,Arrival,2026-09-25T16:44:00+00:00,2026-09-25T11:16:51+00:00,2026-09-25T14:23:46+00:00,2.34,True
SWA1755,Arrival,2026-09-25T17:14:00+00:00,2026-09-25T11:16:51+00:00,2026-09-25T14:23:46+00:00,2.84,True
EJA269,Arrival,2026-09-25T17:48:00+00:00,2026-09-25T14:23:46+00:00,2026-09-25T14:23:46+00:00,3.4,False
SWA2303,Arrival,2026-09-25T18:04:00+00:00,2026-09-25T11:16:51+00:00,2026-09-25T14:23:46+00:00,3.67,True
AAL477,Arrival,2026-09-25T18:12:00+00:00,2026-09-25T11:16:51+00:00,2026-09-25T14:23:46+00:00,3.8,True
SWA2442,Arrival,2026-09-25T18:19:00+00:00,2026-09-25T11:16:51+00:00,2026-09-25T14:23:46+00:00,3.92,True
SWA790,Arrival,2026-09-25T18:29:00+00:00,2026-09-25T11:16:51+00:00,2026-09-25T14:23:46+00:00,4.09,True
EJA711,Arrival,2026-09-25T18:31:00+00:00,2026-09-25T14:23:46+00:00,2026-09-25T14:23:46+00:00,4.12,False
SWA3378,Arrival,2026-09-25T18:34:00+00:00,2026-09-25T11:16:51+00:00,2026-09-25T14:23:46+00:00,4.17,True
SWA580,Arrival,2026-09-25T18:39:00+00:00,2026-09-25T11:16:51+00:00,2026-09-25T14:23:46+00:00,4.25,True
SWA2948,Arrival,2026-09-25T19:09:00+00:00,2026-09-25T11:16:51+00:00,2026-09-25T14:23:46+00:00,4.75,True
SWA2175,Arrival,2026-09-25T19:32:00+00:00,2026-09-25T11:16:51+00:00,2026-09-25T14:23:46+00:00,5.14,True
LXJ449,Arrival,2026-09-25T20:00:00+00:00,2026-09-25T14:23:46+00:00,2026-09-25T14:23:46+00:00,5.6,False
SWA4407,Arrival,2026-09-26T00:54:00+00:00,2026-09-25T14:23:46+00:00,2026-09-25T14:23:46+00:00,10.5,False
AAL4436,Departure,2026-09-25T15:45:00+00:00,2026-09-25T11:16:51+00:00,2026-09-25T15:57:44+00:00,-0.21,True
AAL1739,Departure,2026-09-25T16:09:00+00:00,2026-09-25T11:16:51+00:00,2026-09-25T15:57:44+00:00,0.19,True
UAL6213,Departure,2026-09-25T16:10:00+00:00,2026-09-25T11:16:51+00:00,2026-09-25T15:57:44+00:00,0.2,True
DAL1289,Departure,2026-09-25T16:21:00+00:00,2026-09-25T11:16:51+00:00,2026-09-25T15:57:44+00:00,0.39,True
UAL4395,Departure,2026-09-25T16:35:00+00:00,2026-09-25T11:16:51+00:00,2026-09-25T15:57:44+00:00,0.62,True
SWA3812,Departure,2026-09-25T16:40:00+00:00,2026-09-25T11:16:51+00:00,2026-09-25T15:57:44+00:00,0.7,True
SWA3877,Departure,2026-09-25T16:50:00+00:00,2026-09-25T11:16:51+00:00,2026-09-25T15:57:44+00:00,0.87,True
SWA3841,Departure,2026-09-25T17:16:00+00:00,2026-09-25T11:16:51+00:00,2026-09-25T15:57:44+00:00,1.3,True
SWA4039,Departure,2026-09-25T17:40:00+00:00,2026-09-25T11:16:51+00:00,2026-09-25T15:57:44+00:00,1.7,True
SWA3828,Departure,2026-09-25T17:45:00+00:00,2026-09-25T11:16:51+00:00,2026-09-25T15:57:44+00:00,1.79,True
LXJ302,Departure,2026-09-25T18:30:00+00:00,2026-09-25T15:57:44+00:00,2026-09-25T15:57:44+00:00,2.54,False
LXJ598,Departure,2026-09-25T18:30:00+00:00,2026-09-25T15:57:44+00:00,2026-09-25T15:57:44+00:00,2.54,False
EJA269,Departure,2026-09-25T19:00:00+00:00,2026-09-25T15:57:44+00:00,2026-09-25T15:57:44+00:00,3.04,False
EJA711,Departure,2026-09-25T19:36:00+00:00,2026-09-25T15:57:44+00:00,2026-09-25T15:57:44+00:00,3.64,False
UAL652,Arrival,2026-09-25T17:34:00+00:00,2026-09-25T11:16:51+00:00,2026-09-25T15:57:44+00:00,1.6,True
DAL1371,Arrival,2026-09-25T17:38:00+00:00,2026-09-25T11:16:51+00:00,2026-09-25T15:57:44+00:00,1.67,True
AAL3096,Arrival,2026-09-25T17:54:00+00:00,2026-09-25T11:16:51+00:00,2026-09-25T15:57:44+00:00,1.94,True
FFT4473,Arrival,2026-09-25T18:01:00+00:00,2026-09-25T11:16:51+00:00,2026-09-25T15:57:44+00:00,2.05,True
SWA127,Arrival,2026-09-25T18:59:00+00:00,2026-09-25T11:16:51+00:00,2026-09-25T15:57:44+00:00,3.02,True
SWA3979,Arrival,2026-09-25T19:08:00+00:00,2026-09-25T11:16:51+00:00,2026-09-25T15:57:44+00:00,3.17,True
SWA3044,Arrival,2026-09-25T19:32:00+00:00,2026-09-25T11:16:51+00:00,2026-09-25T15:57:44+00:00,3.57,True
SWA3121,Arrival,2026-09-25T19:35:00+00:00,2026-09-25T11:16:51+00:00,2026-09-25T15:57:44+00:00,3.62,True
SWA3413,Arrival,2026-09-25T19:38:00+00:00,2026-09-25T11:16:51+00:00,2026-09-25T15:57:44+00:00,3.67,True
SWA4080,Arrival,2026-09-25T19:51:00+00:00,2026-09-25T11:16:51+00:00,2026-09-25T15:57:44+00:00,3.89,True
CNS1220,Arrival,2026-09-25T22:27:00+00:00,2026-09-25T15:57:44+00:00,2026-09-25T15:57:44+00:00,6.49,False
UAL4518,Arrival,2026-09-25T23:55:00+00:00,2026-09-25T12:43:41+00:00,2026-09-25T15:57:44+00:00,7.95,True
DAL4922,Departure,2026-09-25T18:01:00+00:00,2026-09-25T11:16:51+00:00,2026-09-25T17:31:31+00:00,0.49,True
ACA8889,Arrival,2026-09-25T19:00:00+00:00,2026-09-25T11:16:51+00:00,2026-09-25T17:31:31+00:00,1.47,True
UAL2042,Arrival,2026-09-25T19:06:00+00:00,2026-09-25T11:16:51+00:00,2026-09-25T17:31:31+00:00,1.57,True
AAL459,Arrival,2026-09-26T03:33:00+00:00,2026-09-25T17:31:31+00:00,2026-09-25T17:31:31+00:00,10.02,False
AAL1445,Arrival,2026-09-26T04:43:00+00:00,2026-09-25T17:31:31+00:00,2026-09-25T17:31:31+00:00,11.19,False
SWA3829,Departure,2026-09-25T19:18:00+00:00,2026-09-25T11:16:51+00:00,2026-09-25T19:32:04+00:00,-0.23,True
AAL477,Departure,2026-09-25T19:22:00+00:00,2026-09-25T11:16:51+00:00,2026-09-25T19:32:04+00:00,-0.17,True
DAL2455,Departure,2026-09-25T19:29:00+00:00,2026-09-25T11:16:51+00:00,2026-09-25T19:32:04+00:00,-0.05,True
AAL2660,Departure,2026-09-25T19:30:00+00:00,2026-09-25T11:16:51+00:00,2026-09-25T19:32:04+00:00,-0.03,True
ACA8890,Departure,2026-09-25T19:40:00+00:00,2026-09-25T11:16:51+00:00,2026-09-25T19:32:04+00:00,0.13,True
SWA2530,Departure,2026-09-25T19:42:00+00:00,2026-09-25T11:16:51+00:00,2026-09-25T19:32:04+00:00,0.17,True
SWA122,Departure,2026-09-25T19:49:00+00:00,2026-09-25T11:16:51+00:00,2026-09-25T19:32:04+00:00,0.28,True
SWA3862,Departure,2026-09-25T19:54:00+00:00,2026-09-25T11:16:51+00:00,2026-09-25T19:32:04+00:00,0.37,True
UAL5332,Departure,2026-09-25T20:11:00+00:00,2026-09-25T11:16:51+00:00,2026-09-25T19:32:04+00:00,0.65,True
UAL652,Departure,2026-09-25T20:12:00+00:00,2026-09-25T11:16:51+00:00,2026-09-25T19:32:04+00:00,0.67,True
ASA388,Departure,2026-09-25T20:19:00+00:00,2026-09-25T11:16:51+00:00,2026-09-25T19:32:04+00:00,0.78,True
AAL1363,Departure,2026-09-25T20:34:00+00:00,2026-09-25T11:16:51+00:00,2026-09-25T19:32:04+00:00,1.03,True
SWA332,Departure,2026-09-25T21:15:00+00:00,2026-09-25T11:16:51+00:00,2026-09-25T19:32:04+00:00,1.72,True
SWA3852,Departure,2026-09-25T21:36:00+00:00,2026-09-25T11:16:51+00:00,2026-09-25T19:32:04+00:00,2.07,True
UAL5696,Arrival,2026-09-25T19:48:00+00:00,2026-09-25T11:16:51+00:00,2026-09-25T19:32:04+00:00,0.27,True
DAL3811,Arrival,2026-09-25T19:50:00+00:00,2026-09-25T11:16:51+00:00,2026-09-25T19:32:04+00:00,0.3,True
SWA2535,Arrival,2026-09-25T19:58:00+00:00,2026-09-25T11:16:51+00:00,2026-09-25T19:32:04+00:00,0.43,True
SWA422,Arrival,2026-09-25T20:20:00+00:00,2026-09-25T11:16:51+00:00,2026-09-25T19:32:04+00:00,0.8,True
UAL3717,Arrival,2026-09-25T20:55:00+00:00,2026-09-25T11:16:51+00:00,2026-09-25T19:32:04+00:00,1.38,True
AAL3944,Arrival,2026-09-25T21:04:00+00:00,2026-09-25T11:16:51+00:00,2026-09-25T19:32:04+00:00,1.53,True
SWA2839,Arrival,2026-09-25T21:14:00+00:00,2026-09-25T11:16:51+00:00,2026-09-25T19:32:04+00:00,1.7,True
SWA1996,Arrival,2026-09-25T21:15:00+00:00,2026-09-25T11:16:51+00:00,2026-09-25T19:32:04+00:00,1.72,True
AAL3066,Arrival,2026-09-25T21:19:00+00:00,2026-09-25T11:16:51+00:00,2026-09-25T19:32:04+00:00,1.78,True
DAL1224,Arrival,2026-09-25T21:19:00+00:00,2026-09-25T11:16:51+00:00,2026-09-25T19:32:04+00:00,1.78,True
FFT2635,Arrival,2026-09-25T21:23:00+00:00,2026-09-25T11:16:51+00:00,2026-09-25T19:32:04+00:00,1.85,True
UAL1639,Arrival,2026-09-25T21:32:00+00:00,2026-09-25T11:16:51+00:00,2026-09-25T19:32:04+00:00,2.0,True
AAL4645,Arrival,2026-09-25T21:39:00+00:00,2026-09-25T11:16:51+00:00,2026-09-25T19:32:04+00:00,2.12,True
SWA4055,Arrival,2026-09-25T21:48:00+00:00,2026-09-25T11:16:51+00:00,2026-09-25T19:32:04+00:00,2.27,True
UAL4416,Arrival,2026-09-25T21:55:00+00:00,2026-09-25T11:16:51+00:00,2026-09-25T19:32:04+00:00,2.38,True
AAL2686,Arrival,2026-09-25T22:27:00+00:00,2026-09-25T11:16:51+00:00,2026-09-25T19:32:04+00:00,2.92,True
SWA2631,Arrival,2026-09-25T22:59:00+00:00,2026-09-25T12:43:41+00:00,2026-09-25T19:32:04+00:00,3.45,True
SWA2317,Arrival,2026-09-25T22:59:00+00:00,2026-09-25T12:43:41+00:00,2026-09-25T19:32:04+00:00,3.45,True
SWA1404,Arrival,2026-09-25T22:59:00+00:00,2026-09-25T12:43:41+00:00,2026-09-25T19:32:04+00:00,3.45,True
SWA1695,Arrival,2026-09-25T23:31:00+00:00,2026-09-25T12:43:41+00:00,2026-09-25T19:32:04+00:00,3.98,True
UAL1905,Arrival,2026-09-25T23:37:00+00:00,2026-09-25T12:43:41+00:00,2026-09-25T19:32:04+00:00,4.08,True
SWA3281,Arrival,2026-09-25T23:38:00+00:00,2026-09-25T12:43:41+00:00,2026-09-25T19:32:04+00:00,4.1,True
SWA3471,Arrival,2026-09-25T23:45:00+00:00,2026-09-25T12:43:41+00:00,2026-09-25T19:32:04+00:00,4.22,True
SWA2076,Arrival,2026-09-26T00:12:00+00:00,2026-09-25T14:23:46+00:00,2026-09-25T19:32:04+00:00,4.67,True
DAL2666,Arrival,2026-09-26T05:44:00+00:00,2026-09-25T19:32:04+00:00,2026-09-25T19:32:04+00:00,10.2,False
DAL3811,Departure,2026-09-25T21:04:00+00:00,2026-09-25T11:16:51+00:00,2026-09-25T21:11:01+00:00,-0.12,True
AAL4449,Departure,2026-09-25T21:37:00+00:00,2026-09-25T11:16:51+00:00,2026-09-25T21:11:01+00:00,0.43,True
UAL3710,Departure,2026-09-25T21:50:00+00:00,2026-09-25T11:16:51+00:00,2026-09-25T21:11:01+00:00,0.65,True
SWA2839,Departure,2026-09-25T21:55:00+00:00,2026-09-25T11:16:51+00:00,2026-09-25T21:11:01+00:00,0.73,True
DAL543,Departure,2026-09-25T21:59:00+00:00,2026-09-25T11:16:51+00:00,2026-09-25T21:11:01+00:00,0.8,True
SWA4041,Departure,2026-09-25T22:04:00+00:00,2026-09-25T11:16:51+00:00,2026-09-25T21:11:01+00:00,0.88,True
AAL3739,Departure,2026-09-25T22:11:00+00:00,2026-09-25T11:16:51+00:00,2026-09-25T21:11:01+00:00,1.0,True
AAL2286,Departure,2026-09-25T22:13:00+00:00,2026-09-25T11:16:51+00:00,2026-09-25T21:11:01+00:00,1.03,True
DAL4905,Departure,2026-09-25T22:30:00+00:00,2026-09-25T11:16:51+00:00,2026-09-25T21:11:01+00:00,1.32,True
SWA3831,Departure,2026-09-25T22:39:00+00:00,2026-09-25T11:16:51+00:00,2026-09-25T21:11:01+00:00,1.47,True
SWA3807,Departure,2026-09-25T22:42:00+00:00,2026-09-25T11:16:51+00:00,2026-09-25T21:11:01+00:00,1.52,True
SWA1030,Departure,2026-09-25T22:50:00+00:00,2026-09-25T12:43:41+00:00,2026-09-25T21:11:01+00:00,1.65,True
SCX3008,Departure,2026-09-25T23:36:00+00:00,2026-09-25T21:11:01+00:00,2026-09-25T21:11:01+00:00,2.42,False
SWA3940,Departure,2026-09-25T23:54:00+00:00,2026-09-25T12:43:41+00:00,2026-09-25T21:11:01+00:00,2.72,True
UAL2000,Arrival,2026-09-25T21:06:00+00:00,2026-09-25T11:16:51+00:00,2026-09-25T21:11:01+00:00,-0.08,True
SWA2570,Arrival,2026-09-25T21:25:00+00:00,2026-09-25T11:16:51+00:00,2026-09-25T21:11:01+00:00,0.23,True
AAL4449,Arrival,2026-09-25T21:47:00+00:00,2026-09-25T11:16:51+00:00,2026-09-25T21:11:01+00:00,0.6,True
DAL2822,Arrival,2026-09-25T21:50:00+00:00,2026-09-25T11:16:51+00:00,2026-09-25T21:11:01+00:00,0.65,True
SWA3362,Arrival,2026-09-25T21:58:00+00:00,2026-09-25T11:16:51+00:00,2026-09-25T21:11:01+00:00,0.78,True
AAL2571,Arrival,2026-09-25T22:00:00+00:00,2026-09-25T11:16:51+00:00,2026-09-25T21:11:01+00:00,0.82,True
SWA4432,Arrival,2026-09-25T22:04:00+00:00,2026-09-25T11:16:51+00:00,2026-09-25T21:11:01+00:00,0.88,True
SWA1772,Arrival,2026-09-25T22:14:00+00:00,2026-09-25T11:16:51+00:00,2026-09-25T21:11:01+00:00,1.05,True
DAL1393,Arrival,2026-09-25T22:20:00+00:00,2026-09-25T11:16:51+00:00,2026-09-25T21:11:01+00:00,1.15,True
EJA481,Arrival,2026-09-25T22:24:00+00:00,2026-09-25T21:11:01+00:00,2026-09-25T21:11:01+00:00,1.22,False
SWA2538,Arrival,2026-09-25T22:37:00+00:00,2026-09-25T12:43:41+00:00,2026-09-25T21:11:01+00:00,1.43,True
AAL2761,Arrival,2026-09-25T22:38:00+00:00,2026-09-25T12:43:41+00:00,2026-09-25T21:11:01+00:00,1.45,True
SWA2908,Arrival,2026-09-25T22:40:00+00:00,2026-09-25T12:43:41+00:00,2026-09-25T21:11:01+00:00,1.48,True
SWA1766,Arrival,2026-09-25T22:42:00+00:00,2026-09-25T12:43:41+00:00,2026-09-25T21:11:01+00:00,1.52,True
SWA3001,Arrival,2026-09-25T22:47:00+00:00,2026-09-25T11:16:51+00:00,2026-09-25T21:11:01+00:00,1.6,True
SWA1375,Arrival,2026-09-25T22:53:00+00:00,2026-09-25T12:43:41+00:00,2026-09-25T21:11:01+00:00,1.7,True
SWA3070,Arrival,2026-09-25T22:56:00+00:00,2026-09-25T12:43:41+00:00,2026-09-25T21:11:01+00:00,1.75,True
SWA2144,Arrival,2026-09-25T23:08:00+00:00,2026-09-25T12:43:41+00:00,2026-09-25T21:11:01+00:00,1.95,True
SWA3755,Arrival,2026-09-25T23:18:00+00:00,2026-09-25T12:43:41+00:00,2026-09-25T21:11:01+00:00,2.12,True
SWA3564,Arrival,2026-09-25T23:46:00+00:00,2026-09-25T11:16:51+00:00,2026-09-25T21:11:01+00:00,2.58,True
ASA672,Arrival,2026-09-25T23:47:00+00:00,2026-09-25T12:43:41+00:00,2026-09-25T21:11:01+00:00,2.6,True
SWA4254,Arrival,2026-09-25T23:59:00+00:00,2026-09-25T12:43:41+00:00,2026-09-25T21:11:01+00:00,2.8,True
SWA2950,Arrival,2026-09-26T00:01:00+00:00,2026-09-25T14:23:46+00:00,2026-09-25T21:11:01+00:00,2.83,True
UAL4527,Arrival,2026-09-26T00:15:00+00:00,2026-09-25T14:23:46+00:00,2026-09-25T21:11:01+00:00,3.07,True
SWA3555,Arrival,2026-09-26T00:26:00+00:00,2026-09-25T14:23:46+00:00,2026-09-25T21:11:01+00:00,3.25,True
UAL4412,Arrival,2026-09-26T00:35:00+00:00,2026-09-25T14:23:46+00:00,2026-09-25T21:11:01+00:00,3.4,True
SWA681,Arrival,2026-09-26T00:37:00+00:00,2026-09-25T12:43:41+00:00,2026-09-25T21:11:01+00:00,3.43,True
SWA3392,Arrival,2026-09-26T00:54:00+00:00,2026-09-25T14:23:46+00:00,2026-09-25T21:11:01+00:00,3.72,True
UAL541,Departure,2026-09-25T22:36:00+00:00,2026-09-25T11:16:51+00:00,2026-09-25T22:43:48+00:00,-0.13,True
AAL3049,Departure,2026-09-25T22:45:00+00:00,2026-09-25T11:16:51+00:00,2026-09-25T22:43:48+00:00,0.02,True
DAL1224,Departure,2026-09-25T22:47:00+00:00,2026-09-25T12:43:41+00:00,2026-09-25T22:43:48+00:00,0.05,True
SWA4380,Departure,2026-09-25T23:00:00+00:00,2026-09-25T12:43:41+00:00,2026-09-25T22:43:48+00:00,0.27,True
AAL4727,Departure,2026-09-25T23:00:00+00:00,2026-09-25T12:43:41+00:00,2026-09-25T22:43:48+00:00,0.27,True
SWA2704,Departure,2026-09-25T23:05:00+00:00,2026-09-25T12:43:41+00:00,2026-09-25T22:43:48+00:00,0.35,True
ASA1318,Departure,2026-09-25T23:08:00+00:00,2026-09-25T12:43:41+00:00,2026-09-25T22:43:48+00:00,0.4,True
DAL2822,Departure,2026-09-25T23:17:00+00:00,2026-09-25T12:43:41+00:00,2026-09-25T22:43:48+00:00,0.55,True
SWA3001,Departure,2026-09-25T23:35:00+00:00,2026-09-25T12:43:41+00:00,2026-09-25T22:43:48+00:00,0.85,True
SWA4585,Departure,2026-09-25T23:40:00+00:00,2026-09-25T12:43:41+00:00,2026-09-25T22:43:48+00:00,0.94,True
SWA4074,Departure,2026-09-25T23:54:00+00:00,2026-09-25T12:43:41+00:00,2026-09-25T22:43:48+00:00,1.17,True
DAL1393,Departure,2026-09-25T23:54:00+00:00,2026-09-25T12:43:41+00:00,2026-09-25T22:43:48+00:00,1.17,True
SWA1317,Departure,2026-09-25T23:54:00+00:00,2026-09-25T12:43:41+00:00,2026-09-25T22:43:48+00:00,1.17,True
DAL1492,Departure,2026-09-25T23:55:00+00:00,2026-09-25T12:43:41+00:00,2026-09-25T22:43:48+00:00,1.19,True
SWA3895,Departure,2026-09-25T23:57:00+00:00,2026-09-25T12:43:41+00:00,2026-09-25T22:43:48+00:00,1.22,True
SWA3800,Departure,2026-09-26T00:06:00+00:00,2026-09-25T12:43:41+00:00,2026-09-25T22:43:48+00:00,1.37,True
SWA3814,Departure,2026-09-26T00:08:00+00:00,2026-09-25T12:43:41+00:00,2026-09-25T22:43:48+00:00,1.4,True
SWA3883,Departure,2026-09-26T00:08:00+00:00,2026-09-25T12:43:41+00:00,2026-09-25T22:43:48+00:00,1.4,True
SWA1813,Departure,2026-09-26T00:20:00+00:00,2026-09-25T12:43:41+00:00,2026-09-25T22:43:48+00:00,1.6,True
SWA1643,Departure,2026-09-26T00:33:00+00:00,2026-09-25T12:43:41+00:00,2026-09-25T22:43:48+00:00,1.82,True
UPS635,Departure,2026-09-26T02:45:00+00:00,2026-09-25T22:43:48+00:00,2026-09-25T22:43:48+00:00,4.02,False
ACA8687,Arrival,2026-09-25T23:41:00+00:00,2026-09-25T12:43:41+00:00,2026-09-25T22:43:48+00:00,0.95,True
FFT3302,Arrival,2026-09-26T00:05:00+00:00,2026-09-25T12:43:41+00:00,2026-09-25T22:43:48+00:00,1.35,True
DAL2833,Arrival,2026-09-26T00:33:00+00:00,2026-09-25T14:23:46+00:00,2026-09-25T22:43:48+00:00,1.82,True
ACA8891,Arrival,2026-09-26T00:42:00+00:00,2026-09-25T14:23:46+00:00,2026-09-25T22:43:48+00:00,1.97,True
SWA4142,Arrival,2026-09-26T00:49:00+00:00,2026-09-25T14:23:46+00:00,2026-09-25T22:43:48+00:00,2.09,True
SWA3312,Arrival,2026-09-26T00:56:00+00:00,2026-09-25T14:23:46+00:00,2026-09-25T22:43:48+00:00,2.2,True
SWA2508,Arrival,2026-09-26T00:58:00+00:00,2026-09-25T14:23:46+00:00,2026-09-25T22:43:48+00:00,2.24,True
SWA2035,Arrival,2026-09-26T01:12:00+00:00,2026-09-25T14:23:46+00:00,2026-09-25T22:43:48+00:00,2.47,True
SWA4120,Arrival,2026-09-26T01:21:00+00:00,2026-09-25T14:23:46+00:00,2026-09-25T22:43:48+00:00,2.62,True
SWA3266,Arrival,2026-09-26T01:23:00+00:00,2026-09-25T14:23:46+00:00,2026-09-25T22:43:48+00:00,2.65,True
SWA1726,Arrival,2026-09-26T01:26:00+00:00,2026-09-25T14:23:46+00:00,2026-09-25T22:43:48+00:00,2.7,True
UAL1422,Arrival,2026-09-26T01:30:00+00:00,2026-09-25T14:23:46+00:00,2026-09-25T22:43:48+00:00,2.77,True
SWA2218,Arrival,2026-09-26T01:39:00+00:00,2026-09-25T14:23:46+00:00,2026-09-25T22:43:48+00:00,2.92,True
AAL890,Arrival,2026-09-26T02:00:00+00:00,2026-09-25T14:23:46+00:00,2026-09-25T22:43:48+00:00,3.27,True
EJA944,Arrival,2026-09-26T02:15:00+00:00,2026-09-25T22:43:48+00:00,2026-09-25T22:43:48+00:00,3.52,False
SWA339,Arrival,2026-09-26T02:38:00+00:00,2026-09-25T15:57:44+00:00,2026-09-25T22:43:48+00:00,3.9,True
SWA2473,Arrival,2026-09-26T02:45:00+00:00,2026-09-25T14:23:46+00:00,2026-09-25T22:43:48+00:00,4.02,True
SWA3204,Arrival,2026-09-26T02:49:00+00:00,2026-09-25T15:57:44+00:00,2026-09-25T22:43:48+00:00,4.09,True
SWA2659,Arrival,2026-09-26T03:01:00+00:00,2026-09-25T17:31:31+00:00,2026-09-25T22:43:48+00:00,4.29,True
SWA2319,Arrival,2026-09-26T03:39:00+00:00,2026-09-25T17:31:31+00:00,2026-09-25T22:43:48+00:00,4.92,True
SWA1808,Departure,2026-09-26T00:30:00+00:00,2026-09-25T12:43:41+00:00,2026-09-26T00:38:51+00:00,-0.15,True
SWA2037,Departure,2026-09-26T00:40:00+00:00,2026-09-25T14:23:46+00:00,2026-09-26T00:38:51+00:00,0.02,True
SWA1321,Departure,2026-09-26T00:47:00+00:00,2026-09-25T12:43:41+00:00,2026-09-26T00:38:51+00:00,0.14,True
SWA4165,Departure,2026-09-26T00:54:00+00:00,2026-09-25T14:23:46+00:00,2026-09-26T00:38:51+00:00,0.25,True
FFT4567,Departure,2026-09-26T01:10:00+00:00,2026-09-25T14:23:46+00:00,2026-09-26T00:38:51+00:00,0.52,True
SWA3825,Departure,2026-09-26T01:30:00+00:00,2026-09-25T14:23:46+00:00,2026-09-26T00:38:51+00:00,0.85,True
SWA5412,Departure,2026-09-26T01:45:00+00:00,2026-09-25T14:23:46+00:00,2026-09-26T00:38:51+00:00,1.1,True
SWA3832,Departure,2026-09-26T01:45:00+00:00,2026-09-25T14:23:46+00:00,2026-09-26T00:38:51+00:00,1.1,True
SWA4166,Departure,2026-09-26T01:45:00+00:00,2026-09-25T14:23:46+00:00,2026-09-26T00:38:51+00:00,1.1,True
SWA4407,Departure,2026-09-26T01:50:00+00:00,2026-09-25T14:23:46+00:00,2026-09-26T00:38:51+00:00,1.19,True
SWA2710,Departure,2026-09-26T01:54:00+00:00,2026-09-25T14:23:46+00:00,2026-09-26T00:38:51+00:00,1.25,True
SWA3955,Departure,2026-09-26T01:55:00+00:00,2026-09-25T14:23:46+00:00,2026-09-26T00:38:51+00:00,1.27,True
SWA4005,Departure,2026-09-26T01:55:00+00:00,2026-09-25T15:57:44+00:00,2026-09-26T00:38:51+00:00,1.27,True
SWA3202,Departure,2026-09-26T01:55:00+00:00,2026-09-25T15:57:44+00:00,2026-09-26T00:38:51+00:00,1.27,True
SWA4690,Departure,2026-09-26T02:05:00+00:00,2026-09-25T15:57:44+00:00,2026-09-26T00:38:51+00:00,1.44,True
SWA3850,Departure,2026-09-26T02:05:00+00:00,2026-09-25T15:57:44+00:00,2026-09-26T00:38:51+00:00,1.44,True
SWA3878,Departure,2026-09-26T02:30:00+00:00,2026-09-25T14:23:46+00:00,2026-09-26T00:38:51+00:00,1.85,True
BAW220,Departure,2026-09-26T02:35:00+00:00,2026-09-25T15:57:44+00:00,2026-09-26T00:38:51+00:00,1.94,True
SWA1638,Departure,2026-09-26T02:40:00+00:00,2026-09-25T14:23:46+00:00,2026-09-26T00:38:51+00:00,2.02,True
SKQ22,Departure,2026-09-26T04:55:00+00:00,2026-09-26T00:38:51+00:00,2026-09-26T00:38:51+00:00,4.27,False
DAL1541,Arrival,2026-09-26T01:14:00+00:00,2026-09-25T14:23:46+00:00,2026-09-26T00:38:51+00:00,0.59,True
AAL2444,Arrival,2026-09-26T01:36:00+00:00,2026-09-25T14:23:46+00:00,2026-09-26T00:38:51+00:00,0.95,True
UAL2040,Arrival,2026-09-26T02:04:00+00:00,2026-09-25T15:57:44+00:00,2026-09-26T00:38:51+00:00,1.42,True
UAL1625,Arrival,2026-09-26T02:16:00+00:00,2026-09-25T15:57:44+00:00,2026-09-26T00:38:51+00:00,1.62,True
AAL4680,Arrival,2026-09-26T02:21:00+00:00,2026-09-25T15:57:44+00:00,2026-09-26T00:38:51+00:00,1.7,True
AAL4599,Arrival,2026-09-26T02:35:00+00:00,2026-09-25T15:57:44+00:00,2026-09-26T00:38:51+00:00,1.94,True
SWA674,Arrival,2026-09-26T03:04:00+00:00,2026-09-25T15:57:44+00:00,2026-09-26T00:38:51+00:00,2.42,True
AAL4728,Arrival,2026-09-26T03:14:00+00:00,2026-09-25T15:57:44+00:00,2026-09-26T00:38:51+00:00,2.59,True
UAL1528,Arrival,2026-09-26T03:24:00+00:00,2026-09-25T15:57:44+00:00,2026-09-26T00:38:51+00:00,2.75,True
SWA155,Arrival,2026-09-26T03:33:00+00:00,2026-09-25T15:57:44+00:00,2026-09-26T00:38:51+00:00,2.9,True
EJA990,Arrival,2026-09-26T03:49:00+00:00,2026-09-26T00:38:51+00:00,2026-09-26T00:38:51+00:00,3.17,False
UAL4576,Arrival,2026-09-26T03:53:00+00:00,2026-09-25T17:31:31+00:00,2026-09-26T00:38:51+00:00,3.24,True
SWA290,Arrival,2026-09-26T04:04:00+00:00,2026-09-25T15:57:44+00:00,2026-09-26T00:38:51+00:00,3.42,True
EJA980,Arrival,2026-09-26T04:18:00+00:00,2026-09-26T00:38:51+00:00,2026-09-26T00:38:51+00:00,3.65,False
AAL5000,Arrival,2026-09-26T04:21:00+00:00,2026-09-25T17:31:31+00:00,2026-09-26T00:38:51+00:00,3.7,True
SKQ22,Arrival,2026-09-26T04:44:00+00:00,2026-09-26T00:38:51+00:00,2026-09-26T00:38:51+00:00,4.09,False
SWA1603,Arrival,2026-09-26T04:49:00+00:00,2026-09-25T17:31:31+00:00,2026-09-26T00:38:51+00:00,4.17,True
ASA472,Arrival,2026-09-26T05:11:00+00:00,2026-09-25T17:31:31+00:00,2026-09-26T00:38:51+00:00,4.54,True
SWA3215,Arrival,2026-09-26T05:56:00+00:00,2026-09-25T19:32:04+00:00,2026-09-26T00:38:51+00:00,5.29,True
SWA4528,Arrival,2026-09-26T07:10:00+00:00,2026-09-25T19:32:04+00:00,2026-09-26T00:38:51+00:00,6.52,True
FDX1309,Departure,2026-09-26T03:33:00+00:00,2026-09-26T02:09:05+00:00,2026-09-26T02:09:05+00:00,1.4,False
SWA3862,Departure,2026-09-26T13:25:00+00:00,2026-09-26T02:09:05+00:00,2026-09-26T02:09:05+00:00,11.27,False
KI437,Arrival,2026-09-26T02:07:00+00:00,2026-09-26T02:09:05+00:00,2026-09-26T02:09:05+00:00,-0.03,False
DAL1609,Arrival,2026-09-26T03:51:00+00:00,2026-09-25T17:31:31+00:00,2026-09-26T02:09:05+00:00,1.7,True
AAL1594,Arrival,2026-09-26T04:50:00+00:00,2026-09-25T17:31:31+00:00,2026-09-26T02:09:05+00:00,2.68,True
SCX3012,Arrival,2026-09-26T05:43:00+00:00,2026-09-26T02:09:05+00:00,2026-09-26T02:09:05+00:00,3.57,False
SWA3449,Arrival,2026-09-26T06:15:00+00:00,2026-09-25T15:57:44+00:00,2026-09-26T02:09:05+00:00,4.1,True
SCX3096,Arrival,2026-09-26T07:56:00+00:00,2026-09-26T02:09:05+00:00,2026-09-26T02:09:05+00:00,5.78,False
SWA1674,Arrival,2026-09-26T12:10:00+00:00,2026-09-26T02:09:05+00:00,2026-09-26T02:09:05+00:00,10.02,False
SWA4203,Arrival,2026-09-26T12:17:00+00:00,2026-09-25T14:23:46+00:00,2026-09-26T02:09:05+00:00,10.13,True
SWA3392,Arrival,2026-09-26T12:30:00+00:00,2026-09-26T02:09:05+00:00,2026-09-26T02:09:05+00:00,10.35,False
SWA4203,Arrival,2026-09-26T12:40:00+00:00,2026-09-26T02:09:05+00:00,2026-09-26T02:09:05+00:00,10.52,False
SWA3861,Departure,2026-09-26T10:56:00+00:00,2026-09-26T00:38:51+00:00,2026-09-26T11:08:16+00:00,-0.2,True
DAL1524,Departure,2026-09-26T11:00:00+00:00,2026-09-26T00:38:51+00:00,2026-09-26T11:08:16+00:00,-0.14,True
UAL4423,Departure,2026-09-26T11:00:00+00:00,2026-09-26T00:38:51+00:00,2026-09-26T11:08:16+00:00,-0.14,True
SCX3027,Departure,2026-09-26T11:04:00+00:00,2026-09-26T11:08:16+00:00,2026-09-26T11:08:16+00:00,-0.07,False
UAL1371,Departure,2026-09-26T11:15:00+00:00,2026-09-26T00:38:51+00:00,2026-09-26T11:08:16+00:00,0.11,True
AAL6480,Departure,2026-09-26T11:20:00+00:00,2026-09-26T00:38:51+00:00,2026-09-26T11:08:16+00:00,0.2,True
ASA473,Departure,2026-09-26T11:29:00+00:00,2026-09-26T00:38:51+00:00,2026-09-26T11:08:16+00:00,0.35,True
SWA3893,Departure,2026-09-26T11:30:00+00:00,2026-09-26T00:38:51+00:00,2026-09-26T11:08:16+00:00,0.36,True
AAL4667,Departure,2026-09-26T11:30:00+00:00,2026-09-26T00:38:51+00:00,2026-09-26T11:08:16+00:00,0.36,True
DAL1597,Departure,2026-09-26T11:35:00+00:00,2026-09-26T00:38:51+00:00,2026-09-26T11:08:16+00:00,0.45,True
DAL1626,Departure,2026-09-26T11:40:00+00:00,2026-09-26T00:38:51+00:00,2026-09-26T11:08:16+00:00,0.53,True
SWA3811,Departure,2026-09-26T11:45:00+00:00,2026-09-26T00:38:51+00:00,2026-09-26T11:08:16+00:00,0.61,True
SWA4583,Departure,2026-09-26T11:50:00+00:00,2026-09-26T00:38:51+00:00,2026-09-26T11:08:16+00:00,0.7,True
AAL1515,Departure,2026-09-26T11:53:00+00:00,2026-09-26T00:38:51+00:00,2026-09-26T11:08:16+00:00,0.75,True
AAL4634,Departure,2026-09-26T11:54:00+00:00,2026-09-26T00:38:51+00:00,2026-09-26T11:08:16+00:00,0.76,True
SWA3826,Departure,2026-09-26T12:00:00+00:00,2026-09-26T00:38:51+00:00,2026-09-26T11:08:16+00:00,0.86,True
AAL537,Departure,2026-09-26T12:00:00+00:00,2026-09-26T00:38:51+00:00,2026-09-26T11:08:16+00:00,0.86,True
SWA3845,Departure,2026-09-26T12:10:00+00:00,2026-09-26T02:09:05+00:00,2026-09-26T11:08:16+00:00,1.03,True
SWA3804,Departure,2026-09-26T12:50:00+00:00,2026-09-26T02:09:05+00:00,2026-09-26T11:08:16+00:00,1.7,True
EJA481,Departure,2026-09-26T13:00:00+00:00,2026-09-26T11:08:16+00:00,2026-09-26T11:08:16+00:00,1.86,False
LXJ351,Departure,2026-09-26T14:14:00+00:00,2026-09-26T11:08:16+00:00,2026-09-26T11:08:16+00:00,3.1,False
SWA939,Departure,2026-09-26T15:15:00+00:00,2026-09-26T11:08:16+00:00,2026-09-26T11:08:16+00:00,4.11,False
SWA3814,Departure,2026-09-26T16:15:00+00:00,2026-09-26T11:08:16+00:00,2026-09-26T11:08:16+00:00,5.11,False
SWA2704,Departure,2026-09-26T17:45:00+00:00,2026-09-26T11:08:16+00:00,2026-09-26T11:08:16+00:00,6.61,False
SWA4005,Departure,2026-09-26T18:55:00+00:00,2026-09-26T11:08:16+00:00,2026-09-26T11:08:16+00:00,7.78,False
SWA4407,Departure,2026-09-26T18:55:00+00:00,2026-09-26T11:08:16+00:00,2026-09-26T11:08:16+00:00,7.78,False
SWA4585,Departure,2026-09-26T19:05:00+00:00,2026-09-26T11:08:16+00:00,2026-09-26T11:08:16+00:00,7.95,False
SWA957,Departure,2026-09-26T21:20:00+00:00,2026-09-26T11:08:16+00:00,2026-09-26T11:08:16+00:00,10.2,False
UAL2323,Departure,2026-09-26T21:49:00+00:00,2026-09-26T11:08:16+00:00,2026-09-26T11:08:16+00:00,10.68,False
SCX3002,Arrival,2026-09-26T11:07:00+00:00,2026-09-26T11:08:16+00:00,2026-09-26T11:08:16+00:00,-0.02,False
AAL445,Arrival,2026-09-26T11:46:00+00:00,2026-09-26T11:08:16+00:00,2026-09-26T11:08:16+00:00,0.63,False
SWA999,Arrival,2026-09-26T12:01:00+00:00,2026-09-26T02:09:05+00:00,2026-09-26T11:08:16+00:00,0.88,True
SWA868,Arrival,2026-09-26T12:05:00+00:00,2026-09-26T02:09:05+00:00,2026-09-26T11:08:16+00:00,0.95,True
SWA2656,Arrival,2026-09-26T12:08:00+00:00,2026-09-26T02:09:05+00:00,2026-09-26T11:08:16+00:00,1.0,True
SWA3311,Arrival,2026-09-26T12:14:00+00:00,2026-09-26T02:09:05+00:00,2026-09-26T11:08:16+00:00,1.1,True
SWA3039,Arrival,2026-09-26T12:25:00+00:00,2026-09-26T00:38:51+00:00,2026-09-26T11:08:16+00:00,1.28,True
SWA873,Arrival,2026-09-26T12:29:00+00:00,2026-09-26T02:09:05+00:00,2026-09-26T11:08:16+00:00,1.35,True
SWA4975,Arrival,2026-09-26T12:32:00+00:00,2026-09-26T02:09:05+00:00,2026-09-26T11:08:16+00:00,1.4,True
SWA2837,Arrival,2026-09-26T12:39:00+00:00,2026-09-26T02:09:05+00:00,2026-09-26T11:08:16+00:00,1.51,True
SWA1147,Arrival,2026-09-26T12:39:00+00:00,2026-09-26T02:09:05+00:00,2026-09-26T11:08:16+00:00,1.51,True
EJA887,Arrival,2026-09-26T12:50:00+00:00,2026-09-26T11:08:16+00:00,2026-09-26T11:08:16+00:00,1.7,False
SWA478,Arrival,2026-09-26T13:09:00+00:00,2026-09-26T02:09:05+00:00,2026-09-26T11:08:16+00:00,2.01,True
SWA2738,Arrival,2026-09-26T13:31:00+00:00,2026-09-26T11:08:16+00:00,2026-09-26T11:08:16+00:00,2.38,False
UAL3689,Arrival,2026-09-26T13:41:00+00:00,2026-09-26T11:08:16+00:00,2026-09-26T11:08:16+00:00,2.55,False
SWA1172,Arrival,2026-09-26T13:42:00+00:00,2026-09-26T11:08:16+00:00,2026-09-26T11:08:16+00:00,2.56,False
SWA2209,Arrival,2026-09-26T13:44:00+00:00,2026-09-26T02:09:05+00:00,2026-09-26T11:08:16+00:00,2.6,True
SWA244,Arrival,2026-09-26T14:01:00+00:00,2026-09-26T11:08:16+00:00,2026-09-26T11:08:16+00:00,2.88,False
SWA3977,Arrival,2026-09-26T14:01:00+00:00,2026-09-26T11:08:16+00:00,2026-09-26T11:08:16+00:00,2.88,False
SWA2019,Arrival,2026-09-26T14:04:00+00:00,2026-09-26T11:08:16+00:00,2026-09-26T11:08:16+00:00,2.93,False
SWA4699,Arrival,2026-09-26T14:24:00+00:00,2026-09-26T11:08:16+00:00,2026-09-26T11:08:16+00:00,3.26,False
SWA3958,Arrival,2026-09-26T14:24:00+00:00,2026-09-26T11:08:16+00:00,2026-09-26T11:08:16+00:00,3.26,False
SWA1394,Arrival,2026-09-26T14:24:00+00:00,2026-09-26T11:08:16+00:00,2026-09-26T11:08:16+00:00,3.26,False
SWA3357,Arrival,2026-09-26T14:24:00+00:00,2026-09-26T11:08:16+00:00,2026-09-26T11:08:16+00:00,3.26,False
SWA3070,Arrival,2026-09-26T14:25:00+00:00,2026-09-26T11:08:16+00:00,2026-09-26T11:08:16+00:00,3.28,False
SWA4222,Arrival,2026-09-26T14:27:00+00:00,2026-09-26T11:08:16+00:00,2026-09-26T11:08:16+00:00,3.31,False
SWA2431,Arrival,2026-09-26T14:29:00+00:00,2026-09-26T11:08:16+00:00,2026-09-26T11:08:16+00:00,3.35,False
SWA998,Arrival,2026-09-26T14:59:00+00:00,2026-09-26T11:08:16+00:00,2026-09-26T11:08:16+00:00,3.85,False
EJA946,Arrival,2026-09-26T15:11:00+00:00,2026-09-26T11:08:16+00:00,2026-09-26T11:08:16+00:00,4.05,False
SWA2035,Arrival,2026-09-26T15:29:00+00:00,2026-09-26T11:08:16+00:00,2026-09-26T11:08:16+00:00,4.35,False
SWA2657,Arrival,2026-09-26T15:38:00+00:00,2026-09-26T11:08:16+00:00,2026-09-26T11:08:16+00:00,4.5,False
AAL1739,Arrival,2026-09-26T15:50:00+00:00,2026-09-26T11:08:16+00:00,2026-09-26T11:08:16+00:00,4.7,False
SWA370,Arrival,2026-09-26T15:54:00+00:00,2026-09-26T11:08:16+00:00,2026-09-26T11:08:16+00:00,4.76,False
SWA3280,Arrival,2026-09-26T15:59:00+00:00,2026-09-26T11:08:16+00:00,2026-09-26T11:08:16+00:00,4.85,False
UAL3559,Arrival,2026-09-26T16:27:00+00:00,2026-09-26T11:08:16+00:00,2026-09-26T11:08:16+00:00,5.31,False
SWA4401,Arrival,2026-09-26T16:34:00+00:00,2026-09-26T11:08:16+00:00,2026-09-26T11:08:16+00:00,5.43,False
SWA2977,Arrival,2026-09-26T16:34:00+00:00,2026-09-26T11:08:16+00:00,2026-09-26T11:08:16+00:00,5.43,False
SWA1906,Arrival,2026-09-26T17:35:00+00:00,2026-09-26T11:08:16+00:00,2026-09-26T11:08:16+00:00,6.45,False
AAL4727,Arrival,2026-09-26T18:03:00+00:00,2026-09-26T11:08:16+00:00,2026-09-26T11:08:16+00:00,6.91,False
SWA1522,Arrival,2026-09-26T18:09:00+00:00,2026-09-26T11:08:16+00:00,2026-09-26T11:08:16+00:00,7.01,False
SWA4057,Arrival,2026-09-26T18:24:00+00:00,2026-09-26T11:08:16+00:00,2026-09-26T11:08:16+00:00,7.26,False
SWA2659,Arrival,2026-09-26T18:30:00+00:00,2026-09-26T11:08:16+00:00,2026-09-26T11:08:16+00:00,7.36,False
DAL2455,Arrival,2026-09-26T18:30:00+00:00,2026-09-26T11:08:16+00:00,2026-09-26T11:08:16+00:00,7.36,False
SWA4080,Arrival,2026-09-26T18:50:00+00:00,2026-09-26T11:08:16+00:00,2026-09-26T11:08:16+00:00,7.7,False
ASA388,Arrival,2026-09-26T18:56:00+00:00,2026-09-26T11:08:16+00:00,2026-09-26T11:08:16+00:00,7.8,False
SWA746,Arrival,2026-09-26T18:59:00+00:00,2026-09-26T11:08:16+00:00,2026-09-26T11:08:16+00:00,7.85,False
SWA1695,Arrival,2026-09-26T19:14:00+00:00,2026-09-26T11:08:16+00:00,2026-09-26T11:08:16+00:00,8.1,False
SWA1970,Arrival,2026-09-26T20:09:00+00:00,2026-09-26T11:08:16+00:00,2026-09-26T11:08:16+00:00,9.01,False
SWA3471,Arrival,2026-09-26T20:14:00+00:00,2026-09-26T11:08:16+00:00,2026-09-26T11:08:16+00:00,9.1,False
AAL4449,Arrival,2026-09-26T21:03:00+00:00,2026-09-26T11:08:16+00:00,2026-09-26T11:08:16+00:00,9.91,False
DAL4905,Arrival,2026-09-26T21:15:00+00:00,2026-09-26T11:08:16+00:00,2026-09-26T11:08:16+00:00,10.11,False
ASA1318,Arrival,2026-09-26T22:10:00+00:00,2026-09-26T11:08:16+00:00,2026-09-26T11:08:16+00:00,11.03,False
AAL1997,Departure,2026-09-26T12:48:00+00:00,2026-09-26T02:09:05+00:00,2026-09-26T12:50:09+00:00,-0.04,True
DAL4939,Departure,2026-09-26T13:00:00+00:00,2026-09-26T02:09:05+00:00,2026-09-26T12:50:09+00:00,0.16,True
DAL2363,Departure,2026-09-26T13:00:00+00:00,2026-09-26T02:09:05+00:00,2026-09-26T12:50:09+00:00,0.16,True
UAL2792,Departure,2026-09-26T13:00:00+00:00,2026-09-26T02:09:05+00:00,2026-09-26T12:50:09+00:00,0.16,True
SWA3703,Departure,2026-09-26T13:02:00+00:00,2026-09-26T02:09:05+00:00,2026-09-26T12:50:09+00:00,0.2,True
SWA2158,Departure,2026-09-26T13:25:00+00:00,2026-09-26T02:09:05+00:00,2026-09-26T12:50:09+00:00,0.58,True
SWA3841,Departure,2026-09-26T13:25:00+00:00,2026-09-26T02:09:05+00:00,2026-09-26T12:50:09+00:00,0.58,True
SWA2170,Departure,2026-09-26T13:25:00+00:00,2026-09-26T02:09:05+00:00,2026-09-26T12:50:09+00:00,0.58,True
SWA4668,Departure,2026-09-26T13:25:00+00:00,2026-09-26T02:09:05+00:00,2026-09-26T12:50:09+00:00,0.58,True
SWA3063,Departure,2026-09-26T13:30:00+00:00,2026-09-26T12:50:09+00:00,2026-09-26T12:50:09+00:00,0.66,False
SWA3399,Departure,2026-09-26T13:30:00+00:00,2026-09-26T02:09:05+00:00,2026-09-26T12:50:09+00:00,0.66,True
SWA801,Departure,2026-09-26T13:30:00+00:00,2026-09-26T12:50:09+00:00,2026-09-26T12:50:09+00:00,0.66,False
SWA3798,Departure,2026-09-26T13:30:00+00:00,2026-09-26T02:09:05+00:00,2026-09-26T12:50:09+00:00,0.66,True
UAL4595,Departure,2026-09-26T13:35:00+00:00,2026-09-26T02:09:05+00:00,2026-09-26T12:50:09+00:00,0.75,True
SWA1930,Departure,2026-09-26T13:35:00+00:00,2026-09-26T02:09:05+00:00,2026-09-26T12:50:09+00:00,0.75,True
SWA4132,Departure,2026-09-26T13:35:00+00:00,2026-09-26T02:09:05+00:00,2026-09-26T12:50:09+00:00,0.75,True
AAL712,Departure,2026-09-26T13:43:00+00:00,2026-09-26T11:08:16+00:00,2026-09-26T12:50:09+00:00,0.88,True
SWA4752,Departure,2026-09-26T13:51:00+00:00,2026-09-26T02:09:05+00:00,2026-09-26T12:50:09+00:00,1.01,True
ACA8886,Departure,2026-09-26T13:55:00+00:00,2026-09-26T11:08:16+00:00,2026-09-26T12:50:09+00:00,1.08,True
SWA3827,Departure,2026-09-26T13:55:00+00:00,2026-09-26T11:08:16+00:00,2026-09-26T12:50:09+00:00,1.08,True
SWA943,Departure,2026-09-26T14:00:00+00:00,2026-09-26T11:08:16+00:00,2026-09-26T12:50:09+00:00,1.16,True
SWA667,Departure,2026-09-26T14:00:00+00:00,2026-09-26T11:08:16+00:00,2026-09-26T12:50:09+00:00,1.16,True
UAL4601,Departure,2026-09-26T14:04:00+00:00,2026-09-26T11:08:16+00:00,2026-09-26T12:50:09+00:00,1.23,True
SWA1995,Departure,2026-09-26T14:20:00+00:00,2026-09-26T11:08:16+00:00,2026-09-26T12:50:09+00:00,1.5,True
EJA887,Departure,2026-09-26T16:00:00+00:00,2026-09-26T12:50:09+00:00,2026-09-26T12:50:09+00:00,3.16,False
EJA946,Departure,2026-09-26T16:30:00+00:00,2026-09-26T12:50:09+00:00,2026-09-26T12:50:09+00:00,3.66,False
SWA2536,Arrival,2026-09-26T13:52:00+00:00,2026-09-26T11:08:16+00:00,2026-09-26T12:50:09+00:00,1.03,True
DAL2868,Arrival,2026-09-26T13:57:00+00:00,2026-09-26T11:08:16+00:00,2026-09-26T12:50:09+00:00,1.11,True
SWA2907,Arrival,2026-09-26T14:07:00+00:00,2026-09-26T11:08:16+00:00,2026-09-26T12:50:09+00:00,1.28,True
AAL3333,Arrival,2026-09-26T14:08:00+00:00,2026-09-26T11:08:16+00:00,2026-09-26T12:50:09+00:00,1.3,True
AAL2497,Arrival,2026-09-26T14:18:00+00:00,2026-09-26T11:08:16+00:00,2026-09-26T12:50:09+00:00,1.46,True
DAL1400,Arrival,2026-09-26T14:50:00+00:00,2026-09-26T11:08:16+00:00,2026-09-26T12:50:09+00:00,2.0,True
AAL2818,Arrival,2026-09-26T15:15:00+00:00,2026-09-26T11:08:16+00:00,2026-09-26T12:50:09+00:00,2.41,True
SWA1097,Arrival,2026-09-26T15:27:00+00:00,2026-09-26T11:08:16+00:00,2026-09-26T12:50:09+00:00,2.61,True
UAL2459,Departure,2026-09-26T14:22:00+00:00,2026-09-26T11:08:16+00:00,2026-09-26T14:23:56+00:00,-0.03,True
UAL3715,Departure,2026-09-26T14:30:00+00:00,2026-09-26T11:08:16+00:00,2026-09-26T14:23:56+00:00,0.1,True
SWA4500,Departure,2026-09-26T15:10:00+00:00,2026-09-26T11:08:16+00:00,2026-09-26T14:23:56+00:00,0.77,True
SWA4245,Departure,2026-09-26T15:10:00+00:00,2026-09-26T11:08:16+00:00,2026-09-26T14:23:56+00:00,0.77,True
SWA4591,Departure,2026-09-26T15:10:00+00:00,2026-09-26T11:08:16+00:00,2026-09-26T14:23:56+00:00,0.77,True
SWA4334,Departure,2026-09-26T15:10:00+00:00,2026-09-26T11:08:16+00:00,2026-09-26T14:23:56+00:00,0.77,True
SWA4206,Departure,2026-09-26T15:10:00+00:00,2026-09-26T11:08:16+00:00,2026-09-26T14:23:56+00:00,0.77,True
SWA3261,Departure,2026-09-26T15:10:00+00:00,2026-09-26T11:08:16+00:00,2026-09-26T14:23:56+00:00,0.77,True
SWA3808,Departure,2026-09-26T15:10:00+00:00,2026-09-26T11:08:16+00:00,2026-09-26T14:23:56+00:00,0.77,True
AAL3333,Departure,2026-09-26T15:14:00+00:00,2026-09-26T11:08:16+00:00,2026-09-26T14:23:56+00:00,0.83,True
SWA3884,Departure,2026-09-26T15:15:00+00:00,2026-09-26T11:08:16+00:00,2026-09-26T14:23:56+00:00,0.85,True
SWA3858,Departure,2026-09-26T15:15:00+00:00,2026-09-26T11:08:16+00:00,2026-09-26T14:23:56+00:00,0.85,True
SWA3818,Departure,2026-09-26T15:15:00+00:00,2026-09-26T11:08:16+00:00,2026-09-26T14:23:56+00:00,0.85,True
SWA3879,Departure,2026-09-26T15:15:00+00:00,2026-09-26T11:08:16+00:00,2026-09-26T14:23:56+00:00,0.85,True
SWA4490,Departure,2026-09-26T15:15:00+00:00,2026-09-26T11:08:16+00:00,2026-09-26T14:23:56+00:00,0.85,True
SWA4522,Departure,2026-09-26T15:20:00+00:00,2026-09-26T11:08:16+00:00,2026-09-26T14:23:56+00:00,0.93,True
AAL2497,Departure,2026-09-26T15:21:00+00:00,2026-09-26T11:08:16+00:00,2026-09-26T14:23:56+00:00,0.95,True
UAL4517,Departure,2026-09-26T15:27:00+00:00,2026-09-26T11:08:16+00:00,2026-09-26T14:23:56+00:00,1.05,True
DAL2868,Departure,2026-09-26T15:29:00+00:00,2026-09-26T11:08:16+00:00,2026-09-26T14:23:56+00:00,1.08,True
SWA2926,Departure,2026-09-26T15:45:00+00:00,2026-09-26T11:08:16+00:00,2026-09-26T14:23:56+00:00,1.35,True
SWA1097,Departure,2026-09-26T16:25:00+00:00,2026-09-26T11:08:16+00:00,2026-09-26T14:23:56+00:00,2.02,True
SWA3877,Departure,2026-09-26T16:50:00+00:00,2026-09-26T11:08:16+00:00,2026-09-26T14:23:56+00:00,2.43,True
AAL3851,Departure,2026-09-26T22:10:00+00:00,2026-09-26T11:08:16+00:00,2026-09-26T14:23:56+00:00,7.77,True
DAL5110,Arrival,2026-09-26T15:19:00+00:00,2026-09-26T11:08:16+00:00,2026-09-26T14:23:56+00:00,0.92,True
UAL4613,Arrival,2026-09-26T15:42:00+00:00,2026-09-26T11:08:16+00:00,2026-09-26T14:23:56+00:00,1.3,True
AAL4074,Arrival,2026-09-26T16:36:00+00:00,2026-09-26T11:08:16+00:00,2026-09-26T14:23:56+00:00,2.2,True
DAL4922,Arrival,2026-09-26T16:38:00+00:00,2026-09-26T11:08:16+00:00,2026-09-26T14:23:56+00:00,2.23,True
SWA355,Arrival,2026-09-26T17:03:00+00:00,2026-09-26T11:08:16+00:00,2026-09-26T14:23:56+00:00,2.65,True
SWA4171,Arrival,2026-09-26T17:22:00+00:00,2026-09-26T11:08:16+00:00,2026-09-26T14:23:56+00:00,2.97,True
SWA1260,Arrival,2026-09-26T17:27:00+00:00,2026-09-26T11:08:16+00:00,2026-09-26T14:23:56+00:00,3.05,True
SWA2829,Arrival,2026-09-26T17:41:00+00:00,2026-09-26T11:08:16+00:00,2026-09-26T14:23:56+00:00,3.28,True
SWA2792,Arrival,2026-09-26T18:08:00+00:00,2026-09-26T11:08:16+00:00,2026-09-26T14:23:56+00:00,3.73,True
SWA266,Arrival,2026-09-26T18:09:00+00:00,2026-09-26T11:08:16+00:00,2026-09-26T14:23:56+00:00,3.75,True
SWA2591,Arrival,2026-09-26T18:09:00+00:00,2026-09-26T11:08:16+00:00,2026-09-26T14:23:56+00:00,3.75,True
SWA2804,Arrival,2026-09-26T18:21:00+00:00,2026-09-26T11:08:16+00:00,2026-09-26T14:23:56+00:00,3.95,True
SWA4093,Arrival,2026-09-26T18:24:00+00:00,2026-09-26T11:08:16+00:00,2026-09-26T14:23:56+00:00,4.0,True
AAL2660,Arrival,2026-09-26T18:36:00+00:00,2026-09-26T11:08:16+00:00,2026-09-26T14:23:56+00:00,4.2,True
SWA2456,Arrival,2026-09-26T19:14:00+00:00,2026-09-26T11:08:16+00:00,2026-09-26T14:23:56+00:00,4.83,True
UAL4412,Arrival,2026-09-27T00:35:00+00:00,2026-09-26T14:23:56+00:00,2026-09-26T14:23:56+00:00,10.18,False
SWA2697,Arrival,2026-09-27T00:44:00+00:00,2026-09-26T14:23:56+00:00,2026-09-26T14:23:56+00:00,10.33,False
UAL4479,Arrival,2026-09-27T01:10:00+00:00,2026-09-26T14:23:56+00:00,2026-09-26T14:23:56+00:00,10.77,False
AAL2818,Departure,2026-09-26T16:01:00+00:00,2026-09-26T11:08:16+00:00,2026-09-26T16:09:22+00:00,-0.14,True
SWA2550,Departure,2026-09-26T16:05:00+00:00,2026-09-26T11:08:16+00:00,2026-09-26T16:09:22+00:00,-0.07,True
DAL5110,Departure,2026-09-26T16:16:00+00:00,2026-09-26T11:08:16+00:00,2026-09-26T16:09:22+00:00,0.11,True
UAL4395,Departure,2026-09-26T16:35:00+00:00,2026-09-26T11:08:16+00:00,2026-09-26T16:09:22+00:00,0.43,True
SWA3657,Departure,2026-09-26T16:40:00+00:00,2026-09-26T11:08:16+00:00,2026-09-26T16:09:22+00:00,0.51,True
SWA3894,Departure,2026-09-26T16:45:00+00:00,2026-09-26T11:08:16+00:00,2026-09-26T16:09:22+00:00,0.59,True
ACA8688,Departure,2026-09-26T16:55:00+00:00,2026-09-26T11:08:16+00:00,2026-09-26T16:09:22+00:00,0.76,True
SWA3138,Departure,2026-09-26T17:20:00+00:00,2026-09-26T11:08:16+00:00,2026-09-26T16:09:22+00:00,1.18,True
SWA3846,Departure,2026-09-26T17:20:00+00:00,2026-09-26T11:08:16+00:00,2026-09-26T16:09:22+00:00,1.18,True
AAL1739,Departure,2026-09-26T18:25:00+00:00,2026-09-26T11:08:16+00:00,2026-09-26T16:09:22+00:00,2.26,True
CNS1220,Departure,2026-09-26T20:30:00+00:00,2026-09-26T16:09:22+00:00,2026-09-26T16:09:22+00:00,4.34,False
DAL566,Arrival,2026-09-26T17:09:00+00:00,2026-09-26T11:08:16+00:00,2026-09-26T16:09:22+00:00,0.99,True
UAL5300,Arrival,2026-09-26T17:15:00+00:00,2026-09-26T11:08:16+00:00,2026-09-26T16:09:22+00:00,1.09,True
UAL652,Arrival,2026-09-26T17:34:00+00:00,2026-09-26T11:08:16+00:00,2026-09-26T16:09:22+00:00,1.41,True
AAL3096,Arrival,2026-09-26T18:07:00+00:00,2026-09-26T11:08:16+00:00,2026-09-26T16:09:22+00:00,1.96,True
SWA3110,Arrival,2026-09-26T18:10:00+00:00,2026-09-26T11:08:16+00:00,2026-09-26T16:09:22+00:00,2.01,True
AAL6355,Arrival,2026-09-26T18:10:00+00:00,2026-09-26T11:08:16+00:00,2026-09-26T16:09:22+00:00,2.01,True
SWA4064,Arrival,2026-09-26T18:14:00+00:00,2026-09-26T11:08:16+00:00,2026-09-26T16:09:22+00:00,2.08,True
SWA1284,Arrival,2026-09-26T18:19:00+00:00,2026-09-26T11:08:16+00:00,2026-09-26T16:09:22+00:00,2.16,True
SWA1400,Arrival,2026-09-26T18:25:00+00:00,2026-09-26T11:08:16+00:00,2026-09-26T16:09:22+00:00,2.26,True
SWA3515,Arrival,2026-09-26T18:28:00+00:00,2026-09-26T11:08:16+00:00,2026-09-26T16:09:22+00:00,2.31,True
SWA1678,Arrival,2026-09-26T19:01:00+00:00,2026-09-26T11:08:16+00:00,2026-09-26T16:09:22+00:00,2.86,True
SWA155,Arrival,2026-09-26T19:50:00+00:00,2026-09-26T11:08:16+00:00,2026-09-26T16:09:22+00:00,3.68,True
SWA400,Arrival,2026-09-26T20:00:00+00:00,2026-09-26T11:08:16+00:00,2026-09-26T16:09:22+00:00,3.84,True
SWA4783,Arrival,2026-09-26T20:02:00+00:00,2026-09-26T11:08:16+00:00,2026-09-26T16:09:22+00:00,3.88,True
SWA2317,Arrival,2026-09-26T20:19:00+00:00,2026-09-26T11:08:16+00:00,2026-09-26T16:09:22+00:00,4.16,True
SWA3149,Arrival,2026-09-26T20:24:00+00:00,2026-09-26T11:08:16+00:00,2026-09-26T16:09:22+00:00,4.24,True
SWA4619,Arrival,2026-09-26T20:24:00+00:00,2026-09-26T11:08:16+00:00,2026-09-26T16:09:22+00:00,4.24,True
UAL2000,Arrival,2026-09-26T20:39:00+00:00,2026-09-26T11:08:16+00:00,2026-09-26T16:09:22+00:00,4.49,True
SWA3564,Arrival,2026-09-26T21:00:00+00:00,2026-09-26T11:08:16+00:00,2026-09-26T16:09:22+00:00,4.84,True
DAL2666,Arrival,2026-09-27T02:31:00+00:00,2026-09-26T16:09:22+00:00,2026-09-26T16:09:22+00:00,10.36,False
SWA4528,Arrival,2026-09-27T03:04:00+00:00,2026-09-26T16:09:22+00:00,2026-09-26T16:09:22+00:00,10.91,False
CY90,Arrival,2026-09-27T03:29:00+00:00,2026-09-26T16:09:22+00:00,2026-09-26T16:09:22+00:00,11.33,False
AAL4074,Departure,2026-09-26T17:46:00+00:00,2026-09-26T11:08:16+00:00,2026-09-26T17:49:36+00:00,-0.06,True
UAL4454,Departure,2026-09-26T18:09:00+00:00,2026-09-26T11:08:16+00:00,2026-09-26T17:49:36+00:00,0.32,True
SWA1437,Departure,2026-09-26T18:15:00+00:00,2026-09-26T11:08:16+00:00,2026-09-26T17:49:36+00:00,0.42,True
SWA2420,Departure,2026-09-26T18:20:00+00:00,2026-09-26T11:08:16+00:00,2026-09-26T17:49:36+00:00,0.51,True
SWA1049,Departure,2026-09-26T18:25:00+00:00,2026-09-26T11:08:16+00:00,2026-09-26T17:49:36+00:00,0.59,True
UAL4747,Departure,2026-09-26T18:27:00+00:00,2026-09-26T11:08:16+00:00,2026-09-26T17:49:36+00:00,0.62,True
UAL1380,Departure,2026-09-26T18:36:00+00:00,2026-09-26T11:08:16+00:00,2026-09-26T17:49:36+00:00,0.77,True
DAL566,Departure,2026-09-26T18:40:00+00:00,2026-09-26T11:08:16+00:00,2026-09-26T17:49:36+00:00,0.84,True
SWA1125,Departure,2026-09-26T18:40:00+00:00,2026-09-26T11:08:16+00:00,2026-09-26T17:49:36+00:00,0.84,True
AAL6355,Departure,2026-09-26T18:49:00+00:00,2026-09-26T11:08:16+00:00,2026-09-26T17:49:36+00:00,0.99,True
AAL3096,Departure,2026-09-26T18:54:00+00:00,2026-09-26T11:08:16+00:00,2026-09-26T17:49:36+00:00,1.07,True
DAL4922,Departure,2026-09-26T19:00:00+00:00,2026-09-26T11:08:16+00:00,2026-09-26T17:49:36+00:00,1.17,True
SWA4082,Departure,2026-09-26T19:15:00+00:00,2026-09-26T11:08:16+00:00,2026-09-26T17:49:36+00:00,1.42,True
SWA3855,Departure,2026-09-26T19:15:00+00:00,2026-09-26T11:08:16+00:00,2026-09-26T17:49:36+00:00,1.42,True
SWA3150,Departure,2026-09-26T19:15:00+00:00,2026-09-26T11:08:16+00:00,2026-09-26T17:49:36+00:00,1.42,True
SWA3181,Departure,2026-09-26T19:15:00+00:00,2026-09-26T11:08:16+00:00,2026-09-26T17:49:36+00:00,1.42,True
SWA4593,Departure,2026-09-26T19:15:00+00:00,2026-09-26T11:08:16+00:00,2026-09-26T17:49:36+00:00,1.42,True
SWA159,Departure,2026-09-26T19:20:00+00:00,2026-09-26T11:08:16+00:00,2026-09-26T17:49:36+00:00,1.51,True
SWA4187,Departure,2026-09-26T19:25:00+00:00,2026-09-26T11:08:16+00:00,2026-09-26T17:49:36+00:00,1.59,True
SWA4133,Departure,2026-09-26T19:30:00+00:00,2026-09-26T11:08:16+00:00,2026-09-26T17:49:36+00:00,1.67,True
SWA4010,Departure,2026-09-26T19:40:00+00:00,2026-09-26T11:08:16+00:00,2026-09-26T17:49:36+00:00,1.84,True
SWA3167,Departure,2026-09-26T19:45:00+00:00,2026-09-26T11:08:16+00:00,2026-09-26T17:49:36+00:00,1.92,True
SWA1678,Departure,2026-09-26T19:48:00+00:00,2026-09-26T11:08:16+00:00,2026-09-26T17:49:36+00:00,1.97,True
SWA1965,Departure,2026-09-26T20:00:00+00:00,2026-09-26T11:08:16+00:00,2026-09-26T17:49:36+00:00,2.17,True
SWA3813,Departure,2026-09-26T20:00:00+00:00,2026-09-26T11:08:16+00:00,2026-09-26T17:49:36+00:00,2.17,True
UAL652,Departure,2026-09-26T20:12:00+00:00,2026-09-26T11:08:16+00:00,2026-09-26T17:49:36+00:00,2.37,True
EJA520,Departure,2026-09-26T21:00:00+00:00,2026-09-26T17:49:36+00:00,2026-09-26T17:49:36+00:00,3.17,False
CY90,Departure,2026-09-27T05:00:00+00:00,2026-09-26T17:49:36+00:00,2026-09-26T17:49:36+00:00,11.17,False
ACA8889,Arrival,2026-09-26T18:42:00+00:00,2026-09-26T11:08:16+00:00,2026-09-26T17:49:36+00:00,0.87,True
UAL2042,Arrival,2026-09-26T19:06:00+00:00,2026-09-26T11:08:16+00:00,2026-09-26T17:49:36+00:00,1.27,True
UAL5696,Arrival,2026-09-26T19:21:00+00:00,2026-09-26T11:08:16+00:00,2026-09-26T17:49:36+00:00,1.52,True
DAL2700,Arrival,2026-09-26T19:25:00+00:00,2026-09-26T11:08:16+00:00,2026-09-26T17:49:36+00:00,1.59,True
AAL1363,Arrival,2026-09-26T19:30:00+00:00,2026-09-26T11:08:16+00:00,2026-09-26T17:49:36+00:00,1.67,True
SWA1996,Arrival,2026-09-26T19:30:00+00:00,2026-09-26T11:08:16+00:00,2026-09-26T17:49:36+00:00,1.67,True
DAL3811,Arrival,2026-09-26T19:38:00+00:00,2026-09-26T11:08:16+00:00,2026-09-26T17:49:36+00:00,1.81,True
DAL1371,Arrival,2026-09-26T19:43:00+00:00,2026-09-26T11:08:16+00:00,2026-09-26T17:49:36+00:00,1.89,True
EJA520,Arrival,2026-09-26T19:52:00+00:00,2026-09-26T17:49:36+00:00,2026-09-26T17:49:36+00:00,2.04,False
SWA1315,Arrival,2026-09-26T20:02:00+00:00,2026-09-26T11:08:16+00:00,2026-09-26T17:49:36+00:00,2.21,True
SWA4824,Arrival,2026-09-26T20:02:00+00:00,2026-09-26T11:08:16+00:00,2026-09-26T17:49:36+00:00,2.21,True
SWA1098,Arrival,2026-09-26T20:06:00+00:00,2026-09-26T11:08:16+00:00,2026-09-26T17:49:36+00:00,2.27,True
SWA961,Arrival,2026-09-26T20:08:00+00:00,2026-09-26T11:08:16+00:00,2026-09-26T17:49:36+00:00,2.31,True
SWA1639,Arrival,2026-09-26T20:11:00+00:00,2026-09-26T11:08:16+00:00,2026-09-26T17:49:36+00:00,2.36,True
UAL3717,Arrival,2026-09-26T20:55:00+00:00,2026-09-26T11:08:16+00:00,2026-09-26T17:49:36+00:00,3.09,True
AAL3954,Arrival,2026-09-26T21:07:00+00:00,2026-09-26T11:08:16+00:00,2026-09-26T17:49:36+00:00,3.29,True
DAL1609,Arrival,2026-09-27T04:16:00+00:00,2026-09-26T17:49:36+00:00,2026-09-26T17:49:36+00:00,10.44,False
AAL2660,Departure,2026-09-26T19:30:00+00:00,2026-09-26T11:08:16+00:00,2026-09-26T19:27:40+00:00,0.04,True
AAL4727,Departure,2026-09-26T19:35:00+00:00,2026-09-26T11:08:16+00:00,2026-09-26T19:27:40+00:00,0.12,True
ACA8890,Departure,2026-09-26T19:40:00+00:00,2026-09-26T11:08:16+00:00,2026-09-26T19:27:40+00:00,0.21,True
UAL5332,Departure,2026-09-26T19:56:00+00:00,2026-09-26T11:08:16+00:00,2026-09-26T19:27:40+00:00,0.47,True
SWA2052,Departure,2026-09-26T20:00:00+00:00,2026-09-26T11:08:16+00:00,2026-09-26T19:27:40+00:00,0.54,True
ASA388,Departure,2026-09-26T20:19:00+00:00,2026-09-26T11:08:16+00:00,2026-09-26T19:27:40+00:00,0.86,True
SWA3859,Departure,2026-09-26T21:05:00+00:00,2026-09-26T11:08:16+00:00,2026-09-26T19:27:40+00:00,1.62,True
SWA4074,Departure,2026-09-26T21:15:00+00:00,2026-09-26T11:08:16+00:00,2026-09-26T19:27:40+00:00,1.79,True
SWA4322,Departure,2026-09-26T21:15:00+00:00,2026-09-26T11:08:16+00:00,2026-09-26T19:27:40+00:00,1.79,True
SWA4272,Departure,2026-09-26T21:16:00+00:00,2026-09-26T11:08:16+00:00,2026-09-26T19:27:40+00:00,1.81,True
SWA3847,Departure,2026-09-26T21:20:00+00:00,2026-09-26T11:08:16+00:00,2026-09-26T19:27:40+00:00,1.87,True
SWA3713,Departure,2026-09-26T21:20:00+00:00,2026-09-26T11:08:16+00:00,2026-09-26T19:27:40+00:00,1.87,True
SWA4251,Departure,2026-09-26T21:20:00+00:00,2026-09-26T19:27:40+00:00,2026-09-26T19:27:40+00:00,1.87,False
SWA1145,Departure,2026-09-26T21:25:00+00:00,2026-09-26T11:08:16+00:00,2026-09-26T19:27:40+00:00,1.96,True
EJA944,Departure,2026-09-26T22:48:00+00:00,2026-09-26T19:27:40+00:00,2026-09-26T19:27:40+00:00,3.34,False
SCX3097,Arrival,2026-09-26T20:39:00+00:00,2026-09-26T19:27:40+00:00,2026-09-26T19:27:40+00:00,1.19,False
DAL543,Arrival,2026-09-26T21:05:00+00:00,2026-09-26T11:08:16+00:00,2026-09-26T19:27:40+00:00,1.62,True
AAL3944,Arrival,2026-09-26T21:06:00+00:00,2026-09-26T11:08:16+00:00,2026-09-26T19:27:40+00:00,1.64,True
DAL1224,Arrival,2026-09-26T21:20:00+00:00,2026-09-26T11:08:16+00:00,2026-09-26T19:27:40+00:00,1.87,True
UAL1639,Arrival,2026-09-26T21:32:00+00:00,2026-09-26T11:08:16+00:00,2026-09-26T19:27:40+00:00,2.07,True
SWA2022,Arrival,2026-09-26T21:34:00+00:00,2026-09-26T11:08:16+00:00,2026-09-26T19:27:40+00:00,2.11,True
AAL4645,Arrival,2026-09-26T21:39:00+00:00,2026-09-26T11:08:16+00:00,2026-09-26T19:27:40+00:00,2.19,True
SWA1375,Arrival,2026-09-26T21:44:00+00:00,2026-09-26T11:08:16+00:00,2026-09-26T19:27:40+00:00,2.27,True
UAL4416,Arrival,2026-09-26T21:55:00+00:00,2026-09-26T11:08:16+00:00,2026-09-26T19:27:40+00:00,2.46,True
AAL2686,Arrival,2026-09-26T22:22:00+00:00,2026-09-26T11:08:16+00:00,2026-09-26T19:27:40+00:00,2.91,True
AAL4690,Arrival,2026-09-26T22:30:00+00:00,2026-09-26T11:08:16+00:00,2026-09-26T19:27:40+00:00,3.04,True
ASA672,Arrival,2026-09-26T23:19:00+00:00,2026-09-26T12:50:09+00:00,2026-09-26T19:27:40+00:00,3.86,True
SWA3282,Arrival,2026-09-26T23:24:00+00:00,2026-09-26T12:50:09+00:00,2026-09-26T19:27:40+00:00,3.94,True
UAL1905,Arrival,2026-09-26T23:37:00+00:00,2026-09-26T12:50:09+00:00,2026-09-26T19:27:40+00:00,4.16,True
SWA241,Arrival,2026-09-26T23:54:00+00:00,2026-09-26T12:50:09+00:00,2026-09-26T19:27:40+00:00,4.44,True
LXJ583,Arrival,2026-09-27T00:28:00+00:00,2026-09-26T19:27:40+00:00,2026-09-26T19:27:40+00:00,5.01,False
AAL1363,Departure,2026-09-26T20:56:00+00:00,2026-09-26T11:08:16+00:00,2026-09-26T21:09:18+00:00,-0.22,True
DAL2700,Departure,2026-09-26T20:56:00+00:00,2026-09-26T11:08:16+00:00,2026-09-26T21:09:18+00:00,-0.22,True
DAL3811,Departure,2026-09-26T21:00:00+00:00,2026-09-26T11:08:16+00:00,2026-09-26T21:09:18+00:00,-0.16,True
DAL1371,Departure,2026-09-26T21:10:00+00:00,2026-09-26T11:08:16+00:00,2026-09-26T21:09:18+00:00,0.01,True
SWA3071,Departure,2026-09-26T21:15:00+00:00,2026-09-26T11:08:16+00:00,2026-09-26T21:09:18+00:00,0.09,True
SWA3883,Departure,2026-09-26T21:15:00+00:00,2026-09-26T11:08:16+00:00,2026-09-26T21:09:18+00:00,0.09,True
SWA807,Departure,2026-09-26T21:15:00+00:00,2026-09-26T11:08:16+00:00,2026-09-26T21:09:18+00:00,0.09,True
SWA893,Departure,2026-09-26T21:26:00+00:00,2026-09-26T11:08:16+00:00,2026-09-26T21:09:18+00:00,0.28,True
UAL3710,Departure,2026-09-26T21:50:00+00:00,2026-09-26T11:08:16+00:00,2026-09-26T21:09:18+00:00,0.68,True
SWA982,Departure,2026-09-26T21:50:00+00:00,2026-09-26T11:08:16+00:00,2026-09-26T21:09:18+00:00,0.68,True
AAL3739,Departure,2026-09-26T22:00:00+00:00,2026-09-26T11:08:16+00:00,2026-09-26T21:09:18+00:00,0.84,True
AAL4645,Departure,2026-09-26T22:18:00+00:00,2026-09-26T11:08:16+00:00,2026-09-26T21:09:18+00:00,1.14,True
SWA187,Departure,2026-09-26T22:20:00+00:00,2026-09-26T11:08:16+00:00,2026-09-26T21:09:18+00:00,1.18,True
SWA4586,Departure,2026-09-26T22:45:00+00:00,2026-09-26T12:50:09+00:00,2026-09-26T21:09:18+00:00,1.59,True
SCX3008,Departure,2026-09-26T23:36:00+00:00,2026-09-26T21:09:18+00:00,2026-09-26T21:09:18+00:00,2.44,False
AAL2761,Arrival,2026-09-26T22:38:00+00:00,2026-09-26T12:50:09+00:00,2026-09-26T21:09:18+00:00,1.48,True
SGX396,Arrival,2026-09-26T22:58:00+00:00,2026-09-26T21:09:18+00:00,2026-09-26T21:09:18+00:00,1.81,False
AAL2487,Arrival,2026-09-26T23:44:00+00:00,2026-09-26T12:50:09+00:00,2026-09-26T21:09:18+00:00,2.58,True
SWA183,Arrival,2026-09-27T00:08:00+00:00,2026-09-26T12:50:09+00:00,2026-09-26T21:09:18+00:00,2.98,True
UAL4527,Arrival,2026-09-27T00:15:00+00:00,2026-09-26T12:50:09+00:00,2026-09-26T21:09:18+00:00,3.09,True
SWA4120,Arrival,2026-09-27T00:24:00+00:00,2026-09-26T14:23:56+00:00,2026-09-26T21:09:18+00:00,3.24,True
SWA3400,Arrival,2026-09-27T00:53:00+00:00,2026-09-26T14:23:56+00:00,2026-09-26T21:09:18+00:00,3.73,True
SWA1946,Arrival,2026-09-27T01:09:00+00:00,2026-09-26T14:23:56+00:00,2026-09-26T21:09:18+00:00,3.99,True
SWA126,Arrival,2026-09-27T01:26:00+00:00,2026-09-26T14:23:56+00:00,2026-09-26T21:09:18+00:00,4.28,True
UAL541,Departure,2026-09-26T22:36:00+00:00,2026-09-26T11:08:16+00:00,2026-09-26T22:43:12+00:00,-0.12,True
DAL543,Departure,2026-09-26T22:46:00+00:00,2026-09-26T12:50:09+00:00,2026-09-26T22:43:12+00:00,0.05,True
DAL1224,Departure,2026-09-26T22:47:00+00:00,2026-09-26T12:50:09+00:00,2026-09-26T22:43:12+00:00,0.06,True
ASA1318,Departure,2026-09-26T23:08:00+00:00,2026-09-26T12:50:09+00:00,2026-09-26T22:43:12+00:00,0.41,True
UAL4616,Departure,2026-09-27T00:01:00+00:00,2026-09-26T12:50:09+00:00,2026-09-26T22:43:12+00:00,1.3,True
SKQ56,Departure,2026-09-27T02:00:00+00:00,2026-09-26T22:43:12+00:00,2026-09-26T22:43:12+00:00,3.28,False
ACA8687,Arrival,2026-09-26T23:41:00+00:00,2026-09-26T12:50:09+00:00,2026-09-26T22:43:12+00:00,0.96,True
SCX8628,Arrival,2026-09-26T23:45:00+00:00,2026-09-26T12:50:09+00:00,2026-09-26T22:43:12+00:00,1.03,True
UAL4518,Arrival,2026-09-27T00:00:00+00:00,2026-09-26T12:50:09+00:00,2026-09-26T22:43:12+00:00,1.28,True
FFT3302,Arrival,2026-09-27T00:14:00+00:00,2026-09-26T12:50:09+00:00,2026-09-26T22:43:12+00:00,1.51,True
DAL2833,Arrival,2026-09-27T00:33:00+00:00,2026-09-26T14:23:56+00:00,2026-09-26T22:43:12+00:00,1.83,True
ACA8891,Arrival,2026-09-27T00:38:00+00:00,2026-09-26T14:23:56+00:00,2026-09-26T22:43:12+00:00,1.91,True
SWA4749,Arrival,2026-09-27T01:03:00+00:00,2026-09-26T14:23:56+00:00,2026-09-26T22:43:12+00:00,2.33,True
SKQ56,Arrival,2026-09-27T01:03:00+00:00,2026-09-26T22:43:12+00:00,2026-09-26T22:43:12+00:00,2.33,False
UAL1422,Arrival,2026-09-27T01:31:00+00:00,2026-09-26T14:23:56+00:00,2026-09-26T22:43:12+00:00,2.8,True
SWA1396,Arrival,2026-09-27T01:57:00+00:00,2026-09-26T16:09:22+00:00,2026-09-26T22:43:12+00:00,3.23,True
SWA237,Arrival,2026-09-27T02:34:00+00:00,2026-09-26T16:09:22+00:00,2026-09-26T22:43:12+00:00,3.85,True
AAL798,Arrival,2026-09-27T02:36:00+00:00,2026-09-26T16:09:22+00:00,2026-09-26T22:43:12+00:00,3.88,True
AAL1993,Departure,2026-09-27T00:26:00+00:00,2026-09-27T00:40:35+00:00,2026-09-27T00:40:35+00:00,-0.24,False
SWA3825,Departure,2026-09-27T00:59:00+00:00,2026-09-26T12:50:09+00:00,2026-09-27T00:40:35+00:00,0.31,True
SCX8679,Departure,2026-09-27T01:05:00+00:00,2026-09-27T00:40:35+00:00,2026-09-27T00:40:35+00:00,0.41,False
FFT4567,Departure,2026-09-27T01:10:00+00:00,2026-09-26T14:23:56+00:00,2026-09-27T00:40:35+00:00,0.49,True
SCX3007,Departure,2026-09-27T02:00:00+00:00,2026-09-27T00:40:35+00:00,2026-09-27T00:40:35+00:00,1.32,False
SWA4752,Departure,2026-09-27T11:00:00+00:00,2026-09-27T00:40:35+00:00,2026-09-27T00:40:35+00:00,10.32,False
DAL1541,Arrival,2026-09-27T01:16:00+00:00,2026-09-26T14:23:56+00:00,2026-09-27T00:40:35+00:00,0.59,True
AAL2444,Arrival,2026-09-27T02:16:00+00:00,2026-09-26T14:23:56+00:00,2026-09-27T00:40:35+00:00,1.59,True
UAL1625,Arrival,2026-09-27T02:26:00+00:00,2026-09-26T16:09:22+00:00,2026-09-27T00:40:35+00:00,1.76,True
SWA491,Arrival,2026-09-27T03:19:00+00:00,2026-09-26T16:09:22+00:00,2026-09-27T00:40:35+00:00,2.64,True
UAL1528,Arrival,2026-09-27T03:24:00+00:00,2026-09-26T16:09:22+00:00,2026-09-27T00:40:35+00:00,2.72,True
AAL459,Arrival,2026-09-27T03:33:00+00:00,2026-09-26T16:09:22+00:00,2026-09-27T00:40:35+00:00,2.87,True
AAL5000,Arrival,2026-09-27T04:21:00+00:00,2026-09-26T17:49:36+00:00,2026-09-27T00:40:35+00:00,3.67,True
UAL2040,Arrival,2026-09-27T04:37:00+00:00,2026-09-26T16:09:22+00:00,2026-09-27T00:40:35+00:00,3.94,True
SWA187,Departure,2026-09-27T10:45:00+00:00,2026-09-27T00:40:35+00:00,2026-09-27T02:11:18+00:00,8.56,True
WU650,Departure,2026-09-27T13:30:00+00:00,2026-09-27T02:11:18+00:00,2026-09-27T02:11:18+00:00,11.31,False
WU650,Arrival,2026-09-27T01:58:00+00:00,2026-09-27T02:11:18+00:00,2026-09-27T02:11:18+00:00,-0.22,False
UAL4576,Arrival,2026-09-27T03:53:00+00:00,2026-09-26T17:49:36+00:00,2026-09-27T02:11:18+00:00,1.69,True
AAL1445,Arrival,2026-09-27T04:21:00+00:00,2026-09-26T17:49:36+00:00,2026-09-27T02:11:18+00:00,2.16,True
UAL4733,Arrival,2026-09-27T04:38:00+00:00,2026-09-26T17:49:36+00:00,2026-09-27T02:11:18+00:00,2.44,True
AAL1594,Arrival,2026-09-27T04:50:00+00:00,2026-09-26T17:49:36+00:00,2026-09-27T02:11:18+00:00,2.64,True
SCX3012,Arrival,2026-09-27T05:55:00+00:00,2026-09-27T02:11:18+00:00,2026-09-27T02:11:18+00:00,3.73,False
SCX3096,Arrival,2026-09-27T07:52:00+00:00,2026-09-27T02:11:18+00:00,2026-09-27T02:11:18+00:00,5.68,False
SWA2151,Arrival,2026-09-27T12:23:00+00:00,2026-09-27T02:11:18+00:00,2026-09-27T02:11:18+00:00,10.19,False
SWA1699,Arrival,2026-09-27T12:40:00+00:00,2026-09-27T02:11:18+00:00,2026-09-27T02:11:18+00:00,10.48,False
DAL1524,Departure,2026-09-27T11:00:00+00:00,2026-09-27T00:40:35+00:00,2026-09-27T11:08:40+00:00,-0.14,True
AAL4634,Departure,2026-09-27T11:00:00+00:00,2026-09-27T00:40:35+00:00,2026-09-27T11:08:40+00:00,-0.14,True
AAL6480,Departure,2026-09-27T11:00:00+00:00,2026-09-27T00:40:35+00:00,2026-09-27T11:08:40+00:00,-0.14,True
SCX3027,Departure,2026-09-27T11:01:00+00:00,2026-09-27T11:08:40+00:00,2026-09-27T11:08:40+00:00,-0.13,False
UAL4423,Departure,2026-09-27T11:02:00+00:00,2026-09-27T00:40:35+00:00,2026-09-27T11:08:40+00:00,-0.11,True
SWA3811,Departure,2026-09-27T11:02:00+00:00,2026-09-27T00:40:35+00:00,2026-09-27T11:08:40+00:00,-0.11,True
SWA3524,Departure,2026-09-27T11:05:00+00:00,2026-09-27T00:40:35+00:00,2026-09-27T11:08:40+00:00,-0.06,True
SWA4583,Departure,2026-09-27T11:06:00+00:00,2026-09-27T00:40:35+00:00,2026-09-27T11:08:40+00:00,-0.04,True
SWA3893,Departure,2026-09-27T11:15:00+00:00,2026-09-27T00:40:35+00:00,2026-09-27T11:08:40+00:00,0.11,True
DAL1597,Departure,2026-09-27T11:15:00+00:00,2026-09-27T00:40:35+00:00,2026-09-27T11:08:40+00:00,0.11,True
UAL1371,Departure,2026-09-27T11:15:00+00:00,2026-09-27T00:40:35+00:00,2026-09-27T11:08:40+00:00,0.11,True
SWA4668,Departure,2026-09-27T11:15:00+00:00,2026-09-27T00:40:35+00:00,2026-09-27T11:08:40+00:00,0.11,True
SWA3486,Departure,2026-09-27T11:20:00+00:00,2026-09-27T00:40:35+00:00,2026-09-27T11:08:40+00:00,0.19,True
AAL1515,Departure,2026-09-27T11:27:00+00:00,2026-09-27T00:40:35+00:00,2026-09-27T11:08:40+00:00,0.31,True
ASA473,Departure,2026-09-27T11:29:00+00:00,2026-09-27T00:40:35+00:00,2026-09-27T11:08:40+00:00,0.34,True
AAL1308,Departure,2026-09-27T11:30:00+00:00,2026-09-27T00:40:35+00:00,2026-09-27T11:08:40+00:00,0.36,True
EJA990,Departure,2026-09-27T11:36:00+00:00,2026-09-27T11:08:40+00:00,2026-09-27T11:08:40+00:00,0.46,False
DAL1626,Departure,2026-09-27T11:40:00+00:00,2026-09-27T00:40:35+00:00,2026-09-27T11:08:40+00:00,0.52,True
SWA3804,Departure,2026-09-27T11:40:00+00:00,2026-09-27T00:40:35+00:00,2026-09-27T11:08:40+00:00,0.52,True
SWA3826,Departure,2026-09-27T11:45:00+00:00,2026-09-27T00:40:35+00:00,2026-09-27T11:08:40+00:00,0.61,True
AAL537,Departure,2026-09-27T12:00:00+00:00,2026-09-27T00:40:35+00:00,2026-09-27T11:08:40+00:00,0.86,True
SWA3812,Departure,2026-09-27T12:20:00+00:00,2026-09-27T02:11:18+00:00,2026-09-27T11:08:40+00:00,1.19,True
SWA4166,Departure,2026-09-27T12:45:00+00:00,2026-09-27T02:11:18+00:00,2026-09-27T11:08:40+00:00,1.61,True
SWA1930,Departure,2026-09-27T13:00:00+00:00,2026-09-27T02:11:18+00:00,2026-09-27T11:08:40+00:00,1.86,True
SGX396,Departure,2026-09-27T14:30:00+00:00,2026-09-27T11:08:40+00:00,2026-09-27T11:08:40+00:00,3.36,False
SWA3071,Departure,2026-09-27T15:05:00+00:00,2026-09-27T11:08:40+00:00,2026-09-27T11:08:40+00:00,3.94,False
UAL560,Departure,2026-09-27T17:20:00+00:00,2026-09-27T11:08:40+00:00,2026-09-27T11:08:40+00:00,6.19,False
SWA664,Departure,2026-09-27T17:30:00+00:00,2026-09-27T11:08:40+00:00,2026-09-27T11:08:40+00:00,6.36,False
SWA661,Departure,2026-09-27T18:40:00+00:00,2026-09-27T11:08:40+00:00,2026-09-27T11:08:40+00:00,7.52,False
RV412,Departure,2026-09-27T19:00:00+00:00,2026-09-27T11:08:40+00:00,2026-09-27T11:08:40+00:00,7.86,False
DLH449,Departure,2026-09-27T20:30:00+00:00,2026-09-27T11:08:40+00:00,2026-09-27T11:08:40+00:00,9.36,False
SWA4572,Arrival,2026-09-27T11:53:00+00:00,2026-09-27T00:40:35+00:00,2026-09-27T11:08:40+00:00,0.74,True
SWA1674,Arrival,2026-09-27T11:55:00+00:00,2026-09-27T02:11:18+00:00,2026-09-27T11:08:40+00:00,0.77,True
SWA4587,Arrival,2026-09-27T12:01:00+00:00,2026-09-27T02:11:18+00:00,2026-09-27T11:08:40+00:00,0.87,True
SWA3311,Arrival,2026-09-27T12:11:00+00:00,2026-09-27T02:11:18+00:00,2026-09-27T11:08:40+00:00,1.04,True
SWA1147,Arrival,2026-09-27T12:12:00+00:00,2026-09-27T00:40:35+00:00,2026-09-27T11:08:40+00:00,1.06,True
SWA1686,Arrival,2026-09-27T12:13:00+00:00,2026-09-27T02:11:18+00:00,2026-09-27T11:08:40+00:00,1.07,True
SWA244,Arrival,2026-09-27T12:18:00+00:00,2026-09-27T02:11:18+00:00,2026-09-27T11:08:40+00:00,1.16,True
SWA4905,Arrival,2026-09-27T12:19:00+00:00,2026-09-27T02:11:18+00:00,2026-09-27T11:08:40+00:00,1.17,True
SWA3357,Arrival,2026-09-27T12:28:00+00:00,2026-09-27T02:11:18+00:00,2026-09-27T11:08:40+00:00,1.32,True
SWA1517,Arrival,2026-09-27T12:29:00+00:00,2026-09-27T02:11:18+00:00,2026-09-27T11:08:40+00:00,1.34,True
SWA2514,Arrival,2026-09-27T12:35:00+00:00,2026-09-27T02:11:18+00:00,2026-09-27T11:08:40+00:00,1.44,True
AAL3546,Arrival,2026-09-27T12:38:00+00:00,2026-09-27T02:11:18+00:00,2026-09-27T11:08:40+00:00,1.49,True
SWA1373,Arrival,2026-09-27T12:39:00+00:00,2026-09-27T02:11:18+00:00,2026-09-27T11:08:40+00:00,1.51,True
SWA2656,Arrival,2026-09-27T12:43:00+00:00,2026-09-27T02:11:18+00:00,2026-09-27T11:08:40+00:00,1.57,True
SWA3665,Arrival,2026-09-27T12:49:00+00:00,2026-09-27T02:11:18+00:00,2026-09-27T11:08:40+00:00,1.67,True
AAL2497,Arrival,2026-09-27T13:23:00+00:00,2026-09-27T02:11:18+00:00,2026-09-27T11:08:40+00:00,2.24,True
SWA2016,Arrival,2026-09-27T13:34:00+00:00,2026-09-27T02:11:18+00:00,2026-09-27T11:08:40+00:00,2.42,True
UAL3689,Arrival,2026-09-27T13:41:00+00:00,2026-09-27T11:08:40+00:00,2026-09-27T11:08:40+00:00,2.54,False
SWA1096,Arrival,2026-09-27T13:46:00+00:00,2026-09-27T11:08:40+00:00,2026-09-27T11:08:40+00:00,2.62,False
SWA3070,Arrival,2026-09-27T13:47:00+00:00,2026-09-27T11:08:40+00:00,2026-09-27T11:08:40+00:00,2.64,False
SWA1430,Arrival,2026-09-27T13:49:00+00:00,2026-09-27T02:11:18+00:00,2026-09-27T11:08:40+00:00,2.67,True
SWA2955,Arrival,2026-09-27T13:51:00+00:00,2026-09-27T11:08:40+00:00,2026-09-27T11:08:40+00:00,2.71,False
SWA1643,Arrival,2026-09-27T13:54:00+00:00,2026-09-27T02:11:18+00:00,2026-09-27T11:08:40+00:00,2.76,True
SWA1694,Arrival,2026-09-27T13:59:00+00:00,2026-09-27T11:08:40+00:00,2026-09-27T11:08:40+00:00,2.84,False
SWA2949,Arrival,2026-09-27T14:03:00+00:00,2026-09-27T11:08:40+00:00,2026-09-27T11:08:40+00:00,2.91,False
SWA2810,Arrival,2026-09-27T14:03:00+00:00,2026-09-27T11:08:40+00:00,2026-09-27T11:08:40+00:00,2.91,False
SWA225,Arrival,2026-09-27T14:04:00+00:00,2026-09-27T11:08:40+00:00,2026-09-27T11:08:40+00:00,2.92,False
SWA4699,Arrival,2026-09-27T14:09:00+00:00,2026-09-27T11:08:40+00:00,2026-09-27T11:08:40+00:00,3.01,False
SWA2837,Arrival,2026-09-27T14:09:00+00:00,2026-09-27T02:11:18+00:00,2026-09-27T11:08:40+00:00,3.01,True
SWA998,Arrival,2026-09-27T14:19:00+00:00,2026-09-27T11:08:40+00:00,2026-09-27T11:08:40+00:00,3.17,False
SWA3958,Arrival,2026-09-27T14:19:00+00:00,2026-09-27T11:08:40+00:00,2026-09-27T11:08:40+00:00,3.17,False
EJA867,Arrival,2026-09-27T14:33:00+00:00,2026-09-27T11:08:40+00:00,2026-09-27T11:08:40+00:00,3.41,False
LXJ417,Arrival,2026-09-27T14:34:00+00:00,2026-09-27T11:08:40+00:00,2026-09-27T11:08:40+00:00,3.42,False
UAL4587,Arrival,2026-09-27T14:35:00+00:00,2026-09-27T11:08:40+00:00,2026-09-27T11:08:40+00:00,3.44,False
SWA2110,Arrival,2026-09-27T15:06:00+00:00,2026-09-27T11:08:40+00:00,2026-09-27T11:08:40+00:00,3.96,False
RV412,Arrival,2026-09-27T15:14:00+00:00,2026-09-27T11:08:40+00:00,2026-09-27T11:08:40+00:00,4.09,False
AAL1739,Arrival,2026-09-27T15:21:00+00:00,2026-09-27T11:08:40+00:00,2026-09-27T11:08:40+00:00,4.21,False
SWA3280,Arrival,2026-09-27T15:34:00+00:00,2026-09-27T11:08:40+00:00,2026-09-27T11:08:40+00:00,4.42,False
SWA4334,Arrival,2026-09-27T15:35:00+00:00,2026-09-27T11:08:40+00:00,2026-09-27T11:08:40+00:00,4.44,False
DAL4922,Arrival,2026-09-27T16:38:00+00:00,2026-09-27T11:08:40+00:00,2026-09-27T11:08:40+00:00,5.49,False
EJA467,Arrival,2026-09-27T16:53:00+00:00,2026-09-27T11:08:40+00:00,2026-09-27T11:08:40+00:00,5.74,False
SWA2977,Arrival,2026-09-27T16:54:00+00:00,2026-09-27T11:08:40+00:00,2026-09-27T11:08:40+00:00,5.76,False
SWA2402,Arrival,2026-09-27T17:14:00+00:00,2026-09-27T11:08:40+00:00,2026-09-27T11:08:40+00:00,6.09,False
DLH448,Arrival,2026-09-27T18:25:00+00:00,2026-09-27T11:08:40+00:00,2026-09-27T11:08:40+00:00,7.27,False
AAL2660,Arrival,2026-09-27T18:31:00+00:00,2026-09-27T11:08:40+00:00,2026-09-27T11:08:40+00:00,7.37,False
ASA388,Arrival,2026-09-27T18:59:00+00:00,2026-09-27T11:08:40+00:00,2026-09-27T11:08:40+00:00,7.84,False
SWA682,Arrival,2026-09-27T19:19:00+00:00,2026-09-27T11:08:40+00:00,2026-09-27T11:08:40+00:00,8.17,False
SWA2351,Arrival,2026-09-27T19:35:00+00:00,2026-09-27T11:08:40+00:00,2026-09-27T11:08:40+00:00,8.44,False
SWA278,Arrival,2026-09-27T19:55:00+00:00,2026-09-27T11:08:40+00:00,2026-09-27T11:08:40+00:00,8.77,False
ASA1318,Arrival,2026-09-27T22:10:00+00:00,2026-09-27T11:08:40+00:00,2026-09-27T11:08:40+00:00,11.02,False
UAL577,Departure,2026-09-27T12:35:00+00:00,2026-09-27T02:11:18+00:00,2026-09-27T12:42:55+00:00,-0.13,True
UAL2792,Departure,2026-09-27T13:00:00+00:00,2026-09-27T02:11:18+00:00,2026-09-27T12:42:55+00:00,0.28,True
DAL2363,Departure,2026-09-27T13:00:00+00:00,2026-09-27T02:11:18+00:00,2026-09-27T12:42:55+00:00,0.28,True
AAL2574,Departure,2026-09-27T13:00:00+00:00,2026-09-27T02:11:18+00:00,2026-09-27T12:42:55+00:00,0.28,True
SWA3827,Departure,2026-09-27T13:15:00+00:00,2026-09-27T02:11:18+00:00,2026-09-27T12:42:55+00:00,0.53,True
SWA4500,Departure,2026-09-27T13:20:00+00:00,2026-09-27T02:11:18+00:00,2026-09-27T12:42:55+00:00,0.62,True
SWA4584,Departure,2026-09-27T13:20:00+00:00,2026-09-27T02:11:18+00:00,2026-09-27T12:42:55+00:00,0.62,True
SWA3808,Departure,2026-09-27T13:20:00+00:00,2026-09-27T02:11:18+00:00,2026-09-27T12:42:55+00:00,0.62,True
SWA3870,Departure,2026-09-27T13:20:00+00:00,2026-09-27T02:11:18+00:00,2026-09-27T12:42:55+00:00,0.62,True
SWA3399,Departure,2026-09-27T13:20:00+00:00,2026-09-27T02:11:18+00:00,2026-09-27T12:42:55+00:00,0.62,True
SWA1974,Departure,2026-09-27T13:20:00+00:00,2026-09-27T02:11:18+00:00,2026-09-27T12:42:55+00:00,0.62,True
SWA3886,Departure,2026-09-27T13:25:00+00:00,2026-09-27T02:11:18+00:00,2026-09-27T12:42:55+00:00,0.7,True
SWA785,Departure,2026-09-27T13:25:00+00:00,2026-09-27T02:11:18+00:00,2026-09-27T12:42:55+00:00,0.7,True
SWA3261,Departure,2026-09-27T13:25:00+00:00,2026-09-27T02:11:18+00:00,2026-09-27T12:42:55+00:00,0.7,True
SWA1003,Departure,2026-09-27T13:25:00+00:00,2026-09-27T02:11:18+00:00,2026-09-27T12:42:55+00:00,0.7,True
SWA3710,Departure,2026-09-27T13:30:00+00:00,2026-09-27T11:08:40+00:00,2026-09-27T12:42:55+00:00,0.78,True
SWA4522,Departure,2026-09-27T13:30:00+00:00,2026-09-27T02:11:18+00:00,2026-09-27T12:42:55+00:00,0.78,True
AAL1959,Departure,2026-09-27T13:30:00+00:00,2026-09-27T11:08:40+00:00,2026-09-27T12:42:55+00:00,0.78,True
UAL4506,Departure,2026-09-27T13:30:00+00:00,2026-09-27T02:11:18+00:00,2026-09-27T12:42:55+00:00,0.78,True
SWA3892,Departure,2026-09-27T13:40:00+00:00,2026-09-27T02:11:18+00:00,2026-09-27T12:42:55+00:00,0.95,True
SWA2814,Departure,2026-09-27T13:53:00+00:00,2026-09-27T11:08:40+00:00,2026-09-27T12:42:55+00:00,1.17,True
SWA225,Departure,2026-09-27T14:45:00+00:00,2026-09-27T11:08:40+00:00,2026-09-27T12:42:55+00:00,2.03,True
EJA867,Departure,2026-09-27T15:42:00+00:00,2026-09-27T12:42:55+00:00,2026-09-27T12:42:55+00:00,2.98,False
DAL5286,Arrival,2026-09-27T13:04:00+00:00,2026-09-27T02:11:18+00:00,2026-09-27T12:42:55+00:00,0.35,True
DAL1571,Arrival,2026-09-27T13:46:00+00:00,2026-09-27T11:08:40+00:00,2026-09-27T12:42:55+00:00,1.05,True
SWA2536,Arrival,2026-09-27T13:52:00+00:00,2026-09-27T11:08:40+00:00,2026-09-27T12:42:55+00:00,1.15,True
DAL2868,Arrival,2026-09-27T13:56:00+00:00,2026-09-27T11:08:40+00:00,2026-09-27T12:42:55+00:00,1.22,True
FFT1524,Arrival,2026-09-27T14:10:00+00:00,2026-09-27T11:08:40+00:00,2026-09-27T12:42:55+00:00,1.45,True
AAL3333,Arrival,2026-09-27T14:11:00+00:00,2026-09-27T11:08:40+00:00,2026-09-27T12:42:55+00:00,1.47,True
UAL6214,Arrival,2026-09-27T15:04:00+00:00,2026-09-27T11:08:40+00:00,2026-09-27T12:42:55+00:00,2.35,True
AAL4436,Arrival,2026-09-27T15:06:00+00:00,2026-09-27T11:08:40+00:00,2026-09-27T12:42:55+00:00,2.38,True
SWA2807,Arrival,2026-09-27T15:09:00+00:00,2026-09-27T11:08:40+00:00,2026-09-27T12:42:55+00:00,2.43,True
SWA2019,Arrival,2026-09-27T15:09:00+00:00,2026-09-27T11:08:40+00:00,2026-09-27T12:42:55+00:00,2.43,True
AAL2818,Arrival,2026-09-27T15:10:00+00:00,2026-09-27T11:08:40+00:00,2026-09-27T12:42:55+00:00,2.45,True
SWA3039,Arrival,2026-09-27T15:44:00+00:00,2026-09-27T11:08:40+00:00,2026-09-27T12:42:55+00:00,3.02,True
JTL25,Arrival,2026-09-27T15:49:00+00:00,2026-09-27T12:42:55+00:00,2026-09-27T12:42:55+00:00,3.1,False
FFT3108,Arrival,2026-09-27T16:05:00+00:00,2026-09-27T11:08:40+00:00,2026-09-27T12:42:55+00:00,3.37,True
SWA1755,Arrival,2026-09-27T17:44:00+00:00,2026-09-27T11:08:40+00:00,2026-09-27T12:42:55+00:00,5.02,True
UAL4518,Arrival,2026-09-27T23:55:00+00:00,2026-09-27T12:42:55+00:00,2026-09-27T12:42:55+00:00,11.2,False
DAL5325,Departure,2026-09-27T14:09:00+00:00,2026-09-27T11:08:40+00:00,2026-09-27T14:23:26+00:00,-0.24,True
UAL2459,Departure,2026-09-27T14:10:00+00:00,2026-09-27T11:08:40+00:00,2026-09-27T14:23:26+00:00,-0.22,True
AAL2497,Departure,2026-09-27T14:21:00+00:00,2026-09-27T11:08:40+00:00,2026-09-27T14:23:26+00:00,-0.04,True
KOW187,Departure,2026-09-27T14:30:00+00:00,2026-09-27T14:23:26+00:00,2026-09-27T14:23:26+00:00,0.11,False
UAL3715,Departure,2026-09-27T14:30:00+00:00,2026-09-27T11:08:40+00:00,2026-09-27T14:23:26+00:00,0.11,True
SWA1124,Departure,2026-09-27T14:55:00+00:00,2026-09-27T11:08:40+00:00,2026-09-27T14:23:26+00:00,0.53,True
SWA1282,Departure,2026-09-27T15:05:00+00:00,2026-09-27T11:08:40+00:00,2026-09-27T14:23:26+00:00,0.69,True
SWA3858,Departure,2026-09-27T15:05:00+00:00,2026-09-27T11:08:40+00:00,2026-09-27T14:23:26+00:00,0.69,True
DAL4939,Departure,2026-09-27T15:05:00+00:00,2026-09-27T11:08:40+00:00,2026-09-27T14:23:26+00:00,0.69,True
SWA1385,Departure,2026-09-27T15:05:00+00:00,2026-09-27T11:08:40+00:00,2026-09-27T14:23:26+00:00,0.69,True
SWA3818,Departure,2026-09-27T15:05:00+00:00,2026-09-27T11:08:40+00:00,2026-09-27T14:23:26+00:00,0.69,True
DAL1571,Departure,2026-09-27T15:05:00+00:00,2026-09-27T11:08:40+00:00,2026-09-27T14:23:26+00:00,0.69,True
SWA784,Departure,2026-09-27T15:05:00+00:00,2026-09-27T11:08:40+00:00,2026-09-27T14:23:26+00:00,0.69,True
SWA3798,Departure,2026-09-27T15:05:00+00:00,2026-09-27T11:08:40+00:00,2026-09-27T14:23:26+00:00,0.69,True
SWA2537,Departure,2026-09-27T15:10:00+00:00,2026-09-27T11:08:40+00:00,2026-09-27T14:23:26+00:00,0.78,True
AAL3333,Departure,2026-09-27T15:14:00+00:00,2026-09-27T11:08:40+00:00,2026-09-27T14:23:26+00:00,0.84,True
SWA4591,Departure,2026-09-27T15:15:00+00:00,2026-09-27T11:08:40+00:00,2026-09-27T14:23:26+00:00,0.86,True
SWA2926,Departure,2026-09-27T15:15:00+00:00,2026-09-27T11:08:40+00:00,2026-09-27T14:23:26+00:00,0.86,True
SWA3879,Departure,2026-09-27T15:15:00+00:00,2026-09-27T11:08:40+00:00,2026-09-27T14:23:26+00:00,0.86,True
FFT1523,Departure,2026-09-27T15:20:00+00:00,2026-09-27T11:08:40+00:00,2026-09-27T14:23:26+00:00,0.94,True
DAL2868,Departure,2026-09-27T15:29:00+00:00,2026-09-27T11:08:40+00:00,2026-09-27T14:23:26+00:00,1.09,True
SWA3894,Departure,2026-09-27T15:35:00+00:00,2026-09-27T11:08:40+00:00,2026-09-27T14:23:26+00:00,1.19,True
SWA1995,Departure,2026-09-27T15:55:00+00:00,2026-09-27T11:08:40+00:00,2026-09-27T14:23:26+00:00,1.53,True
SWA2190,Departure,2026-09-27T15:55:00+00:00,2026-09-27T11:08:40+00:00,2026-09-27T14:23:26+00:00,1.53,True
SWA4177,Departure,2026-09-27T16:15:00+00:00,2026-09-27T11:08:40+00:00,2026-09-27T14:23:26+00:00,1.86,True
SWA4317,Departure,2026-09-27T16:30:00+00:00,2026-09-27T11:08:40+00:00,2026-09-27T14:23:26+00:00,2.11,True
LXJ417,Departure,2026-09-27T16:31:00+00:00,2026-09-27T14:23:26+00:00,2026-09-27T14:23:26+00:00,2.13,False
LXJ583,Departure,2026-09-27T16:35:00+00:00,2026-09-27T14:23:26+00:00,2026-09-27T14:23:26+00:00,2.19,False
EJA467,Departure,2026-09-27T18:06:00+00:00,2026-09-27T14:23:26+00:00,2026-09-27T14:23:26+00:00,3.71,False
KOW818,Departure,2026-09-27T20:30:00+00:00,2026-09-27T14:23:26+00:00,2026-09-27T14:23:26+00:00,6.11,False
DAL1289,Arrival,2026-09-27T15:06:00+00:00,2026-09-27T11:08:40+00:00,2026-09-27T14:23:26+00:00,0.71,True
DAL1400,Arrival,2026-09-27T15:28:00+00:00,2026-09-27T11:08:40+00:00,2026-09-27T14:23:26+00:00,1.08,True
SWA1097,Arrival,2026-09-27T16:21:00+00:00,2026-09-27T11:08:40+00:00,2026-09-27T14:23:26+00:00,1.96,True
UAL2311,Arrival,2026-09-27T16:24:00+00:00,2026-09-27T11:08:40+00:00,2026-09-27T14:23:26+00:00,2.01,True
AAL4074,Arrival,2026-09-27T16:48:00+00:00,2026-09-27T11:08:40+00:00,2026-09-27T14:23:26+00:00,2.41,True
SWA1695,Arrival,2026-09-27T16:54:00+00:00,2026-09-27T11:08:40+00:00,2026-09-27T14:23:26+00:00,2.51,True
AAL3096,Arrival,2026-09-27T16:54:00+00:00,2026-09-27T11:08:40+00:00,2026-09-27T14:23:26+00:00,2.51,True
UAL661,Arrival,2026-09-27T17:54:00+00:00,2026-09-27T14:23:26+00:00,2026-09-27T14:23:26+00:00,3.51,False
SWA2031,Arrival,2026-09-27T18:09:00+00:00,2026-09-27T11:08:40+00:00,2026-09-27T14:23:26+00:00,3.76,True
AAL477,Arrival,2026-09-27T18:12:00+00:00,2026-09-27T11:08:40+00:00,2026-09-27T14:23:26+00:00,3.81,True
SWA2659,Arrival,2026-09-27T18:28:00+00:00,2026-09-27T11:08:40+00:00,2026-09-27T14:23:26+00:00,4.08,True
KOW818,Arrival,2026-09-27T18:59:00+00:00,2026-09-27T14:23:26+00:00,2026-09-27T14:23:26+00:00,4.59,False
SWA2289,Arrival,2026-09-27T19:04:00+00:00,2026-09-27T11:08:40+00:00,2026-09-27T14:23:26+00:00,4.68,True
SWA2317,Arrival,2026-09-27T19:39:00+00:00,2026-09-27T11:08:40+00:00,2026-09-27T14:23:26+00:00,5.26,True
AAL2487,Arrival,2026-09-28T00:45:00+00:00,2026-09-27T14:23:26+00:00,2026-09-27T14:23:26+00:00,10.36,False
UAL4479,Arrival,2026-09-28T01:10:00+00:00,2026-09-27T14:23:26+00:00,2026-09-27T14:23:26+00:00,10.78,False
AAL4443,Departure,2026-09-27T16:00:00+00:00,2026-09-27T11:08:40+00:00,2026-09-27T16:10:45+00:00,-0.18,True
AAL4436,Departure,2026-09-27T16:05:00+00:00,2026-09-27T11:08:40+00:00,2026-09-27T16:10:45+00:00,-0.1,True
AAL1739,Departure,2026-09-27T16:09:00+00:00,2026-09-27T11:08:40+00:00,2026-09-27T16:10:45+00:00,-0.03,True
UAL6213,Departure,2026-09-27T16:10:00+00:00,2026-09-27T11:08:40+00:00,2026-09-27T16:10:45+00:00,-0.01,True
AAL2818,Departure,2026-09-27T16:19:00+00:00,2026-09-27T11:08:40+00:00,2026-09-27T16:10:45+00:00,0.14,True
SWA3805,Departure,2026-09-27T16:20:00+00:00,2026-09-27T11:08:40+00:00,2026-09-27T16:10:45+00:00,0.15,True
DAL1289,Departure,2026-09-27T16:21:00+00:00,2026-09-27T11:08:40+00:00,2026-09-27T16:10:45+00:00,0.17,True
DAL1400,Departure,2026-09-27T17:00:00+00:00,2026-09-27T11:08:40+00:00,2026-09-27T16:10:45+00:00,0.82,True
ACA8688,Departure,2026-09-27T17:10:00+00:00,2026-09-27T11:08:40+00:00,2026-09-27T16:10:45+00:00,0.99,True
SWA4082,Departure,2026-09-27T17:25:00+00:00,2026-09-27T11:08:40+00:00,2026-09-27T16:10:45+00:00,1.24,True
SWA3829,Departure,2026-09-27T17:40:00+00:00,2026-09-27T11:08:40+00:00,2026-09-27T16:10:45+00:00,1.49,True
SWA4334,Departure,2026-09-27T17:49:00+00:00,2026-09-27T11:08:40+00:00,2026-09-27T16:10:45+00:00,1.64,True
SWA2052,Departure,2026-09-27T17:55:00+00:00,2026-09-27T11:08:40+00:00,2026-09-27T16:10:45+00:00,1.74,True
SWA3015,Departure,2026-09-27T18:00:00+00:00,2026-09-27T11:08:40+00:00,2026-09-27T16:10:45+00:00,1.82,True
FLE9937,Departure,2026-09-27T18:30:00+00:00,2026-09-27T16:10:45+00:00,2026-09-27T16:10:45+00:00,2.32,False
EJA761,Arrival,2026-09-27T17:11:00+00:00,2026-09-27T16:10:45+00:00,2026-09-27T16:10:45+00:00,1.0,False
SWA2838,Arrival,2026-09-27T17:14:00+00:00,2026-09-27T11:08:40+00:00,2026-09-27T16:10:45+00:00,1.05,True
UAL5300,Arrival,2026-09-27T17:30:00+00:00,2026-09-27T11:08:40+00:00,2026-09-27T16:10:45+00:00,1.32,True
UAL652,Arrival,2026-09-27T17:35:00+00:00,2026-09-27T11:08:40+00:00,2026-09-27T16:10:45+00:00,1.4,True
DAL1371,Arrival,2026-09-27T17:36:00+00:00,2026-09-27T11:08:40+00:00,2026-09-27T16:10:45+00:00,1.42,True
UAL4613,Arrival,2026-09-27T17:42:00+00:00,2026-09-27T11:08:40+00:00,2026-09-27T16:10:45+00:00,1.52,True
DAL2455,Arrival,2026-09-27T17:55:00+00:00,2026-09-27T11:08:40+00:00,2026-09-27T16:10:45+00:00,1.74,True
DAL566,Arrival,2026-09-27T17:59:00+00:00,2026-09-27T11:08:40+00:00,2026-09-27T16:10:45+00:00,1.8,True
SWA865,Arrival,2026-09-27T18:02:00+00:00,2026-09-27T11:08:40+00:00,2026-09-27T16:10:45+00:00,1.85,True
AAL9932,Arrival,2026-09-27T18:44:00+00:00,2026-09-27T16:10:45+00:00,2026-09-27T16:10:45+00:00,2.55,False
UAL2042,Arrival,2026-09-27T19:06:00+00:00,2026-09-27T11:08:40+00:00,2026-09-27T16:10:45+00:00,2.92,True
SWA4988,Arrival,2026-09-27T19:21:00+00:00,2026-09-27T11:08:40+00:00,2026-09-27T16:10:45+00:00,3.17,True
SWA3126,Arrival,2026-09-27T19:24:00+00:00,2026-09-27T11:08:40+00:00,2026-09-27T16:10:45+00:00,3.22,True
SWA1343,Arrival,2026-09-27T19:43:00+00:00,2026-09-27T11:08:40+00:00,2026-09-27T16:10:45+00:00,3.54,True
SWA2648,Arrival,2026-09-27T19:44:00+00:00,2026-09-27T11:08:40+00:00,2026-09-27T16:10:45+00:00,3.55,True
SWA2829,Arrival,2026-09-27T20:25:00+00:00,2026-09-27T11:08:40+00:00,2026-09-27T16:10:45+00:00,4.24,True
EJA807,Arrival,2026-09-27T22:22:00+00:00,2026-09-27T16:10:45+00:00,2026-09-27T16:10:45+00:00,6.19,False
SWA2435,Arrival,2026-09-27T22:39:00+00:00,2026-09-27T12:42:55+00:00,2026-09-27T16:10:45+00:00,6.47,True
UAL2040,Arrival,2026-09-28T02:04:00+00:00,2026-09-27T16:10:45+00:00,2026-09-27T16:10:45+00:00,9.89,False
EJA495,Departure,2026-09-27T17:30:00+00:00,2026-09-27T17:42:13+00:00,2026-09-27T17:42:13+00:00,-0.2,False
FFT3107,Departure,2026-09-27T17:35:00+00:00,2026-09-27T11:08:40+00:00,2026-09-27T17:42:13+00:00,-0.12,True
AAL4074,Departure,2026-09-27T17:46:00+00:00,2026-09-27T11:08:40+00:00,2026-09-27T17:42:13+00:00,0.06,True
AAL3096,Departure,2026-09-27T17:50:00+00:00,2026-09-27T11:08:40+00:00,2026-09-27T17:42:13+00:00,0.13,True
SWA4508,Departure,2026-09-27T18:01:00+00:00,2026-09-27T11:08:40+00:00,2026-09-27T17:42:13+00:00,0.31,True
DAL4922,Departure,2026-09-27T18:01:00+00:00,2026-09-27T11:08:40+00:00,2026-09-27T17:42:13+00:00,0.31,True
UAL4395,Departure,2026-09-27T18:06:00+00:00,2026-09-27T11:08:40+00:00,2026-09-27T17:42:13+00:00,0.4,True
UAL4454,Departure,2026-09-27T18:09:00+00:00,2026-09-27T11:08:40+00:00,2026-09-27T17:42:13+00:00,0.45,True
UAL4747,Departure,2026-09-27T18:29:00+00:00,2026-09-27T11:08:40+00:00,2026-09-27T17:42:13+00:00,0.78,True
SWA618,Departure,2026-09-27T18:30:00+00:00,2026-09-27T11:08:40+00:00,2026-09-27T17:42:13+00:00,0.8,True
AAL6355,Departure,2026-09-27T18:49:00+00:00,2026-09-27T11:08:40+00:00,2026-09-27T17:42:13+00:00,1.11,True
DAL1371,Departure,2026-09-27T18:55:00+00:00,2026-09-27T11:08:40+00:00,2026-09-27T17:42:13+00:00,1.21,True
SWA3846,Departure,2026-09-27T19:35:00+00:00,2026-09-27T11:08:40+00:00,2026-09-27T17:42:13+00:00,1.88,True
SWA1535,Departure,2026-09-27T19:50:00+00:00,2026-09-27T11:08:40+00:00,2026-09-27T17:42:13+00:00,2.13,True
SWA4268,Departure,2026-09-27T20:02:00+00:00,2026-09-27T11:08:40+00:00,2026-09-27T17:42:13+00:00,2.33,True
SWA3061,Departure,2026-09-27T20:05:00+00:00,2026-09-27T11:08:40+00:00,2026-09-27T17:42:13+00:00,2.38,True
UAL652,Departure,2026-09-27T20:12:00+00:00,2026-09-27T11:08:40+00:00,2026-09-27T17:42:13+00:00,2.5,True
SWA3896,Departure,2026-09-27T20:35:00+00:00,2026-09-27T11:08:40+00:00,2026-09-27T17:42:13+00:00,2.88,True
JTL304,Arrival,2026-09-27T18:02:00+00:00,2026-09-27T17:42:13+00:00,2026-09-27T17:42:13+00:00,0.33,False
ACA8889,Arrival,2026-09-27T18:59:00+00:00,2026-09-27T11:08:40+00:00,2026-09-27T17:42:13+00:00,1.28,True
AAL1363,Arrival,2026-09-27T19:20:00+00:00,2026-09-27T11:08:40+00:00,2026-09-27T17:42:13+00:00,1.63,True
AAL6355,Arrival,2026-09-27T19:21:00+00:00,2026-09-27T11:08:40+00:00,2026-09-27T17:42:13+00:00,1.65,True
SWA3515,Arrival,2026-09-27T19:34:00+00:00,2026-09-27T11:08:40+00:00,2026-09-27T17:42:13+00:00,1.86,True
SWA2839,Arrival,2026-09-27T19:34:00+00:00,2026-09-27T11:08:40+00:00,2026-09-27T17:42:13+00:00,1.86,True
DAL3811,Arrival,2026-09-27T19:36:00+00:00,2026-09-27T11:08:40+00:00,2026-09-27T17:42:13+00:00,1.9,True
UAL5696,Arrival,2026-09-27T20:07:00+00:00,2026-09-27T11:08:40+00:00,2026-09-27T17:42:13+00:00,2.41,True
SWA3449,Arrival,2026-09-27T20:14:00+00:00,2026-09-27T11:08:40+00:00,2026-09-27T17:42:13+00:00,2.53,True
SWA22,Arrival,2026-09-27T20:14:00+00:00,2026-09-27T11:08:40+00:00,2026-09-27T17:42:13+00:00,2.53,True
SWA4974,Arrival,2026-09-27T20:54:00+00:00,2026-09-27T11:08:40+00:00,2026-09-27T17:42:13+00:00,3.2,True
SWA2713,Arrival,2026-09-27T20:58:00+00:00,2026-09-27T11:08:40+00:00,2026-09-27T17:42:13+00:00,3.26,True
UAL3717,Arrival,2026-09-27T21:07:00+00:00,2026-09-27T11:08:40+00:00,2026-09-27T17:42:13+00:00,3.41,True
AAL3066,Arrival,2026-09-27T21:19:00+00:00,2026-09-27T11:08:40+00:00,2026-09-27T17:42:13+00:00,3.61,True
SWA4060,Arrival,2026-09-27T22:09:00+00:00,2026-09-27T11:08:40+00:00,2026-09-27T17:42:13+00:00,4.45,True
SWA2550,Arrival,2026-09-27T22:14:00+00:00,2026-09-27T11:08:40+00:00,2026-09-27T17:42:13+00:00,4.53,True
UAL2000,Arrival,2026-09-27T22:38:00+00:00,2026-09-27T11:08:40+00:00,2026-09-27T17:42:13+00:00,4.93,True
SWA556,Arrival,2026-09-27T23:04:00+00:00,2026-09-27T12:42:55+00:00,2026-09-27T17:42:13+00:00,5.36,True
SWA4682,Arrival,2026-09-27T23:04:00+00:00,2026-09-27T12:42:55+00:00,2026-09-27T17:42:13+00:00,5.36,True
UAL4576,Arrival,2026-09-28T03:53:00+00:00,2026-09-27T17:42:13+00:00,2026-09-27T17:42:13+00:00,10.18,False
AAL1594,Arrival,2026-09-28T04:50:00+00:00,2026-09-27T17:42:13+00:00,2026-09-27T17:42:13+00:00,11.13,False
AAL477,Departure,2026-09-27T19:11:00+00:00,2026-09-27T11:08:40+00:00,2026-09-27T19:15:03+00:00,-0.07,True
DAL2455,Departure,2026-09-27T19:28:00+00:00,2026-09-27T11:08:40+00:00,2026-09-27T19:15:03+00:00,0.22,True
DAL566,Departure,2026-09-27T19:30:00+00:00,2026-09-27T11:08:40+00:00,2026-09-27T19:15:03+00:00,0.25,True
AAL2660,Departure,2026-09-27T19:30:00+00:00,2026-09-27T11:08:40+00:00,2026-09-27T19:15:03+00:00,0.25,True
ACA8890,Departure,2026-09-27T19:40:00+00:00,2026-09-27T11:08:40+00:00,2026-09-27T19:15:03+00:00,0.42,True
SWA2901,Departure,2026-09-27T20:05:00+00:00,2026-09-27T11:08:40+00:00,2026-09-27T19:15:03+00:00,0.83,True
ASA388,Departure,2026-09-27T20:19:00+00:00,2026-09-27T11:08:40+00:00,2026-09-27T19:15:03+00:00,1.07,True
SWA3799,Departure,2026-09-27T20:20:00+00:00,2026-09-27T11:08:40+00:00,2026-09-27T19:15:03+00:00,1.08,True
SWA3985,Departure,2026-09-27T20:20:00+00:00,2026-09-27T11:08:40+00:00,2026-09-27T19:15:03+00:00,1.08,True
UAL5332,Departure,2026-09-27T20:28:00+00:00,2026-09-27T11:08:40+00:00,2026-09-27T19:15:03+00:00,1.22,True
SWA2742,Departure,2026-09-27T20:30:00+00:00,2026-09-27T11:08:40+00:00,2026-09-27T19:15:03+00:00,1.25,True
SWA22,Departure,2026-09-27T20:55:00+00:00,2026-09-27T11:08:40+00:00,2026-09-27T19:15:03+00:00,1.67,True
SWA2301,Departure,2026-09-27T20:55:00+00:00,2026-09-27T11:08:40+00:00,2026-09-27T19:15:03+00:00,1.67,True
SWA278,Departure,2026-09-27T20:57:00+00:00,2026-09-27T11:08:40+00:00,2026-09-27T19:15:03+00:00,1.7,True
SWA3889,Departure,2026-09-27T21:00:00+00:00,2026-09-27T11:08:40+00:00,2026-09-27T19:15:03+00:00,1.75,True
SWA3813,Departure,2026-09-27T21:25:00+00:00,2026-09-27T11:08:40+00:00,2026-09-27T19:15:03+00:00,2.17,True
DAL543,Arrival,2026-09-27T20:29:00+00:00,2026-09-27T11:08:40+00:00,2026-09-27T19:15:03+00:00,1.23,True
FFT2635,Arrival,2026-09-27T21:04:00+00:00,2026-09-27T11:08:40+00:00,2026-09-27T19:15:03+00:00,1.82,True
AAL5161,Arrival,2026-09-27T21:06:00+00:00,2026-09-27T11:08:40+00:00,2026-09-27T19:15:03+00:00,1.85,True
AAL3944,Arrival,2026-09-27T21:13:00+00:00,2026-09-27T11:08:40+00:00,2026-09-27T19:15:03+00:00,1.97,True
EJA319,Arrival,2026-09-27T21:24:00+00:00,2026-09-27T19:15:03+00:00,2026-09-27T19:15:03+00:00,2.15,False
SCX8111,Arrival,2026-09-27T21:26:00+00:00,2026-09-27T11:08:40+00:00,2026-09-27T19:15:03+00:00,2.18,True
UAL1639,Arrival,2026-09-27T21:32:00+00:00,2026-09-27T11:08:40+00:00,2026-09-27T19:15:03+00:00,2.28,True
AAL2571,Arrival,2026-09-27T21:57:00+00:00,2026-09-27T11:08:40+00:00,2026-09-27T19:15:03+00:00,2.7,True
DAL1492,Arrival,2026-09-27T22:27:00+00:00,2026-09-27T11:08:40+00:00,2026-09-27T19:15:03+00:00,3.2,True
SWA3755,Arrival,2026-09-27T22:37:00+00:00,2026-09-27T12:42:55+00:00,2026-09-27T19:15:03+00:00,3.37,True
SWA2022,Arrival,2026-09-27T22:44:00+00:00,2026-09-27T12:42:55+00:00,2026-09-27T19:15:03+00:00,3.48,True
SWA3199,Arrival,2026-09-27T22:44:00+00:00,2026-09-27T12:42:55+00:00,2026-09-27T19:15:03+00:00,3.48,True
SWA2340,Arrival,2026-09-27T22:54:00+00:00,2026-09-27T12:42:55+00:00,2026-09-27T19:15:03+00:00,3.65,True
ASA672,Arrival,2026-09-27T23:19:00+00:00,2026-09-27T12:42:55+00:00,2026-09-27T19:15:03+00:00,4.07,True
SWA4432,Arrival,2026-09-27T23:25:00+00:00,2026-09-27T11:08:40+00:00,2026-09-27T19:15:03+00:00,4.17,True
SWA3286,Arrival,2026-09-27T23:36:00+00:00,2026-09-27T12:42:55+00:00,2026-09-27T19:15:03+00:00,4.35,True
UAL1905,Arrival,2026-09-27T23:37:00+00:00,2026-09-27T12:42:55+00:00,2026-09-27T19:15:03+00:00,4.37,True
SWA3564,Arrival,2026-09-28T00:12:00+00:00,2026-09-27T12:42:55+00:00,2026-09-27T19:15:03+00:00,4.95,True
SWA3471,Arrival,2026-09-28T00:23:00+00:00,2026-09-27T12:42:55+00:00,2026-09-27T19:15:03+00:00,5.13,True
BAW221,Arrival,2026-09-28T00:30:00+00:00,2026-09-27T14:23:26+00:00,2026-09-27T19:15:03+00:00,5.25,True
DAL2666,Arrival,2026-09-28T05:44:00+00:00,2026-09-27T19:15:03+00:00,2026-09-27T19:15:03+00:00,10.48,False
AAL1363,Departure,2026-09-27T20:46:00+00:00,2026-09-27T11:08:40+00:00,2026-09-27T20:50:23+00:00,-0.07,True
DAL3811,Departure,2026-09-27T20:52:00+00:00,2026-09-27T11:08:40+00:00,2026-09-27T20:50:23+00:00,0.03,True
KOW988,Departure,2026-09-27T20:55:00+00:00,2026-09-27T20:50:23+00:00,2026-09-27T20:50:23+00:00,0.08,False
AAL5161,Departure,2026-09-27T21:19:00+00:00,2026-09-27T11:08:40+00:00,2026-09-27T20:50:23+00:00,0.48,True
SWA3852,Departure,2026-09-27T21:47:00+00:00,2026-09-27T11:08:40+00:00,2026-09-27T20:50:23+00:00,0.94,True
SWA3294,Departure,2026-09-27T21:55:00+00:00,2026-09-27T11:08:40+00:00,2026-09-27T20:50:23+00:00,1.08,True
SWA3806,Departure,2026-09-27T22:25:00+00:00,2026-09-27T11:08:40+00:00,2026-09-27T20:50:23+00:00,1.58,True
EJA687,Departure,2026-09-27T23:24:00+00:00,2026-09-27T20:50:23+00:00,2026-09-27T20:50:23+00:00,2.56,False
SCX3008,Departure,2026-09-27T23:36:00+00:00,2026-09-27T20:50:23+00:00,2026-09-27T20:50:23+00:00,2.76,False
EJA807,Departure,2026-09-27T23:42:00+00:00,2026-09-27T20:50:23+00:00,2026-09-27T20:50:23+00:00,2.86,False
SCX3097,Arrival,2026-09-27T20:45:00+00:00,2026-09-27T20:50:23+00:00,2026-09-27T20:50:23+00:00,-0.09,False
DAL1224,Arrival,2026-09-27T21:30:00+00:00,2026-09-27T11:08:40+00:00,2026-09-27T20:50:23+00:00,0.66,True
DAL2822,Arrival,2026-09-27T21:39:00+00:00,2026-09-27T11:08:40+00:00,2026-09-27T20:50:23+00:00,0.81,True
EJA687,Arrival,2026-09-27T22:13:00+00:00,2026-09-27T20:50:23+00:00,2026-09-27T20:50:23+00:00,1.38,False
DAL4905,Arrival,2026-09-27T22:14:00+00:00,2026-09-27T11:08:40+00:00,2026-09-27T20:50:23+00:00,1.39,True
DAL1393,Arrival,2026-09-27T22:19:00+00:00,2026-09-27T12:42:55+00:00,2026-09-27T20:50:23+00:00,1.48,True
SWA110,Arrival,2026-09-27T22:21:00+00:00,2026-09-27T11:08:40+00:00,2026-09-27T20:50:23+00:00,1.51,True
JTL820,Arrival,2026-09-27T22:41:00+00:00,2026-09-27T20:50:23+00:00,2026-09-27T20:50:23+00:00,1.84,False
AAL2761,Arrival,2026-09-27T22:43:00+00:00,2026-09-27T12:42:55+00:00,2026-09-27T20:50:23+00:00,1.88,True
SWA866,Arrival,2026-09-27T22:49:00+00:00,2026-09-27T12:42:55+00:00,2026-09-27T20:50:23+00:00,1.98,True
SWA411,Arrival,2026-09-27T23:09:00+00:00,2026-09-27T12:42:55+00:00,2026-09-27T20:50:23+00:00,2.31,True
SWA1949,Arrival,2026-09-27T23:14:00+00:00,2026-09-27T12:42:55+00:00,2026-09-27T20:50:23+00:00,2.39,True
AAL4449,Arrival,2026-09-27T23:18:00+00:00,2026-09-27T11:08:40+00:00,2026-09-27T20:50:23+00:00,2.46,True
SWA1418,Arrival,2026-09-27T23:23:00+00:00,2026-09-27T12:42:55+00:00,2026-09-27T20:50:23+00:00,2.54,True
SWA129,Arrival,2026-09-27T23:42:00+00:00,2026-09-27T14:23:26+00:00,2026-09-27T20:50:23+00:00,2.86,True
SWA4142,Arrival,2026-09-27T23:49:00+00:00,2026-09-27T12:42:55+00:00,2026-09-27T20:50:23+00:00,2.98,True
UAL4527,Arrival,2026-09-28T00:15:00+00:00,2026-09-27T14:23:26+00:00,2026-09-27T20:50:23+00:00,3.41,True
SWA3555,Arrival,2026-09-28T00:20:00+00:00,2026-09-27T14:23:26+00:00,2026-09-27T20:50:23+00:00,3.49,True
SWA380,Arrival,2026-09-28T00:49:00+00:00,2026-09-27T14:23:26+00:00,2026-09-27T20:50:23+00:00,3.98,True
SWA4407,Arrival,2026-09-28T00:54:00+00:00,2026-09-27T14:23:26+00:00,2026-09-27T20:50:23+00:00,4.06,True
SWA2905,Arrival,2026-09-28T01:00:00+00:00,2026-09-27T14:23:26+00:00,2026-09-27T20:50:23+00:00,4.16,True
AAL3739,Departure,2026-09-27T22:33:00+00:00,2026-09-27T11:08:40+00:00,2026-09-27T22:47:10+00:00,-0.24,True
UAL3710,Departure,2026-09-27T22:34:00+00:00,2026-09-27T11:08:40+00:00,2026-09-27T22:47:10+00:00,-0.22,True
UAL541,Departure,2026-09-27T22:36:00+00:00,2026-09-27T11:08:40+00:00,2026-09-27T22:47:10+00:00,-0.19,True
SWA4593,Departure,2026-09-27T22:41:00+00:00,2026-09-27T11:08:40+00:00,2026-09-27T22:47:10+00:00,-0.1,True
SCX8112,Departure,2026-09-27T22:44:00+00:00,2026-09-27T22:47:10+00:00,2026-09-27T22:47:10+00:00,-0.05,False
AAL3049,Departure,2026-09-27T22:45:00+00:00,2026-09-27T12:42:55+00:00,2026-09-27T22:47:10+00:00,-0.04,True
DAL1224,Departure,2026-09-27T22:47:00+00:00,2026-09-27T12:42:55+00:00,2026-09-27T22:47:10+00:00,-0.0,True
DAL2822,Departure,2026-09-27T22:59:00+00:00,2026-09-27T12:42:55+00:00,2026-09-27T22:47:10+00:00,0.2,True
ASA1318,Departure,2026-09-27T23:08:00+00:00,2026-09-27T12:42:55+00:00,2026-09-27T22:47:10+00:00,0.35,True
SWA3713,Departure,2026-09-27T23:28:00+00:00,2026-09-27T12:42:55+00:00,2026-09-27T22:47:10+00:00,0.68,True
SWA3820,Departure,2026-09-27T23:37:00+00:00,2026-09-27T12:42:55+00:00,2026-09-27T22:47:10+00:00,0.83,True
SWA3847,Departure,2026-09-27T23:41:00+00:00,2026-09-27T12:42:55+00:00,2026-09-27T22:47:10+00:00,0.9,True
AAL2761,Departure,2026-09-27T23:43:00+00:00,2026-09-27T12:42:55+00:00,2026-09-27T22:47:10+00:00,0.93,True
SWA3859,Departure,2026-09-27T23:47:00+00:00,2026-09-27T12:42:55+00:00,2026-09-27T22:47:10+00:00,1.0,True
DAL1393,Departure,2026-09-27T23:54:00+00:00,2026-09-27T12:42:55+00:00,2026-09-27T22:47:10+00:00,1.11,True
SWA901,Departure,2026-09-27T23:55:00+00:00,2026-09-27T12:42:55+00:00,2026-09-27T22:47:10+00:00,1.13,True
SWA3940,Departure,2026-09-27T23:55:00+00:00,2026-09-27T12:42:55+00:00,2026-09-27T22:47:10+00:00,1.13,True
DAL1492,Departure,2026-09-27T23:55:00+00:00,2026-09-27T12:42:55+00:00,2026-09-27T22:47:10+00:00,1.13,True
SWA4165,Departure,2026-09-28T00:00:00+00:00,2026-09-27T12:42:55+00:00,2026-09-27T22:47:10+00:00,1.21,True
SWA3831,Departure,2026-09-28T00:03:00+00:00,2026-09-27T12:42:55+00:00,2026-09-27T22:47:10+00:00,1.26,True
SWA1145,Departure,2026-09-28T00:10:00+00:00,2026-09-27T12:42:55+00:00,2026-09-27T22:47:10+00:00,1.38,True
SWA1949,Departure,2026-09-28T00:15:00+00:00,2026-09-27T14:23:26+00:00,2026-09-27T22:47:10+00:00,1.46,True
SWA2152,Departure,2026-09-28T00:20:00+00:00,2026-09-27T14:23:26+00:00,2026-09-27T22:47:10+00:00,1.55,True
SWA4636,Departure,2026-09-28T00:21:00+00:00,2026-09-27T12:42:55+00:00,2026-09-27T22:47:10+00:00,1.56,True
SWA2180,Departure,2026-09-28T00:28:00+00:00,2026-09-27T12:42:55+00:00,2026-09-27T22:47:10+00:00,1.68,True
SWA4074,Departure,2026-09-28T00:33:00+00:00,2026-09-27T14:23:26+00:00,2026-09-27T22:47:10+00:00,1.76,True
SWA1293,Departure,2026-09-28T00:33:00+00:00,2026-09-27T12:42:55+00:00,2026-09-27T22:47:10+00:00,1.76,True
SWA1160,Departure,2026-09-28T00:35:00+00:00,2026-09-27T14:23:26+00:00,2026-09-27T22:47:10+00:00,1.8,True
SWA3825,Departure,2026-09-28T00:50:00+00:00,2026-09-27T14:23:26+00:00,2026-09-27T22:47:10+00:00,2.05,True
GM709,Arrival,2026-09-27T23:09:00+00:00,2026-09-27T22:47:10+00:00,2026-09-27T22:47:10+00:00,0.36,False
SWA1996,Arrival,2026-09-27T23:15:00+00:00,2026-09-27T12:42:55+00:00,2026-09-27T22:47:10+00:00,0.46,True
AAL4645,Arrival,2026-09-27T23:32:00+00:00,2026-09-27T11:08:40+00:00,2026-09-27T22:47:10+00:00,0.75,True
ACA8687,Arrival,2026-09-27T23:41:00+00:00,2026-09-27T12:42:55+00:00,2026-09-27T22:47:10+00:00,0.9,True
UAL4416,Arrival,2026-09-28T00:03:00+00:00,2026-09-27T11:08:40+00:00,2026-09-27T22:47:10+00:00,1.26,True
SWA4254,Arrival,2026-09-28T00:03:00+00:00,2026-09-27T12:42:55+00:00,2026-09-27T22:47:10+00:00,1.26,True
EJA447,Arrival,2026-09-28T00:08:00+00:00,2026-09-27T22:47:10+00:00,2026-09-27T22:47:10+00:00,1.35,False
AAL2686,Arrival,2026-09-28T00:26:00+00:00,2026-09-27T14:23:26+00:00,2026-09-27T22:47:10+00:00,1.65,True
SWA996,Arrival,2026-09-28T00:32:00+00:00,2026-09-27T14:23:26+00:00,2026-09-27T22:47:10+00:00,1.75,True
SWA3312,Arrival,2026-09-28T00:33:00+00:00,2026-09-27T14:23:26+00:00,2026-09-27T22:47:10+00:00,1.76,True
UAL4412,Arrival,2026-09-28T00:35:00+00:00,2026-09-27T14:23:26+00:00,2026-09-27T22:47:10+00:00,1.8,True
SWA3144,Arrival,2026-09-28T00:38:00+00:00,2026-09-27T12:42:55+00:00,2026-09-27T22:47:10+00:00,1.85,True
ACA8891,Arrival,2026-09-28T00:38:00+00:00,2026-09-27T14:23:26+00:00,2026-09-27T22:47:10+00:00,1.85,True
SWA1323,Arrival,2026-09-28T00:40:00+00:00,2026-09-27T14:23:26+00:00,2026-09-27T22:47:10+00:00,1.88,True
SWA947,Arrival,2026-09-28T00:43:00+00:00,2026-09-27T14:23:26+00:00,2026-09-27T22:47:10+00:00,1.93,True
SWA1463,Arrival,2026-09-28T00:56:00+00:00,2026-09-27T14:23:26+00:00,2026-09-27T22:47:10+00:00,2.15,True
SWA4203,Arrival,2026-09-28T00:59:00+00:00,2026-09-27T14:23:26+00:00,2026-09-27T22:47:10+00:00,2.2,True
DAL2833,Arrival,2026-09-28T01:01:00+00:00,2026-09-27T14:23:26+00:00,2026-09-27T22:47:10+00:00,2.23,True
SWA2218,Arrival,2026-09-28T01:15:00+00:00,2026-09-27T14:23:26+00:00,2026-09-27T22:47:10+00:00,2.46,True
SWA1946,Arrival,2026-09-28T01:21:00+00:00,2026-09-27T14:23:26+00:00,2026-09-27T22:47:10+00:00,2.56,True
UAL1422,Arrival,2026-09-28T01:30:00+00:00,2026-09-27T14:23:26+00:00,2026-09-27T22:47:10+00:00,2.71,True
SWA2697,Arrival,2026-09-28T01:34:00+00:00,2026-09-27T14:23:26+00:00,2026-09-27T22:47:10+00:00,2.78,True
SWA2917,Arrival,2026-09-28T01:48:00+00:00,2026-09-27T14:23:26+00:00,2026-09-27T22:47:10+00:00,3.01,True
SWA1761,Arrival,2026-09-28T02:21:00+00:00,2026-09-27T14:23:26+00:00,2026-09-27T22:47:10+00:00,3.56,True
AAL890,Arrival,2026-09-28T02:42:00+00:00,2026-09-27T16:10:45+00:00,2026-09-27T22:47:10+00:00,3.91,True
SWA266,Arrival,2026-09-28T03:53:00+00:00,2026-09-27T17:42:13+00:00,2026-09-27T22:47:10+00:00,5.1,True
SWA4653,Arrival,2026-09-28T03:54:00+00:00,2026-09-27T17:42:13+00:00,2026-09-27T22:47:10+00:00,5.11,True
DAL4905,Departure,2026-09-28T00:30:00+00:00,2026-09-27T11:08:40+00:00,2026-09-28T00:40:45+00:00,-0.18,True
ASA674,Departure,2026-09-28T00:36:00+00:00,2026-09-27T14:23:26+00:00,2026-09-28T00:40:45+00:00,-0.08,True
AAL4645,Departure,2026-09-28T00:40:00+00:00,2026-09-27T11:08:40+00:00,2026-09-28T00:40:45+00:00,-0.01,True
UAL2323,Departure,2026-09-28T00:50:00+00:00,2026-09-27T11:08:40+00:00,2026-09-28T00:40:45+00:00,0.15,True
SWA3883,Departure,2026-09-28T01:11:00+00:00,2026-09-27T12:42:55+00:00,2026-09-28T00:40:45+00:00,0.5,True
SWA982,Departure,2026-09-28T01:25:00+00:00,2026-09-27T14:23:26+00:00,2026-09-28T00:40:45+00:00,0.74,True
SWA2476,Departure,2026-09-28T01:26:00+00:00,2026-09-27T14:23:26+00:00,2026-09-28T00:40:45+00:00,0.75,True
SWA2254,Departure,2026-09-28T01:40:00+00:00,2026-09-27T14:23:26+00:00,2026-09-28T00:40:45+00:00,0.99,True
SWA2032,Departure,2026-09-28T01:41:00+00:00,2026-09-27T14:23:26+00:00,2026-09-28T00:40:45+00:00,1.0,True
SWA3832,Departure,2026-09-28T01:45:00+00:00,2026-09-27T14:23:26+00:00,2026-09-28T00:40:45+00:00,1.07,True
SWA4187,Departure,2026-09-28T01:45:00+00:00,2026-09-27T14:23:26+00:00,2026-09-28T00:40:45+00:00,1.07,True
SWA4407,Departure,2026-09-28T01:45:00+00:00,2026-09-27T14:23:26+00:00,2026-09-28T00:40:45+00:00,1.07,True
SWA1638,Departure,2026-09-28T01:47:00+00:00,2026-09-27T14:23:26+00:00,2026-09-28T00:40:45+00:00,1.1,True
SWA3202,Departure,2026-09-28T01:55:00+00:00,2026-09-27T16:10:45+00:00,2026-09-28T00:40:45+00:00,1.24,True
SWA1704,Departure,2026-09-28T02:00:00+00:00,2026-09-27T16:10:45+00:00,2026-09-28T00:40:45+00:00,1.32,True
SCX3007,Departure,2026-09-28T02:00:00+00:00,2026-09-28T00:40:45+00:00,2026-09-28T00:40:45+00:00,1.32,False
SWA3821,Departure,2026-09-28T02:01:00+00:00,2026-09-27T14:23:26+00:00,2026-09-28T00:40:45+00:00,1.34,True
SWA242,Departure,2026-09-28T02:03:00+00:00,2026-09-27T16:10:45+00:00,2026-09-28T00:40:45+00:00,1.37,True
SWA3955,Departure,2026-09-28T02:10:00+00:00,2026-09-27T16:10:45+00:00,2026-09-28T00:40:45+00:00,1.49,True
SWA3878,Departure,2026-09-28T02:15:00+00:00,2026-09-27T16:10:45+00:00,2026-09-28T00:40:45+00:00,1.57,True
SWA4005,Departure,2026-09-28T02:34:00+00:00,2026-09-27T14:23:26+00:00,2026-09-28T00:40:45+00:00,1.89,True
SWA3850,Departure,2026-09-28T02:36:00+00:00,2026-09-27T16:10:45+00:00,2026-09-28T00:40:45+00:00,1.92,True
BAW220,Departure,2026-09-28T02:40:00+00:00,2026-09-28T00:40:45+00:00,2026-09-28T00:40:45+00:00,1.99,False
SWA4535,Departure,2026-09-28T10:45:00+00:00,2026-09-28T00:40:45+00:00,2026-09-28T00:40:45+00:00,10.07,False
UAL4423,Departure,2026-09-28T11:00:00+00:00,2026-09-28T00:40:45+00:00,2026-09-28T00:40:45+00:00,10.32,False
SWA2052,Departure,2026-09-28T11:05:00+00:00,2026-09-28T00:40:45+00:00,2026-09-28T00:40:45+00:00,10.4,False
LXJ387,Departure,2026-09-28T11:15:00+00:00,2026-09-28T00:40:45+00:00,2026-09-28T00:40:45+00:00,10.57,False
DAL1541,Arrival,2026-09-28T01:05:00+00:00,2026-09-27T14:23:26+00:00,2026-09-28T00:40:45+00:00,0.4,True
AAL2444,Arrival,2026-09-28T01:35:00+00:00,2026-09-27T14:23:26+00:00,2026-09-28T00:40:45+00:00,0.9,True
DAL4926,Arrival,2026-09-28T01:58:00+00:00,2026-09-27T14:23:26+00:00,2026-09-28T00:40:45+00:00,1.29,True
AAL4680,Arrival,2026-09-28T02:15:00+00:00,2026-09-27T16:10:45+00:00,2026-09-28T00:40:45+00:00,1.57,True
SWA216,Arrival,2026-09-28T02:19:00+00:00,2026-09-27T16:10:45+00:00,2026-09-28T00:40:45+00:00,1.64,True
SWA4045,Arrival,2026-09-28T02:30:00+00:00,2026-09-27T16:10:45+00:00,2026-09-28T00:40:45+00:00,1.82,True
AAL1010,Arrival,2026-09-28T02:33:00+00:00,2026-09-27T16:10:45+00:00,2026-09-28T00:40:45+00:00,1.87,True
SWA3720,Arrival,2026-09-28T02:34:00+00:00,2026-09-27T16:10:45+00:00,2026-09-28T00:40:45+00:00,1.89,True
AAL4599,Arrival,2026-09-28T02:35:00+00:00,2026-09-27T16:10:45+00:00,2026-09-28T00:40:45+00:00,1.9,True
UAL1625,Arrival,2026-09-28T02:46:00+00:00,2026-09-27T16:10:45+00:00,2026-09-28T00:40:45+00:00,2.09,True
SWA3393,Arrival,2026-09-28T02:58:00+00:00,2026-09-27T16:10:45+00:00,2026-09-28T00:40:45+00:00,2.29,True
AAL4728,Arrival,2026-09-28T03:39:00+00:00,2026-09-27T16:10:45+00:00,2026-09-28T00:40:45+00:00,2.97,True
UAL1528,Arrival,2026-09-28T03:49:00+00:00,2026-09-27T16:10:45+00:00,2026-09-28T00:40:45+00:00,3.14,True
SWA3992,Arrival,2026-09-28T03:59:00+00:00,2026-09-27T17:42:13+00:00,2026-09-28T00:40:45+00:00,3.3,True
SWA1396,Arrival,2026-09-28T04:03:00+00:00,2026-09-27T17:42:13+00:00,2026-09-28T00:40:45+00:00,3.37,True
AAL5000,Arrival,2026-09-28T04:21:00+00:00,2026-09-27T17:42:13+00:00,2026-09-28T00:40:45+00:00,3.67,True
SWA1772,Arrival,2026-09-28T04:26:00+00:00,2026-09-27T17:42:13+00:00,2026-09-28T00:40:45+00:00,3.75,True
ASA472,Arrival,2026-09-28T04:45:00+00:00,2026-09-27T17:42:13+00:00,2026-09-28T00:40:45+00:00,4.07,True
SWA2319,Arrival,2026-09-28T05:58:00+00:00,2026-09-27T19:15:03+00:00,2026-09-28T00:40:45+00:00,5.29,True
SWA3667,Arrival,2026-09-28T06:40:00+00:00,2026-09-27T19:15:03+00:00,2026-09-28T00:40:45+00:00,5.99,True
SWA3814,Departure,2026-09-28T02:41:00+00:00,2026-09-27T14:23:26+00:00,2026-09-28T02:17:26+00:00,0.39,True
SWA3895,Departure,2026-09-28T02:58:00+00:00,2026-09-27T16:10:45+00:00,2026-09-28T02:17:26+00:00,0.68,True
SWA3543,Departure,2026-09-28T03:13:00+00:00,2026-09-27T16:10:45+00:00,2026-09-28T02:17:26+00:00,0.93,True
SWA4593,Departure,2026-09-28T11:00:00+00:00,2026-09-28T00:40:45+00:00,2026-09-28T02:17:26+00:00,8.71,True
UAL577,Departure,2026-09-28T12:30:00+00:00,2026-09-28T02:17:26+00:00,2026-09-28T02:17:26+00:00,10.21,False
SWA1173,Departure,2026-09-28T12:40:00+00:00,2026-09-28T02:17:26+00:00,2026-09-28T02:17:26+00:00,10.38,False
SWA4749,Arrival,2026-09-28T03:42:00+00:00,2026-09-27T17:42:13+00:00,2026-09-28T02:17:26+00:00,1.41,True
DAL1609,Arrival,2026-09-28T03:51:00+00:00,2026-09-27T17:42:13+00:00,2026-09-28T02:17:26+00:00,1.56,True
DAL1403,Arrival,2026-09-28T04:14:00+00:00,2026-09-27T17:42:13+00:00,2026-09-28T02:17:26+00:00,1.94,True
AAL1445,Arrival,2026-09-28T04:25:00+00:00,2026-09-27T17:42:13+00:00,2026-09-28T02:17:26+00:00,2.13,True
UAL4733,Arrival,2026-09-28T04:38:00+00:00,2026-09-27T17:42:13+00:00,2026-09-28T02:17:26+00:00,2.34,True
AAL459,Arrival,2026-09-28T04:55:00+00:00,2026-09-27T17:42:13+00:00,2026-09-28T02:17:26+00:00,2.63,True
SWA2648,Arrival,2026-09-28T12:17:00+00:00,2026-09-28T02:17:26+00:00,2026-09-28T02:17:26+00:00,9.99,False
DAL4939,Arrival,2026-09-28T12:32:00+00:00,2026-09-28T02:17:26+00:00,2026-09-28T02:17:26+00:00,10.24,False
WU693,Arrival,2026-09-28T13:14:00+00:00,2026-09-28T02:17:26+00:00,2026-09-28T02:17:26+00:00,10.94,False
AAL3546,Arrival,2026-09-28T13:20:00+00:00,2026-09-28T02:17:26+00:00,2026-09-28T02:17:26+00:00,11.04,False
AAL4340,Arrival,2026-09-28T13:37:00+00:00,2026-09-28T02:17:26+00:00,2026-09-28T02:17:26+00:00,11.33,False
SWA3845,Departure,2026-09-28T10:55:00+00:00,2026-09-28T00:40:45+00:00,2026-09-28T11:09:39+00:00,-0.24,True
AAL4450,Departure,2026-09-28T11:00:00+00:00,2026-09-28T00:40:45+00:00,2026-09-28T11:09:39+00:00,-0.16,True
SWA3838,Departure,2026-09-28T11:01:00+00:00,2026-09-28T00:40:45+00:00,2026-09-28T11:09:39+00:00,-0.14,True
AAL4634,Departure,2026-09-28T11:02:00+00:00,2026-09-28T00:40:45+00:00,2026-09-28T11:09:39+00:00,-0.13,True
SCX3027,Departure,2026-09-28T11:04:00+00:00,2026-09-28T11:09:39+00:00,2026-09-28T11:09:39+00:00,-0.09,False
SWA3811,Departure,2026-09-28T11:05:00+00:00,2026-09-28T00:40:45+00:00,2026-09-28T11:09:39+00:00,-0.08,True
DAL1524,Departure,2026-09-28T11:07:00+00:00,2026-09-28T00:40:45+00:00,2026-09-28T11:09:39+00:00,-0.04,True
SWA3884,Departure,2026-09-28T11:10:00+00:00,2026-09-28T00:40:45+00:00,2026-09-28T11:09:39+00:00,0.01,True
DAL1597,Departure,2026-09-28T11:15:00+00:00,2026-09-28T00:40:45+00:00,2026-09-28T11:09:39+00:00,0.09,True
SWA3826,Departure,2026-09-28T11:25:00+00:00,2026-09-28T00:40:45+00:00,2026-09-28T11:09:39+00:00,0.26,True
SWA3085,Departure,2026-09-28T11:25:00+00:00,2026-09-28T00:40:45+00:00,2026-09-28T11:09:39+00:00,0.26,True
ASA473,Departure,2026-09-28T11:29:00+00:00,2026-09-28T00:40:45+00:00,2026-09-28T11:09:39+00:00,0.32,True
AAL6480,Departure,2026-09-28T11:30:00+00:00,2026-09-28T00:40:45+00:00,2026-09-28T11:09:39+00:00,0.34,True
AAL4667,Departure,2026-09-28T11:30:00+00:00,2026-09-28T00:40:45+00:00,2026-09-28T11:09:39+00:00,0.34,True
DAL1626,Departure,2026-09-28T11:40:00+00:00,2026-09-28T00:40:45+00:00,2026-09-28T11:09:39+00:00,0.51,True
UAL1371,Departure,2026-09-28T11:41:00+00:00,2026-09-28T00:40:45+00:00,2026-09-28T11:09:39+00:00,0.52,True
AAL1515,Departure,2026-09-28T11:53:00+00:00,2026-09-28T00:40:45+00:00,2026-09-28T11:09:39+00:00,0.72,True
SWA299,Departure,2026-09-28T11:55:00+00:00,2026-09-28T00:40:45+00:00,2026-09-28T11:09:39+00:00,0.76,True
SWA4061,Departure,2026-09-28T12:00:00+00:00,2026-09-28T00:40:45+00:00,2026-09-28T11:09:39+00:00,0.84,True
AAL537,Departure,2026-09-28T12:00:00+00:00,2026-09-28T00:40:45+00:00,2026-09-28T11:09:39+00:00,0.84,True
AAL1997,Departure,2026-09-28T12:21:00+00:00,2026-09-28T02:17:26+00:00,2026-09-28T11:09:39+00:00,1.19,True
SWA3804,Departure,2026-09-28T13:00:00+00:00,2026-09-28T02:17:26+00:00,2026-09-28T11:09:39+00:00,1.84,True
SWA4500,Departure,2026-09-28T13:25:00+00:00,2026-09-28T02:17:26+00:00,2026-09-28T11:09:39+00:00,2.26,True
SWA383,Departure,2026-09-28T13:30:00+00:00,2026-09-28T02:17:26+00:00,2026-09-28T11:09:39+00:00,2.34,True
JTL25,Departure,2026-09-28T14:00:00+00:00,2026-09-28T11:09:39+00:00,2026-09-28T11:09:39+00:00,2.84,False
UAL4601,Departure,2026-09-28T14:04:00+00:00,2026-09-28T11:09:39+00:00,2026-09-28T11:09:39+00:00,2.91,False
WU650,Departure,2026-09-28T14:25:00+00:00,2026-09-28T11:09:39+00:00,2026-09-28T11:09:39+00:00,3.26,False
EJA447,Departure,2026-09-28T15:00:00+00:00,2026-09-28T11:09:39+00:00,2026-09-28T11:09:39+00:00,3.84,False
SWA2390,Departure,2026-09-28T15:25:00+00:00,2026-09-28T11:09:39+00:00,2026-09-28T11:09:39+00:00,4.26,False
SWA3713,Departure,2026-09-28T15:55:00+00:00,2026-09-28T11:09:39+00:00,2026-09-28T11:09:39+00:00,4.76,False
UAL4395,Departure,2026-09-28T16:35:00+00:00,2026-09-28T11:09:39+00:00,2026-09-28T11:09:39+00:00,5.42,False
SWA3877,Departure,2026-09-28T16:50:00+00:00,2026-09-28T11:09:39+00:00,2026-09-28T11:09:39+00:00,5.67,False
UAL560,Departure,2026-09-28T17:20:00+00:00,2026-09-28T11:09:39+00:00,2026-09-28T11:09:39+00:00,6.17,False
SWA2999,Departure,2026-09-28T18:10:00+00:00,2026-09-28T11:09:39+00:00,2026-09-28T11:09:39+00:00,7.01,False
UAL1920,Departure,2026-09-28T18:29:00+00:00,2026-09-28T11:09:39+00:00,2026-09-28T11:09:39+00:00,7.32,False
SWA2336,Departure,2026-09-28T19:05:00+00:00,2026-09-28T11:09:39+00:00,2026-09-28T11:09:39+00:00,7.92,False
SWA1293,Departure,2026-09-28T19:15:00+00:00,2026-09-28T11:09:39+00:00,2026-09-28T11:09:39+00:00,8.09,False
DLH449,Departure,2026-09-28T20:30:00+00:00,2026-09-28T11:09:39+00:00,2026-09-28T11:09:39+00:00,9.34,False
SWA4968,Arrival,2026-09-28T11:28:00+00:00,2026-09-28T00:40:45+00:00,2026-09-28T11:09:39+00:00,0.31,True
SWA3357,Arrival,2026-09-28T11:48:00+00:00,2026-09-28T00:40:45+00:00,2026-09-28T11:09:39+00:00,0.64,True
SWA2656,Arrival,2026-09-28T12:12:00+00:00,2026-09-28T02:17:26+00:00,2026-09-28T11:09:39+00:00,1.04,True
SWA3311,Arrival,2026-09-28T12:13:00+00:00,2026-09-28T02:17:26+00:00,2026-09-28T11:09:39+00:00,1.06,True
SWA2433,Arrival,2026-09-28T12:13:00+00:00,2026-09-28T02:17:26+00:00,2026-09-28T11:09:39+00:00,1.06,True
SWA244,Arrival,2026-09-28T12:17:00+00:00,2026-09-28T02:17:26+00:00,2026-09-28T11:09:39+00:00,1.12,True
SWA2164,Arrival,2026-09-28T12:20:00+00:00,2026-09-28T02:17:26+00:00,2026-09-28T11:09:39+00:00,1.17,True
SWA1096,Arrival,2026-09-28T12:29:00+00:00,2026-09-28T02:17:26+00:00,2026-09-28T11:09:39+00:00,1.32,True
SWA3665,Arrival,2026-09-28T12:30:00+00:00,2026-09-28T00:40:45+00:00,2026-09-28T11:09:39+00:00,1.34,True
SWA2514,Arrival,2026-09-28T12:31:00+00:00,2026-09-28T02:17:26+00:00,2026-09-28T11:09:39+00:00,1.36,True
SWA2151,Arrival,2026-09-28T12:32:00+00:00,2026-09-28T02:17:26+00:00,2026-09-28T11:09:39+00:00,1.37,True
SWA1785,Arrival,2026-09-28T12:39:00+00:00,2026-09-28T02:17:26+00:00,2026-09-28T11:09:39+00:00,1.49,True
SWA1373,Arrival,2026-09-28T12:39:00+00:00,2026-09-28T02:17:26+00:00,2026-09-28T11:09:39+00:00,1.49,True
SWA1147,Arrival,2026-09-28T12:44:00+00:00,2026-09-28T02:17:26+00:00,2026-09-28T11:09:39+00:00,1.57,True
SWA855,Arrival,2026-09-28T12:49:00+00:00,2026-09-28T02:17:26+00:00,2026-09-28T11:09:39+00:00,1.66,True
UAL3689,Arrival,2026-09-28T13:41:00+00:00,2026-09-28T02:17:26+00:00,2026-09-28T11:09:39+00:00,2.52,True
SWA2955,Arrival,2026-09-28T13:52:00+00:00,2026-09-28T11:09:39+00:00,2026-09-28T11:09:39+00:00,2.71,False
SWA2949,Arrival,2026-09-28T13:55:00+00:00,2026-09-28T11:09:39+00:00,2026-09-28T11:09:39+00:00,2.76,False
SWA2810,Arrival,2026-09-28T13:55:00+00:00,2026-09-28T11:09:39+00:00,2026-09-28T11:09:39+00:00,2.76,False
SWA1400,Arrival,2026-09-28T14:06:00+00:00,2026-09-28T11:09:39+00:00,2026-09-28T11:09:39+00:00,2.94,False
SWA2837,Arrival,2026-09-28T14:09:00+00:00,2026-09-28T02:17:26+00:00,2026-09-28T11:09:39+00:00,2.99,True
SWA2019,Arrival,2026-09-28T14:14:00+00:00,2026-09-28T11:09:39+00:00,2026-09-28T11:09:39+00:00,3.07,False
SWA2209,Arrival,2026-09-28T14:19:00+00:00,2026-09-28T11:09:39+00:00,2026-09-28T11:09:39+00:00,3.16,False
SWA1650,Arrival,2026-09-28T14:24:00+00:00,2026-09-28T11:09:39+00:00,2026-09-28T11:09:39+00:00,3.24,False
SWA1400,Arrival,2026-09-28T14:24:00+00:00,2026-09-28T11:09:39+00:00,2026-09-28T11:09:39+00:00,3.24,False
SWA2431,Arrival,2026-09-28T14:29:00+00:00,2026-09-28T11:09:39+00:00,2026-09-28T11:09:39+00:00,3.32,False
SWA2008,Arrival,2026-09-28T14:30:00+00:00,2026-09-28T11:09:39+00:00,2026-09-28T11:09:39+00:00,3.34,False
UAL4587,Arrival,2026-09-28T14:35:00+00:00,2026-09-28T11:09:39+00:00,2026-09-28T11:09:39+00:00,3.42,False
SWA2359,Arrival,2026-09-28T14:36:00+00:00,2026-09-28T11:09:39+00:00,2026-09-28T11:09:39+00:00,3.44,False
SWA129,Arrival,2026-09-28T14:42:00+00:00,2026-09-28T11:09:39+00:00,2026-09-28T11:09:39+00:00,3.54,False
SWA2359,Arrival,2026-09-28T14:44:00+00:00,2026-09-28T11:09:39+00:00,2026-09-28T11:09:39+00:00,3.57,False
SWA1260,Arrival,2026-09-28T14:54:00+00:00,2026-09-28T11:09:39+00:00,2026-09-28T11:09:39+00:00,3.74,False
SWA507,Arrival,2026-09-28T15:05:00+00:00,2026-09-28T11:09:39+00:00,2026-09-28T11:09:39+00:00,3.92,False
SWA3792,Arrival,2026-09-28T15:14:00+00:00,2026-09-28T11:09:39+00:00,2026-09-28T11:09:39+00:00,4.07,False
DAL4922,Arrival,2026-09-28T16:08:00+00:00,2026-09-28T11:09:39+00:00,2026-09-28T11:09:39+00:00,4.97,False
SWA1733,Arrival,2026-09-28T16:44:00+00:00,2026-09-28T11:09:39+00:00,2026-09-28T11:09:39+00:00,5.57,False
SWA2977,Arrival,2026-09-28T16:59:00+00:00,2026-09-28T11:09:39+00:00,2026-09-28T11:09:39+00:00,5.82,False
SWA1396,Arrival,2026-09-28T17:15:00+00:00,2026-09-28T11:09:39+00:00,2026-09-28T11:09:39+00:00,6.09,False
SWA2303,Arrival,2026-09-28T18:04:00+00:00,2026-09-28T11:09:39+00:00,2026-09-28T11:09:39+00:00,6.91,False
SWA2442,Arrival,2026-09-28T18:19:00+00:00,2026-09-28T11:09:39+00:00,2026-09-28T11:09:39+00:00,7.16,False
DLH448,Arrival,2026-09-28T18:25:00+00:00,2026-09-28T11:09:39+00:00,2026-09-28T11:09:39+00:00,7.26,False
DAL2455,Arrival,2026-09-28T18:30:00+00:00,2026-09-28T11:09:39+00:00,2026-09-28T11:09:39+00:00,7.34,False
JR890,Arrival,2026-09-28T18:31:00+00:00,2026-09-28T11:09:39+00:00,2026-09-28T11:09:39+00:00,7.36,False
SWA580,Arrival,2026-09-28T18:34:00+00:00,2026-09-28T11:09:39+00:00,2026-09-28T11:09:39+00:00,7.41,False
CNS90,Arrival,2026-09-28T18:48:00+00:00,2026-09-28T11:09:39+00:00,2026-09-28T11:09:39+00:00,7.64,False
ASA388,Arrival,2026-09-28T18:50:00+00:00,2026-09-28T11:09:39+00:00,2026-09-28T11:09:39+00:00,7.67,False
SWA127,Arrival,2026-09-28T18:59:00+00:00,2026-09-28T11:09:39+00:00,2026-09-28T11:09:39+00:00,7.82,False
SWA3121,Arrival,2026-09-28T19:55:00+00:00,2026-09-28T11:09:39+00:00,2026-09-28T11:09:39+00:00,8.76,False
DAL4905,Arrival,2026-09-28T20:31:00+00:00,2026-09-28T11:09:39+00:00,2026-09-28T11:09:39+00:00,9.36,False
AAL4449,Arrival,2026-09-28T20:48:00+00:00,2026-09-28T11:09:39+00:00,2026-09-28T11:09:39+00:00,9.64,False
AAL4645,Arrival,2026-09-28T21:39:00+00:00,2026-09-28T11:09:39+00:00,2026-09-28T11:09:39+00:00,10.49,False
UAL4416,Arrival,2026-09-28T21:55:00+00:00,2026-09-28T11:09:39+00:00,2026-09-28T11:09:39+00:00,10.76,False
ASA1318,Arrival,2026-09-28T22:10:00+00:00,2026-09-28T11:09:39+00:00,2026-09-28T11:09:39+00:00,11.01,False
SWA1772,Arrival,2026-09-28T22:14:00+00:00,2026-09-28T11:09:39+00:00,2026-09-28T11:09:39+00:00,11.07,False
AAL4727,Arrival,2026-09-28T22:24:00+00:00,2026-09-28T11:09:39+00:00,2026-09-28T11:09:39+00:00,11.24,False
DAL1492,Arrival,2026-09-28T22:37:00+00:00,2026-09-28T11:09:39+00:00,2026-09-28T11:09:39+00:00,11.46,False
DAL2363,Departure,2026-09-28T13:00:00+00:00,2026-09-28T02:17:26+00:00,2026-09-28T12:42:46+00:00,0.29,True
AAL2574,Departure,2026-09-28T13:00:00+00:00,2026-09-28T02:17:26+00:00,2026-09-28T12:42:46+00:00,0.29,True
UAL2792,Departure,2026-09-28T13:08:00+00:00,2026-09-28T02:17:26+00:00,2026-09-28T12:42:46+00:00,0.42,True
SWA1930,Departure,2026-09-28T13:10:00+00:00,2026-09-28T02:17:26+00:00,2026-09-28T12:42:46+00:00,0.45,True
SWA3870,Departure,2026-09-28T13:25:00+00:00,2026-09-28T02:17:26+00:00,2026-09-28T12:42:46+00:00,0.7,True
SWA2158,Departure,2026-09-28T13:25:00+00:00,2026-09-28T02:17:26+00:00,2026-09-28T12:42:46+00:00,0.7,True
SWA4157,Departure,2026-09-28T13:25:00+00:00,2026-09-28T02:17:26+00:00,2026-09-28T12:42:46+00:00,0.7,True
SWA2190,Departure,2026-09-28T13:25:00+00:00,2026-09-28T02:17:26+00:00,2026-09-28T12:42:46+00:00,0.7,True
SWA1003,Departure,2026-09-28T13:25:00+00:00,2026-09-28T02:17:26+00:00,2026-09-28T12:42:46+00:00,0.7,True
SWA3892,Departure,2026-09-28T13:25:00+00:00,2026-09-28T02:17:26+00:00,2026-09-28T12:42:46+00:00,0.7,True
SWA3827,Departure,2026-09-28T13:30:00+00:00,2026-09-28T12:42:46+00:00,2026-09-28T12:42:46+00:00,0.79,False
SWA3261,Departure,2026-09-28T13:30:00+00:00,2026-09-28T02:17:26+00:00,2026-09-28T12:42:46+00:00,0.79,True
UAL4506,Departure,2026-09-28T13:30:00+00:00,2026-09-28T02:17:26+00:00,2026-09-28T12:42:46+00:00,0.79,True
SWA1809,Departure,2026-09-28T13:30:00+00:00,2026-09-28T02:17:26+00:00,2026-09-28T12:42:46+00:00,0.79,True
AAL1959,Departure,2026-09-28T13:30:00+00:00,2026-09-28T02:17:26+00:00,2026-09-28T12:42:46+00:00,0.79,True
SWA3886,Departure,2026-09-28T13:35:00+00:00,2026-09-28T02:17:26+00:00,2026-09-28T12:42:46+00:00,0.87,True
SWA4522,Departure,2026-09-28T13:35:00+00:00,2026-09-28T02:17:26+00:00,2026-09-28T12:42:46+00:00,0.87,True
UAL4595,Departure,2026-09-28T13:35:00+00:00,2026-09-28T02:17:26+00:00,2026-09-28T12:42:46+00:00,0.87,True
AAL712,Departure,2026-09-28T13:43:00+00:00,2026-09-28T02:17:26+00:00,2026-09-28T12:42:46+00:00,1.0,True
AAL3546,Departure,2026-09-28T13:54:00+00:00,2026-09-28T11:09:39+00:00,2026-09-28T12:42:46+00:00,1.19,True
ACA8886,Departure,2026-09-28T13:55:00+00:00,2026-09-28T11:09:39+00:00,2026-09-28T12:42:46+00:00,1.2,True
DAL5286,Arrival,2026-09-28T13:18:00+00:00,2026-09-28T02:17:26+00:00,2026-09-28T12:42:46+00:00,0.59,True
DAL1571,Arrival,2026-09-28T13:46:00+00:00,2026-09-28T11:09:39+00:00,2026-09-28T12:42:46+00:00,1.05,True
DAL2868,Arrival,2026-09-28T13:56:00+00:00,2026-09-28T11:09:39+00:00,2026-09-28T12:42:46+00:00,1.22,True
AAL3333,Arrival,2026-09-28T13:58:00+00:00,2026-09-28T11:09:39+00:00,2026-09-28T12:42:46+00:00,1.25,True
SWA2652,Arrival,2026-09-28T14:02:00+00:00,2026-09-28T11:09:39+00:00,2026-09-28T12:42:46+00:00,1.32,True
AAL2497,Arrival,2026-09-28T14:22:00+00:00,2026-09-28T11:09:39+00:00,2026-09-28T12:42:46+00:00,1.65,True
UAL6214,Arrival,2026-09-28T15:04:00+00:00,2026-09-28T11:09:39+00:00,2026-09-28T12:42:46+00:00,2.35,True
AAL4436,Arrival,2026-09-28T15:06:00+00:00,2026-09-28T11:09:39+00:00,2026-09-28T12:42:46+00:00,2.39,True
SWA2405,Arrival,2026-09-28T15:06:00+00:00,2026-09-28T11:09:39+00:00,2026-09-28T12:42:46+00:00,2.39,True
AAL1739,Arrival,2026-09-28T15:21:00+00:00,2026-09-28T11:09:39+00:00,2026-09-28T12:42:46+00:00,2.64,True
SWA2838,Arrival,2026-09-28T15:28:00+00:00,2026-09-28T11:09:39+00:00,2026-09-28T12:42:46+00:00,2.75,True
FFT3108,Arrival,2026-09-28T15:59:00+00:00,2026-09-28T11:09:39+00:00,2026-09-28T12:42:46+00:00,3.27,True
SWA1965,Arrival,2026-09-28T16:04:00+00:00,2026-09-28T11:09:39+00:00,2026-09-28T12:42:46+00:00,3.35,True
SWA1097,Arrival,2026-09-28T16:09:00+00:00,2026-09-28T11:09:39+00:00,2026-09-28T12:42:46+00:00,3.44,True
UAL1044,Arrival,2026-09-28T17:07:00+00:00,2026-09-28T11:09:39+00:00,2026-09-28T12:42:46+00:00,4.4,True
SWA1755,Arrival,2026-09-28T17:14:00+00:00,2026-09-28T11:09:39+00:00,2026-09-28T12:42:46+00:00,4.52,True
UAL4518,Arrival,2026-09-28T23:55:00+00:00,2026-09-28T12:42:46+00:00,2026-09-28T12:42:46+00:00,11.2,False
UAL2459,Departure,2026-09-28T14:13:00+00:00,2026-09-28T11:09:39+00:00,2026-09-28T14:22:02+00:00,-0.15,True
WU693,Departure,2026-09-28T14:30:00+00:00,2026-09-28T14:22:02+00:00,2026-09-28T14:22:02+00:00,0.13,False
UAL3715,Departure,2026-09-28T14:30:00+00:00,2026-09-28T11:09:39+00:00,2026-09-28T14:22:02+00:00,0.13,True
AAL4443,Departure,2026-09-28T14:58:00+00:00,2026-09-28T11:09:39+00:00,2026-09-28T14:22:02+00:00,0.6,True
DAL5041,Departure,2026-09-28T15:00:00+00:00,2026-09-28T11:09:39+00:00,2026-09-28T14:22:02+00:00,0.63,True
SWA2591,Departure,2026-09-28T15:05:00+00:00,2026-09-28T11:09:39+00:00,2026-09-28T14:22:02+00:00,0.72,True
DAL1571,Departure,2026-09-28T15:05:00+00:00,2026-09-28T11:09:39+00:00,2026-09-28T14:22:02+00:00,0.72,True
SWA3894,Departure,2026-09-28T15:10:00+00:00,2026-09-28T11:09:39+00:00,2026-09-28T14:22:02+00:00,0.8,True
SWA2537,Departure,2026-09-28T15:10:00+00:00,2026-09-28T11:09:39+00:00,2026-09-28T14:22:02+00:00,0.8,True
SWA3185,Departure,2026-09-28T15:10:00+00:00,2026-09-28T11:09:39+00:00,2026-09-28T14:22:02+00:00,0.8,True
SWA2545,Departure,2026-09-28T15:10:00+00:00,2026-09-28T11:09:39+00:00,2026-09-28T14:22:02+00:00,0.8,True
SWA3798,Departure,2026-09-28T15:10:00+00:00,2026-09-28T11:09:39+00:00,2026-09-28T14:22:02+00:00,0.8,True
SWA3703,Departure,2026-09-28T15:10:00+00:00,2026-09-28T11:09:39+00:00,2026-09-28T14:22:02+00:00,0.8,True
AAL3333,Departure,2026-09-28T15:14:00+00:00,2026-09-28T11:09:39+00:00,2026-09-28T14:22:02+00:00,0.87,True
SWA4206,Departure,2026-09-28T15:15:00+00:00,2026-09-28T11:09:39+00:00,2026-09-28T14:22:02+00:00,0.88,True
SWA2384,Departure,2026-09-28T15:20:00+00:00,2026-09-28T11:09:39+00:00,2026-09-28T14:22:02+00:00,0.97,True
AAL2497,Departure,2026-09-28T15:21:00+00:00,2026-09-28T11:09:39+00:00,2026-09-28T14:22:02+00:00,0.98,True
SWA1995,Departure,2026-09-28T15:25:00+00:00,2026-09-28T11:09:39+00:00,2026-09-28T14:22:02+00:00,1.05,True
UAL4517,Departure,2026-09-28T15:27:00+00:00,2026-09-28T11:09:39+00:00,2026-09-28T14:22:02+00:00,1.08,True
DAL2868,Departure,2026-09-28T15:29:00+00:00,2026-09-28T11:09:39+00:00,2026-09-28T14:22:02+00:00,1.12,True
SWA3879,Departure,2026-09-28T15:30:00+00:00,2026-09-28T11:09:39+00:00,2026-09-28T14:22:02+00:00,1.13,True
SWA2926,Departure,2026-09-28T15:40:00+00:00,2026-09-28T11:09:39+00:00,2026-09-28T14:22:02+00:00,1.3,True
EJA432,Departure,2026-09-28T16:00:00+00:00,2026-09-28T14:22:02+00:00,2026-09-28T14:22:02+00:00,1.63,False
SWA3861,Departure,2026-09-28T16:05:00+00:00,2026-09-28T11:09:39+00:00,2026-09-28T14:22:02+00:00,1.72,True
SWA3812,Departure,2026-09-28T16:40:00+00:00,2026-09-28T11:09:39+00:00,2026-09-28T14:22:02+00:00,2.3,True
JTL2828,Departure,2026-09-28T19:00:00+00:00,2026-09-28T14:22:02+00:00,2026-09-28T14:22:02+00:00,4.63,False
DAL1289,Arrival,2026-09-28T15:04:00+00:00,2026-09-28T11:09:39+00:00,2026-09-28T14:22:02+00:00,0.7,True
AAL2818,Arrival,2026-09-28T15:18:00+00:00,2026-09-28T11:09:39+00:00,2026-09-28T14:22:02+00:00,0.93,True
DAL1400,Arrival,2026-09-28T15:27:00+00:00,2026-09-28T11:09:39+00:00,2026-09-28T14:22:02+00:00,1.08,True
UAL4613,Arrival,2026-09-28T15:42:00+00:00,2026-09-28T11:09:39+00:00,2026-09-28T14:22:02+00:00,1.33,True
UAL2311,Arrival,2026-09-28T16:16:00+00:00,2026-09-28T11:09:39+00:00,2026-09-28T14:22:02+00:00,1.9,True
AAL4074,Arrival,2026-09-28T16:45:00+00:00,2026-09-28T11:09:39+00:00,2026-09-28T14:22:02+00:00,2.38,True
SWA3400,Arrival,2026-09-28T16:54:00+00:00,2026-09-28T11:09:39+00:00,2026-09-28T14:22:02+00:00,2.53,True
SWA316,Arrival,2026-09-28T17:53:00+00:00,2026-09-28T11:09:39+00:00,2026-09-28T14:22:02+00:00,3.52,True
AAL477,Arrival,2026-09-28T18:12:00+00:00,2026-09-28T11:09:39+00:00,2026-09-28T14:22:02+00:00,3.83,True
SWA790,Arrival,2026-09-28T18:29:00+00:00,2026-09-28T11:09:39+00:00,2026-09-28T14:22:02+00:00,4.12,True
SWA3378,Arrival,2026-09-28T18:34:00+00:00,2026-09-28T11:09:39+00:00,2026-09-28T14:22:02+00:00,4.2,True
AAL2660,Arrival,2026-09-28T18:39:00+00:00,2026-09-28T11:09:39+00:00,2026-09-28T14:22:02+00:00,4.28,True
SWA2948,Arrival,2026-09-28T19:18:00+00:00,2026-09-28T11:09:39+00:00,2026-09-28T14:22:02+00:00,4.93,True
UAL4412,Arrival,2026-09-29T00:35:00+00:00,2026-09-28T14:22:02+00:00,2026-09-28T14:22:02+00:00,10.22,False
SWA4407,Arrival,2026-09-29T00:54:00+00:00,2026-09-28T14:22:02+00:00,2026-09-28T14:22:02+00:00,10.53,False
AAL890,Arrival,2026-09-29T01:43:00+00:00,2026-09-28T14:22:02+00:00,2026-09-28T14:22:02+00:00,11.35,False
AAL2818,Departure,2026-09-28T16:10:00+00:00,2026-09-28T11:09:39+00:00,2026-09-28T16:21:04+00:00,-0.18,True
UAL6213,Departure,2026-09-28T16:10:00+00:00,2026-09-28T11:09:39+00:00,2026-09-28T16:21:04+00:00,-0.18,True
AAL1739,Departure,2026-09-28T16:13:00+00:00,2026-09-28T11:09:39+00:00,2026-09-28T16:21:04+00:00,-0.13,True
SWA4132,Departure,2026-09-28T16:20:00+00:00,2026-09-28T11:09:39+00:00,2026-09-28T16:21:04+00:00,-0.02,True
DAL1289,Departure,2026-09-28T16:21:00+00:00,2026-09-28T11:09:39+00:00,2026-09-28T16:21:04+00:00,-0.0,True
DAL1400,Departure,2026-09-28T17:00:00+00:00,2026-09-28T11:09:39+00:00,2026-09-28T16:21:04+00:00,0.65,True
ACA8688,Departure,2026-09-28T17:10:00+00:00,2026-09-28T11:09:39+00:00,2026-09-28T16:21:04+00:00,0.82,True
FFT3107,Departure,2026-09-28T17:17:00+00:00,2026-09-28T11:09:39+00:00,2026-09-28T16:21:04+00:00,0.93,True
SWA4039,Departure,2026-09-28T17:40:00+00:00,2026-09-28T11:09:39+00:00,2026-09-28T16:21:04+00:00,1.32,True
SWA3346,Departure,2026-09-28T17:45:00+00:00,2026-09-28T11:09:39+00:00,2026-09-28T16:21:04+00:00,1.4,True
SWA3828,Departure,2026-09-28T17:45:00+00:00,2026-09-28T11:09:39+00:00,2026-09-28T16:21:04+00:00,1.4,True
SWA1007,Departure,2026-09-28T17:55:00+00:00,2026-09-28T11:09:39+00:00,2026-09-28T16:21:04+00:00,1.57,True
SWA3846,Departure,2026-09-28T18:50:00+00:00,2026-09-28T11:09:39+00:00,2026-09-28T16:21:04+00:00,2.48,True
DAL1371,Arrival,2026-09-28T17:37:00+00:00,2026-09-28T11:09:39+00:00,2026-09-28T16:21:04+00:00,1.27,True
DAL566,Arrival,2026-09-28T17:58:00+00:00,2026-09-28T11:09:39+00:00,2026-09-28T16:21:04+00:00,1.62,True
AAL3096,Arrival,2026-09-28T18:00:00+00:00,2026-09-28T11:09:39+00:00,2026-09-28T16:21:04+00:00,1.65,True
SWA2811,Arrival,2026-09-28T18:02:00+00:00,2026-09-28T11:09:39+00:00,2026-09-28T16:21:04+00:00,1.68,True
AAL6355,Arrival,2026-09-28T18:08:00+00:00,2026-09-28T11:09:39+00:00,2026-09-28T16:21:04+00:00,1.78,True
UAL652,Arrival,2026-09-28T18:08:00+00:00,2026-09-28T11:09:39+00:00,2026-09-28T16:21:04+00:00,1.78,True
ACA8889,Arrival,2026-09-28T18:20:00+00:00,2026-09-28T11:09:39+00:00,2026-09-28T16:21:04+00:00,1.98,True
SWA2530,Arrival,2026-09-28T18:42:00+00:00,2026-09-28T11:09:39+00:00,2026-09-28T16:21:04+00:00,2.35,True
SWA3979,Arrival,2026-09-28T19:06:00+00:00,2026-09-28T11:09:39+00:00,2026-09-28T16:21:04+00:00,2.75,True
UAL2042,Arrival,2026-09-28T19:06:00+00:00,2026-09-28T11:09:39+00:00,2026-09-28T16:21:04+00:00,2.75,True
SWA2175,Arrival,2026-09-28T19:28:00+00:00,2026-09-28T11:09:39+00:00,2026-09-28T16:21:04+00:00,3.12,True
SWA3413,Arrival,2026-09-28T19:38:00+00:00,2026-09-28T11:09:39+00:00,2026-09-28T16:21:04+00:00,3.28,True
SWA2535,Arrival,2026-09-28T19:47:00+00:00,2026-09-28T11:09:39+00:00,2026-09-28T16:21:04+00:00,3.43,True
SWA2570,Arrival,2026-09-28T19:58:00+00:00,2026-09-28T11:09:39+00:00,2026-09-28T16:21:04+00:00,3.62,True
SWA422,Arrival,2026-09-28T20:30:00+00:00,2026-09-28T11:09:39+00:00,2026-09-28T16:21:04+00:00,4.15,True
UAL2000,Arrival,2026-09-28T20:39:00+00:00,2026-09-28T11:09:39+00:00,2026-09-28T16:21:04+00:00,4.3,True
UAL2040,Arrival,2026-09-29T02:04:00+00:00,2026-09-28T16:21:04+00:00,2026-09-28T16:21:04+00:00,9.72,False
AAL4074,Departure,2026-09-28T17:43:00+00:00,2026-09-28T11:09:39+00:00,2026-09-28T17:49:45+00:00,-0.11,True
DAL4922,Departure,2026-09-28T17:54:00+00:00,2026-09-28T11:09:39+00:00,2026-09-28T17:49:45+00:00,0.07,True
UAL1380,Departure,2026-09-28T18:36:00+00:00,2026-09-28T11:09:39+00:00,2026-09-28T17:49:45+00:00,0.77,True
AAL3096,Departure,2026-09-28T18:54:00+00:00,2026-09-28T11:09:39+00:00,2026-09-28T17:49:45+00:00,1.07,True
SWA3829,Departure,2026-09-28T19:00:00+00:00,2026-09-28T11:09:39+00:00,2026-09-28T17:49:45+00:00,1.17,True
SWA3862,Departure,2026-09-28T19:20:00+00:00,2026-09-28T11:09:39+00:00,2026-09-28T17:49:45+00:00,1.5,True
SWA2530,Departure,2026-09-28T19:23:00+00:00,2026-09-28T11:09:39+00:00,2026-09-28T17:49:45+00:00,1.55,True
UAL652,Departure,2026-09-28T20:12:00+00:00,2026-09-28T11:09:39+00:00,2026-09-28T17:49:45+00:00,2.37,True
SWA2535,Departure,2026-09-28T20:45:00+00:00,2026-09-28T11:09:39+00:00,2026-09-28T17:49:45+00:00,2.92,True
SWA1356,Departure,2026-09-28T20:45:00+00:00,2026-09-28T11:09:39+00:00,2026-09-28T17:49:45+00:00,2.92,True
SWA2301,Departure,2026-09-28T21:12:00+00:00,2026-09-28T11:09:39+00:00,2026-09-28T17:49:45+00:00,3.37,True
UAL5696,Arrival,2026-09-28T19:12:00+00:00,2026-09-28T11:09:39+00:00,2026-09-28T17:49:45+00:00,1.37,True
AAL1363,Arrival,2026-09-28T19:21:00+00:00,2026-09-28T11:09:39+00:00,2026-09-28T17:49:45+00:00,1.52,True
SWA4080,Arrival,2026-09-28T19:49:00+00:00,2026-09-28T11:09:39+00:00,2026-09-28T17:49:45+00:00,1.99,True
SWA1119,Arrival,2026-09-28T20:28:00+00:00,2026-09-28T17:49:45+00:00,2026-09-28T17:49:45+00:00,2.64,False
SCX3097,Arrival,2026-09-28T20:39:00+00:00,2026-09-28T17:49:45+00:00,2026-09-28T17:49:45+00:00,2.82,False
UAL3717,Arrival,2026-09-28T20:55:00+00:00,2026-09-28T11:09:39+00:00,2026-09-28T17:49:45+00:00,3.09,True
AAL3066,Arrival,2026-09-28T21:19:00+00:00,2026-09-28T11:09:39+00:00,2026-09-28T17:49:45+00:00,3.49,True
SWA4432,Arrival,2026-09-28T21:30:00+00:00,2026-09-28T11:09:39+00:00,2026-09-28T17:49:45+00:00,3.67,True
SWA3362,Arrival,2026-09-28T21:39:00+00:00,2026-09-28T11:09:39+00:00,2026-09-28T17:49:45+00:00,3.82,True
SWA3471,Arrival,2026-09-28T23:10:00+00:00,2026-09-28T12:42:46+00:00,2026-09-28T17:49:45+00:00,5.34,True
EJA752,Arrival,2026-09-28T23:20:00+00:00,2026-09-28T17:49:45+00:00,2026-09-28T17:49:45+00:00,5.5,False
UAL4576,Arrival,2026-09-29T03:53:00+00:00,2026-09-28T17:49:45+00:00,2026-09-28T17:49:45+00:00,10.05,False
DAL1609,Arrival,2026-09-29T04:16:00+00:00,2026-09-28T17:49:45+00:00,2026-09-28T17:49:45+00:00,10.44,False
AAL477,Departure,2026-09-28T19:11:00+00:00,2026-09-28T11:09:39+00:00,2026-09-28T19:22:33+00:00,-0.19,True
DAL2455,Departure,2026-09-28T19:25:00+00:00,2026-09-28T11:09:39+00:00,2026-09-28T19:22:33+00:00,0.04,True
SWA3808,Departure,2026-09-28T19:30:00+00:00,2026-09-28T11:09:39+00:00,2026-09-28T19:22:33+00:00,0.12,True
AAL2660,Departure,2026-09-28T19:30:00+00:00,2026-09-28T11:09:39+00:00,2026-09-28T19:22:33+00:00,0.12,True
DAL566,Departure,2026-09-28T19:30:00+00:00,2026-09-28T11:09:39+00:00,2026-09-28T19:22:33+00:00,0.12,True
SWA3857,Departure,2026-09-28T19:38:00+00:00,2026-09-28T11:09:39+00:00,2026-09-28T19:22:33+00:00,0.26,True
ACA8890,Departure,2026-09-28T19:40:00+00:00,2026-09-28T11:09:39+00:00,2026-09-28T19:22:33+00:00,0.29,True
SWA3521,Departure,2026-09-28T19:50:00+00:00,2026-09-28T11:09:39+00:00,2026-09-28T19:22:33+00:00,0.46,True
SWA122,Departure,2026-09-28T20:04:00+00:00,2026-09-28T11:09:39+00:00,2026-09-28T19:22:33+00:00,0.69,True
UAL5332,Departure,2026-09-28T20:11:00+00:00,2026-09-28T11:09:39+00:00,2026-09-28T19:22:33+00:00,0.81,True
SWA3799,Departure,2026-09-28T20:15:00+00:00,2026-09-28T11:09:39+00:00,2026-09-28T19:22:33+00:00,0.87,True
ASA388,Departure,2026-09-28T20:19:00+00:00,2026-09-28T11:09:39+00:00,2026-09-28T19:22:33+00:00,0.94,True
AAL1363,Departure,2026-09-28T20:34:00+00:00,2026-09-28T11:09:39+00:00,2026-09-28T19:22:33+00:00,1.19,True
SWA3852,Departure,2026-09-28T20:35:00+00:00,2026-09-28T11:09:39+00:00,2026-09-28T19:22:33+00:00,1.21,True
SWA4177,Departure,2026-09-28T20:35:00+00:00,2026-09-28T11:09:39+00:00,2026-09-28T19:22:33+00:00,1.21,True
SWA4080,Departure,2026-09-28T20:45:00+00:00,2026-09-28T11:09:39+00:00,2026-09-28T19:22:33+00:00,1.37,True
SWA332,Departure,2026-09-28T21:53:00+00:00,2026-09-28T11:09:39+00:00,2026-09-28T19:22:33+00:00,2.51,True
DAL3811,Arrival,2026-09-28T19:45:00+00:00,2026-09-28T11:09:39+00:00,2026-09-28T19:22:33+00:00,0.37,True
DAL543,Arrival,2026-09-28T20:45:00+00:00,2026-09-28T11:09:39+00:00,2026-09-28T19:22:33+00:00,1.37,True
FFT2635,Arrival,2026-09-28T21:02:00+00:00,2026-09-28T11:09:39+00:00,2026-09-28T19:22:33+00:00,1.66,True
AAL3944,Arrival,2026-09-28T21:11:00+00:00,2026-09-28T11:09:39+00:00,2026-09-28T19:22:33+00:00,1.81,True
SWA2839,Arrival,2026-09-28T21:14:00+00:00,2026-09-28T11:09:39+00:00,2026-09-28T19:22:33+00:00,1.86,True
UAL1639,Arrival,2026-09-28T21:32:00+00:00,2026-09-28T11:09:39+00:00,2026-09-28T19:22:33+00:00,2.16,True
AAL2571,Arrival,2026-09-28T21:57:00+00:00,2026-09-28T11:09:39+00:00,2026-09-28T19:22:33+00:00,2.57,True
AAL2686,Arrival,2026-09-28T22:22:00+00:00,2026-09-28T11:09:39+00:00,2026-09-28T19:22:33+00:00,2.99,True
SWA3755,Arrival,2026-09-28T22:38:00+00:00,2026-09-28T12:42:46+00:00,2026-09-28T19:22:33+00:00,3.26,True
SWA3001,Arrival,2026-09-28T22:56:00+00:00,2026-09-28T11:09:39+00:00,2026-09-28T19:22:33+00:00,3.56,True
SWA1404,Arrival,2026-09-28T22:59:00+00:00,2026-09-28T12:42:46+00:00,2026-09-28T19:22:33+00:00,3.61,True
SWA2631,Arrival,2026-09-28T22:59:00+00:00,2026-09-28T12:42:46+00:00,2026-09-28T19:22:33+00:00,3.61,True
SWA1695,Arrival,2026-09-28T23:01:00+00:00,2026-09-28T12:42:46+00:00,2026-09-28T19:22:33+00:00,3.64,True
SWA3281,Arrival,2026-09-28T23:14:00+00:00,2026-09-28T12:42:46+00:00,2026-09-28T19:22:33+00:00,3.86,True
ASA672,Arrival,2026-09-28T23:29:00+00:00,2026-09-28T12:42:46+00:00,2026-09-28T19:22:33+00:00,4.11,True
LXJ597,Arrival,2026-09-28T23:32:00+00:00,2026-09-28T19:22:33+00:00,2026-09-28T19:22:33+00:00,4.16,False
UAL1905,Arrival,2026-09-28T23:45:00+00:00,2026-09-28T12:42:46+00:00,2026-09-28T19:22:33+00:00,4.37,True
SWA2317,Arrival,2026-09-28T23:49:00+00:00,2026-09-28T12:42:46+00:00,2026-09-28T19:22:33+00:00,4.44,True
SWA3564,Arrival,2026-09-29T00:25:00+00:00,2026-09-28T14:22:02+00:00,2026-09-28T19:22:33+00:00,5.04,True
DAL2666,Arrival,2026-09-29T05:44:00+00:00,2026-09-28T19:22:33+00:00,2026-09-28T19:22:33+00:00,10.36,False
DAL3811,Departure,2026-09-28T21:01:00+00:00,2026-09-28T11:09:39+00:00,2026-09-28T21:09:22+00:00,-0.14,True
UAL4454,Departure,2026-09-28T21:15:00+00:00,2026-09-28T11:09:39+00:00,2026-09-28T21:09:22+00:00,0.09,True
SWA4041,Departure,2026-09-28T21:29:00+00:00,2026-09-28T11:09:39+00:00,2026-09-28T21:09:22+00:00,0.33,True
JR890,Departure,2026-09-28T21:30:00+00:00,2026-09-28T21:09:22+00:00,2026-09-28T21:09:22+00:00,0.34,False
AAL4449,Departure,2026-09-28T21:37:00+00:00,2026-09-28T11:09:39+00:00,2026-09-28T21:09:22+00:00,0.46,True
UAL2323,Departure,2026-09-28T21:39:00+00:00,2026-09-28T11:09:39+00:00,2026-09-28T21:09:22+00:00,0.49,True
UAL3710,Departure,2026-09-28T21:50:00+00:00,2026-09-28T11:09:39+00:00,2026-09-28T21:09:22+00:00,0.68,True
DAL543,Departure,2026-09-28T21:59:00+00:00,2026-09-28T11:09:39+00:00,2026-09-28T21:09:22+00:00,0.83,True
SWA2839,Departure,2026-09-28T22:00:00+00:00,2026-09-28T11:09:39+00:00,2026-09-28T21:09:22+00:00,0.84,True
AAL3739,Departure,2026-09-28T22:11:00+00:00,2026-09-28T11:09:39+00:00,2026-09-28T21:09:22+00:00,1.03,True
AAL2286,Departure,2026-09-28T22:13:00+00:00,2026-09-28T11:09:39+00:00,2026-09-28T21:09:22+00:00,1.06,True
SWA3831,Departure,2026-09-28T22:30:00+00:00,2026-09-28T11:09:39+00:00,2026-09-28T21:09:22+00:00,1.34,True
DAL4905,Departure,2026-09-28T22:30:00+00:00,2026-09-28T11:09:39+00:00,2026-09-28T21:09:22+00:00,1.34,True
SWA1030,Departure,2026-09-28T22:50:00+00:00,2026-09-28T12:42:46+00:00,2026-09-28T21:09:22+00:00,1.68,True
SWA4380,Departure,2026-09-28T23:00:00+00:00,2026-09-28T12:42:46+00:00,2026-09-28T21:09:22+00:00,1.84,True
SCX3008,Departure,2026-09-28T23:36:00+00:00,2026-09-28T21:09:22+00:00,2026-09-28T21:09:22+00:00,2.44,False
SWA4585,Departure,2026-09-28T23:48:00+00:00,2026-09-28T12:42:46+00:00,2026-09-28T21:09:22+00:00,2.64,True
SWA1996,Arrival,2026-09-28T20:57:00+00:00,2026-09-28T11:09:39+00:00,2026-09-28T21:09:22+00:00,-0.21,True
JR770,Arrival,2026-09-28T21:37:00+00:00,2026-09-28T21:09:22+00:00,2026-09-28T21:09:22+00:00,0.46,False
DAL1224,Arrival,2026-09-28T21:41:00+00:00,2026-09-28T11:09:39+00:00,2026-09-28T21:09:22+00:00,0.53,True
DAL2822,Arrival,2026-09-28T21:44:00+00:00,2026-09-28T11:09:39+00:00,2026-09-28T21:09:22+00:00,0.58,True
SWA4055,Arrival,2026-09-28T21:50:00+00:00,2026-09-28T11:09:39+00:00,2026-09-28T21:09:22+00:00,0.68,True
DAL1393,Arrival,2026-09-28T22:18:00+00:00,2026-09-28T12:42:46+00:00,2026-09-28T21:09:22+00:00,1.14,True
SWA3070,Arrival,2026-09-28T22:37:00+00:00,2026-09-28T12:42:46+00:00,2026-09-28T21:09:22+00:00,1.46,True
SWA2908,Arrival,2026-09-28T22:39:00+00:00,2026-09-28T12:42:46+00:00,2026-09-28T21:09:22+00:00,1.49,True
AAL2761,Arrival,2026-09-28T22:40:00+00:00,2026-09-28T12:42:46+00:00,2026-09-28T21:09:22+00:00,1.51,True
SWA1766,Arrival,2026-09-28T22:41:00+00:00,2026-09-28T12:42:46+00:00,2026-09-28T21:09:22+00:00,1.53,True
SWA2538,Arrival,2026-09-28T23:00:00+00:00,2026-09-28T12:42:46+00:00,2026-09-28T21:09:22+00:00,1.84,True
SWA2144,Arrival,2026-09-28T23:04:00+00:00,2026-09-28T12:42:46+00:00,2026-09-28T21:09:22+00:00,1.91,True
SWA1375,Arrival,2026-09-28T23:07:00+00:00,2026-09-28T12:42:46+00:00,2026-09-28T21:09:22+00:00,1.96,True
SWA3912,Arrival,2026-09-28T23:32:00+00:00,2026-09-28T12:42:46+00:00,2026-09-28T21:09:22+00:00,2.38,True
AAL2487,Arrival,2026-09-28T23:46:00+00:00,2026-09-28T12:42:46+00:00,2026-09-28T21:09:22+00:00,2.61,True
SWA2950,Arrival,2026-09-28T23:57:00+00:00,2026-09-28T14:22:02+00:00,2026-09-28T21:09:22+00:00,2.79,True
SWA4254,Arrival,2026-09-29T00:09:00+00:00,2026-09-28T12:42:46+00:00,2026-09-28T21:09:22+00:00,2.99,True
SWA681,Arrival,2026-09-29T00:20:00+00:00,2026-09-28T12:42:46+00:00,2026-09-28T21:09:22+00:00,3.18,True
SWA3555,Arrival,2026-09-29T00:22:00+00:00,2026-09-28T14:22:02+00:00,2026-09-28T21:09:22+00:00,3.21,True
SWA2218,Arrival,2026-09-29T00:25:00+00:00,2026-09-28T14:22:02+00:00,2026-09-28T21:09:22+00:00,3.26,True
SWA3392,Arrival,2026-09-29T00:54:00+00:00,2026-09-28T14:22:02+00:00,2026-09-28T21:09:22+00:00,3.74,True
SWA1726,Arrival,2026-09-29T00:56:00+00:00,2026-09-28T14:22:02+00:00,2026-09-28T21:09:22+00:00,3.78,True
SWA242,Arrival,2026-09-29T00:57:00+00:00,2026-09-28T14:22:02+00:00,2026-09-28T21:09:22+00:00,3.79,True
UAL4479,Arrival,2026-09-29T01:10:00+00:00,2026-09-28T14:22:02+00:00,2026-09-28T21:09:22+00:00,4.01,True
SWA2076,Arrival,2026-09-29T01:14:00+00:00,2026-09-28T14:22:02+00:00,2026-09-28T21:09:22+00:00,4.08,True
SWA2473,Arrival,2026-09-29T01:32:00+00:00,2026-09-28T14:22:02+00:00,2026-09-28T21:09:22+00:00,4.38,True
SWA2508,Arrival,2026-09-29T03:43:00+00:00,2026-09-28T16:21:04+00:00,2026-09-28T21:09:22+00:00,6.56,True
UAL4527,Arrival,2026-09-29T04:05:00+00:00,2026-09-28T14:22:02+00:00,2026-09-28T21:09:22+00:00,6.93,True
LXJ392,Arrival,2026-09-29T05:10:00+00:00,2026-09-28T21:09:22+00:00,2026-09-28T21:09:22+00:00,8.01,False
UAL541,Departure,2026-09-28T22:36:00+00:00,2026-09-28T11:09:39+00:00,2026-09-28T22:43:44+00:00,-0.13,True
AAL3049,Departure,2026-09-28T22:45:00+00:00,2026-09-28T12:42:46+00:00,2026-09-28T22:43:44+00:00,0.02,True
DAL1224,Departure,2026-09-28T22:47:00+00:00,2026-09-28T12:42:46+00:00,2026-09-28T22:43:44+00:00,0.05,True
DAL2822,Departure,2026-09-28T22:59:00+00:00,2026-09-28T12:42:46+00:00,2026-09-28T22:43:44+00:00,0.25,True
FFT2636,Departure,2026-09-28T23:02:00+00:00,2026-09-28T11:09:39+00:00,2026-09-28T22:43:44+00:00,0.3,True
SWA2704,Departure,2026-09-28T23:05:00+00:00,2026-09-28T12:42:46+00:00,2026-09-28T22:43:44+00:00,0.35,True
ASA1318,Departure,2026-09-28T23:08:00+00:00,2026-09-28T12:42:46+00:00,2026-09-28T22:43:44+00:00,0.4,True
SWA3807,Departure,2026-09-28T23:30:00+00:00,2026-09-28T12:42:46+00:00,2026-09-28T22:43:44+00:00,0.77,True
SWA3001,Departure,2026-09-28T23:37:00+00:00,2026-09-28T12:42:46+00:00,2026-09-28T22:43:44+00:00,0.89,True
SWA1808,Departure,2026-09-28T23:50:00+00:00,2026-09-28T12:42:46+00:00,2026-09-28T22:43:44+00:00,1.1,True
SWA1317,Departure,2026-09-28T23:50:00+00:00,2026-09-28T12:42:46+00:00,2026-09-28T22:43:44+00:00,1.1,True
DAL1492,Departure,2026-09-28T23:55:00+00:00,2026-09-28T12:42:46+00:00,2026-09-28T22:43:44+00:00,1.19,True
SWA3895,Departure,2026-09-28T23:55:00+00:00,2026-09-28T12:42:46+00:00,2026-09-28T22:43:44+00:00,1.19,True
SWA3940,Departure,2026-09-28T23:59:00+00:00,2026-09-28T12:42:46+00:00,2026-09-28T22:43:44+00:00,1.25,True
UAL4616,Departure,2026-09-29T00:01:00+00:00,2026-09-28T12:42:46+00:00,2026-09-28T22:43:44+00:00,1.29,True
SWA3800,Departure,2026-09-29T00:06:00+00:00,2026-09-28T12:42:46+00:00,2026-09-28T22:43:44+00:00,1.37,True
SWA1813,Departure,2026-09-29T00:11:00+00:00,2026-09-28T12:42:46+00:00,2026-09-28T22:43:44+00:00,1.45,True
SWA1321,Departure,2026-09-29T00:21:00+00:00,2026-09-28T12:42:46+00:00,2026-09-28T22:43:44+00:00,1.62,True
SWA3814,Departure,2026-09-29T00:33:00+00:00,2026-09-28T12:42:46+00:00,2026-09-28T22:43:44+00:00,1.82,True
FFT3302,Arrival,2026-09-29T00:05:00+00:00,2026-09-28T12:42:46+00:00,2026-09-28T22:43:44+00:00,1.35,True
DAL2833,Arrival,2026-09-29T00:32:00+00:00,2026-09-28T14:22:02+00:00,2026-09-28T22:43:44+00:00,1.8,True
SWA3312,Arrival,2026-09-29T00:36:00+00:00,2026-09-28T14:22:02+00:00,2026-09-28T22:43:44+00:00,1.87,True
ACA8891,Arrival,2026-09-29T00:38:00+00:00,2026-09-28T14:22:02+00:00,2026-09-28T22:43:44+00:00,1.9,True
SWA2035,Arrival,2026-09-29T00:44:00+00:00,2026-09-28T14:22:02+00:00,2026-09-28T22:43:44+00:00,2.0,True
SWA253,Arrival,2026-09-29T00:49:00+00:00,2026-09-28T14:22:02+00:00,2026-09-28T22:43:44+00:00,2.09,True
DAL4926,Arrival,2026-09-29T01:01:00+00:00,2026-09-28T14:22:02+00:00,2026-09-28T22:43:44+00:00,2.29,True
SWA4120,Arrival,2026-09-29T01:04:00+00:00,2026-09-28T14:22:02+00:00,2026-09-28T22:43:44+00:00,2.34,True
AAL4728,Arrival,2026-09-29T02:08:00+00:00,2026-09-28T16:21:04+00:00,2026-09-28T22:43:44+00:00,3.4,True
SWA339,Arrival,2026-09-29T02:19:00+00:00,2026-09-28T16:21:04+00:00,2026-09-28T22:43:44+00:00,3.59,True
KI437,Arrival,2026-09-29T02:29:00+00:00,2026-09-28T22:43:44+00:00,2026-09-28T22:43:44+00:00,3.75,False
SWA4165,Departure,2026-09-29T00:35:00+00:00,2026-09-28T14:22:02+00:00,2026-09-29T00:40:35+00:00,-0.09,True
ASA674,Departure,2026-09-29T00:36:00+00:00,2026-09-28T14:22:02+00:00,2026-09-29T00:40:35+00:00,-0.08,True
SWA2037,Departure,2026-09-29T00:40:00+00:00,2026-09-28T14:22:02+00:00,2026-09-29T00:40:35+00:00,-0.01,True
SWA2710,Departure,2026-09-29T01:00:00+00:00,2026-09-28T14:22:02+00:00,2026-09-29T00:40:35+00:00,0.32,True
SWA3825,Departure,2026-09-29T01:02:00+00:00,2026-09-28T14:22:02+00:00,2026-09-29T00:40:35+00:00,0.36,True
SWA1822,Departure,2026-09-29T01:03:00+00:00,2026-09-28T12:42:46+00:00,2026-09-29T00:40:35+00:00,0.37,True
FFT4567,Departure,2026-09-29T01:32:00+00:00,2026-09-28T14:22:02+00:00,2026-09-29T00:40:35+00:00,0.86,True
SWA3832,Departure,2026-09-29T01:41:00+00:00,2026-09-28T14:22:02+00:00,2026-09-29T00:40:35+00:00,1.01,True
SWA5412,Departure,2026-09-29T01:45:00+00:00,2026-09-28T14:22:02+00:00,2026-09-29T00:40:35+00:00,1.07,True
SWA1638,Departure,2026-09-29T01:45:00+00:00,2026-09-28T14:22:02+00:00,2026-09-29T00:40:35+00:00,1.07,True
SWA4166,Departure,2026-09-29T01:45:00+00:00,2026-09-28T14:22:02+00:00,2026-09-29T00:40:35+00:00,1.07,True
SWA3955,Departure,2026-09-29T01:45:00+00:00,2026-09-28T14:22:02+00:00,2026-09-29T00:40:35+00:00,1.07,True
SWA3865,Departure,2026-09-29T01:50:00+00:00,2026-09-28T14:22:02+00:00,2026-09-29T00:40:35+00:00,1.16,True
SWA3878,Departure,2026-09-29T01:52:00+00:00,2026-09-28T14:22:02+00:00,2026-09-29T00:40:35+00:00,1.19,True
SWA3202,Departure,2026-09-29T01:55:00+00:00,2026-09-28T16:21:04+00:00,2026-09-29T00:40:35+00:00,1.24,True
SWA4005,Departure,2026-09-29T01:55:00+00:00,2026-09-28T16:21:04+00:00,2026-09-29T00:40:35+00:00,1.24,True
SWA4690,Departure,2026-09-29T01:55:00+00:00,2026-09-28T16:21:04+00:00,2026-09-29T00:40:35+00:00,1.24,True
SWA1643,Departure,2026-09-29T01:56:00+00:00,2026-09-28T12:42:46+00:00,2026-09-29T00:40:35+00:00,1.26,True
SCX3007,Departure,2026-09-29T02:00:00+00:00,2026-09-29T00:40:35+00:00,2026-09-29T00:40:35+00:00,1.32,False
UPS635,Departure,2026-09-29T03:03:00+00:00,2026-09-29T00:40:35+00:00,2026-09-29T00:40:35+00:00,2.37,False
SWA3883,Departure,2026-09-29T03:03:00+00:00,2026-09-28T12:42:46+00:00,2026-09-29T00:40:35+00:00,2.37,True
UPS633,Departure,2026-09-29T03:32:00+00:00,2026-09-29T00:40:35+00:00,2026-09-29T00:40:35+00:00,2.86,False
FDX1309,Departure,2026-09-29T03:33:00+00:00,2026-09-29T00:40:35+00:00,2026-09-29T00:40:35+00:00,2.87,False
SKQ22,Departure,2026-09-29T04:55:00+00:00,2026-09-29T00:40:35+00:00,2026-09-29T00:40:35+00:00,4.24,False
SWA3857,Departure,2026-09-29T11:25:00+00:00,2026-09-29T00:40:35+00:00,2026-09-29T00:40:35+00:00,10.74,False
LXJ392,Departure,2026-09-29T11:30:00+00:00,2026-09-29T00:40:35+00:00,2026-09-29T00:40:35+00:00,10.82,False
SWA3861,Departure,2026-09-29T11:30:00+00:00,2026-09-29T00:40:35+00:00,2026-09-29T00:40:35+00:00,10.82,False
LXJ597,Departure,2026-09-29T12:00:00+00:00,2026-09-29T00:40:35+00:00,2026-09-29T00:40:35+00:00,11.32,False
BK23,Arrival,2026-09-29T00:36:00+00:00,2026-09-29T00:40:35+00:00,2026-09-29T00:40:35+00:00,-0.08,False
DAL1541,Arrival,2026-09-29T01:14:00+00:00,2026-09-28T14:22:02+00:00,2026-09-29T00:40:35+00:00,0.56,True
UAL1422,Arrival,2026-09-29T01:30:00+00:00,2026-09-28T14:22:02+00:00,2026-09-29T00:40:35+00:00,0.82,True
AAL2444,Arrival,2026-09-29T01:43:00+00:00,2026-09-28T14:22:02+00:00,2026-09-29T00:40:35+00:00,1.04,True
FFT4473,Arrival,2026-09-29T02:00:00+00:00,2026-09-29T00:40:35+00:00,2026-09-29T00:40:35+00:00,1.32,False
AAL4680,Arrival,2026-09-29T02:15:00+00:00,2026-09-28T16:21:04+00:00,2026-09-29T00:40:35+00:00,1.57,True
UAL1625,Arrival,2026-09-29T02:16:00+00:00,2026-09-28T16:21:04+00:00,2026-09-29T00:40:35+00:00,1.59,True
AAL4599,Arrival,2026-09-29T02:35:00+00:00,2026-09-28T16:21:04+00:00,2026-09-29T00:40:35+00:00,1.91,True
SWA674,Arrival,2026-09-29T03:04:00+00:00,2026-09-28T16:21:04+00:00,2026-09-29T00:40:35+00:00,2.39,True
SWA290,Arrival,2026-09-29T03:14:00+00:00,2026-09-28T16:21:04+00:00,2026-09-29T00:40:35+00:00,2.56,True
SWA3204,Arrival,2026-09-29T03:19:00+00:00,2026-09-28T16:21:04+00:00,2026-09-29T00:40:35+00:00,2.64,True
SWA3449,Arrival,2026-09-29T03:19:00+00:00,2026-09-28T16:21:04+00:00,2026-09-29T00:40:35+00:00,2.64,True
AAL459,Arrival,2026-09-29T03:33:00+00:00,2026-09-28T16:21:04+00:00,2026-09-29T00:40:35+00:00,2.87,True
SWA155,Arrival,2026-09-29T03:54:00+00:00,2026-09-28T16:21:04+00:00,2026-09-29T00:40:35+00:00,3.22,True
AAL5000,Arrival,2026-09-29T04:21:00+00:00,2026-09-28T17:49:45+00:00,2026-09-29T00:40:35+00:00,3.67,True
UAL1528,Arrival,2026-09-29T04:24:00+00:00,2026-09-28T16:21:04+00:00,2026-09-29T00:40:35+00:00,3.72,True
SKQ22,Arrival,2026-09-29T04:38:00+00:00,2026-09-29T00:40:35+00:00,2026-09-29T00:40:35+00:00,3.96,False
ASA472,Arrival,2026-09-29T04:40:00+00:00,2026-09-28T17:49:45+00:00,2026-09-29T00:40:35+00:00,3.99,True
SWA2659,Arrival,2026-09-29T04:46:00+00:00,2026-09-28T16:21:04+00:00,2026-09-29T00:40:35+00:00,4.09,True
SWA1603,Arrival,2026-09-29T04:49:00+00:00,2026-09-28T17:49:45+00:00,2026-09-29T00:40:35+00:00,4.14,True
SWA3667,Arrival,2026-09-29T04:49:00+00:00,2026-09-28T17:49:45+00:00,2026-09-29T00:40:35+00:00,4.14,True
SWA4203,Arrival,2026-09-29T12:02:00+00:00,2026-09-28T14:22:02+00:00,2026-09-29T00:40:35+00:00,11.36,True
SWA3850,Departure,2026-09-29T02:38:00+00:00,2026-09-28T16:21:04+00:00,2026-09-29T02:08:36+00:00,0.49,True
FFT4474,Departure,2026-09-29T03:25:00+00:00,2026-09-29T02:08:36+00:00,2026-09-29T02:08:36+00:00,1.27,False
FDX1608,Departure,2026-09-29T04:05:00+00:00,2026-09-29T02:08:36+00:00,2026-09-29T02:08:36+00:00,1.94,False
SWA2158,Departure,2026-09-29T13:25:00+00:00,2026-09-29T02:08:36+00:00,2026-09-29T02:08:36+00:00,11.27,False
AAL1445,Arrival,2026-09-29T04:25:00+00:00,2026-09-28T17:49:45+00:00,2026-09-29T02:08:36+00:00,2.27,True
UAL4733,Arrival,2026-09-29T04:41:00+00:00,2026-09-28T17:49:45+00:00,2026-09-29T02:08:36+00:00,2.54,True
AAL1594,Arrival,2026-09-29T04:50:00+00:00,2026-09-28T17:49:45+00:00,2026-09-29T02:08:36+00:00,2.69,True
SCX3012,Arrival,2026-09-29T05:48:00+00:00,2026-09-29T02:08:36+00:00,2026-09-29T02:08:36+00:00,3.66,False
SWA2319,Arrival,2026-09-29T05:54:00+00:00,2026-09-28T17:49:45+00:00,2026-09-29T02:08:36+00:00,3.76,True
SWA3215,Arrival,2026-09-29T07:04:00+00:00,2026-09-28T19:22:33+00:00,2026-09-29T02:08:36+00:00,4.92,True
SWA1482,Arrival,2026-09-29T12:20:00+00:00,2026-09-29T02:08:36+00:00,2026-09-29T02:08:36+00:00,10.19,False
SWA1646,Arrival,2026-09-29T12:21:00+00:00,2026-09-29T02:08:36+00:00,2026-09-29T02:08:36+00:00,10.21,False
SWA4203,Arrival,2026-09-29T12:25:00+00:00,2026-09-29T02:08:36+00:00,2026-09-29T02:08:36+00:00,10.27,False
SWA3013,Arrival,2026-09-29T12:25:00+00:00,2026-09-29T02:08:36+00:00,2026-09-29T02:08:36+00:00,10.27,False
SWA478,Arrival,2026-09-29T12:38:00+00:00,2026-09-29T02:08:36+00:00,2026-09-29T02:08:36+00:00,10.49,False
RV19,Arrival,2026-09-29T12:45:00+00:00,2026-09-29T02:08:36+00:00,2026-09-29T02:08:36+00:00,10.61,False
AAL3546,Arrival,2026-09-29T13:20:00+00:00,2026-09-29T02:08:36+00:00,2026-09-29T02:08:36+00:00,11.19,False
KI437,Departure,2026-09-29T03:50:00+00:00,2026-09-29T03:46:10+00:00,2026-09-29T03:46:10+00:00,0.06,False
UAL2459,Departure,2026-09-29T14:00:00+00:00,2026-09-29T03:46:10+00:00,2026-09-29T03:46:10+00:00,10.23,False
UAL4601,Departure,2026-09-29T14:04:00+00:00,2026-09-29T03:46:10+00:00,2026-09-29T03:46:10+00:00,10.3,False
DAL1403,Arrival,2026-09-29T04:18:00+00:00,2026-09-28T17:49:45+00:00,2026-09-29T03:46:10+00:00,0.53,True
AAL3069,Arrival,2026-09-29T05:43:00+00:00,2026-09-28T17:49:45+00:00,2026-09-29T03:46:10+00:00,1.95,True
SWA4528,Arrival,2026-09-29T09:06:00+00:00,2026-09-28T19:22:33+00:00,2026-09-29T03:46:10+00:00,5.33,True
SWA753,Arrival,2026-09-29T12:25:00+00:00,2026-09-29T02:08:36+00:00,2026-09-29T03:46:10+00:00,8.65,True
SWA1430,Arrival,2026-09-29T14:06:00+00:00,2026-09-29T03:46:10+00:00,2026-09-29T03:46:10+00:00,10.33,False
SWA1694,Arrival,2026-09-29T14:16:00+00:00,2026-09-29T03:46:10+00:00,2026-09-29T03:46:10+00:00,10.5,False
SWA3070,Arrival,2026-09-29T14:35:00+00:00,2026-09-29T03:46:10+00:00,2026-09-29T03:46:10+00:00,10.81,False
DAL1524,Departure,2026-09-29T11:00:00+00:00,2026-09-29T00:40:35+00:00,2026-09-29T11:09:42+00:00,-0.16,True
AAL4634,Departure,2026-09-29T11:01:00+00:00,2026-09-29T00:40:35+00:00,2026-09-29T11:09:42+00:00,-0.15,True
AAL4450,Departure,2026-09-29T11:02:00+00:00,2026-09-29T00:40:35+00:00,2026-09-29T11:09:42+00:00,-0.13,True
SWA3811,Departure,2026-09-29T11:03:00+00:00,2026-09-29T00:40:35+00:00,2026-09-29T11:09:42+00:00,-0.11,True
SWA3524,Departure,2026-09-29T11:06:00+00:00,2026-09-29T00:40:35+00:00,2026-09-29T11:09:42+00:00,-0.06,True
UAL1371,Departure,2026-09-29T11:15:00+00:00,2026-09-29T00:40:35+00:00,2026-09-29T11:09:42+00:00,0.09,True
DAL1597,Departure,2026-09-29T11:15:00+00:00,2026-09-29T00:40:35+00:00,2026-09-29T11:09:42+00:00,0.09,True
SCX3027,Departure,2026-09-29T11:25:00+00:00,2026-09-29T11:09:42+00:00,2026-09-29T11:09:42+00:00,0.25,False
ASA473,Departure,2026-09-29T11:29:00+00:00,2026-09-29T00:40:35+00:00,2026-09-29T11:09:42+00:00,0.32,True
AAL6480,Departure,2026-09-29T11:30:00+00:00,2026-09-29T00:40:35+00:00,2026-09-29T11:09:42+00:00,0.34,True
AAL4667,Departure,2026-09-29T11:30:00+00:00,2026-09-29T00:40:35+00:00,2026-09-29T11:09:42+00:00,0.34,True
DAL1626,Departure,2026-09-29T11:40:00+00:00,2026-09-29T00:40:35+00:00,2026-09-29T11:09:42+00:00,0.5,True
AAL1515,Departure,2026-09-29T11:53:00+00:00,2026-09-29T00:40:35+00:00,2026-09-29T11:09:42+00:00,0.72,True
SWA3826,Departure,2026-09-29T12:00:00+00:00,2026-09-29T00:40:35+00:00,2026-09-29T11:09:42+00:00,0.84,True
AAL537,Departure,2026-09-29T12:00:00+00:00,2026-09-29T00:40:35+00:00,2026-09-29T11:09:42+00:00,0.84,True
SWA4583,Departure,2026-09-29T12:05:00+00:00,2026-09-29T00:40:35+00:00,2026-09-29T11:09:42+00:00,0.92,True
SWA3804,Departure,2026-09-29T12:15:00+00:00,2026-09-29T02:08:36+00:00,2026-09-29T11:09:42+00:00,1.09,True
SWA830,Departure,2026-09-29T12:35:00+00:00,2026-09-29T02:08:36+00:00,2026-09-29T11:09:42+00:00,1.42,True
EJA467,Departure,2026-09-29T13:00:00+00:00,2026-09-29T11:09:42+00:00,2026-09-29T11:09:42+00:00,1.84,False
KI524,Departure,2026-09-29T13:18:00+00:00,2026-09-29T11:09:42+00:00,2026-09-29T11:09:42+00:00,2.14,False
LXJ567,Departure,2026-09-29T15:30:00+00:00,2026-09-29T11:09:42+00:00,2026-09-29T11:09:42+00:00,4.34,False
SWA3833,Departure,2026-09-29T16:10:00+00:00,2026-09-29T11:09:42+00:00,2026-09-29T11:09:42+00:00,5.0,False
SWA3846,Departure,2026-09-29T16:25:00+00:00,2026-09-29T11:09:42+00:00,2026-09-29T11:09:42+00:00,5.25,False
UAL560,Departure,2026-09-29T17:20:00+00:00,2026-09-29T11:09:42+00:00,2026-09-29T11:09:42+00:00,6.17,False
SWA125,Departure,2026-09-29T17:20:00+00:00,2026-09-29T11:09:42+00:00,2026-09-29T11:09:42+00:00,6.17,False
SWA2839,Departure,2026-09-29T18:20:00+00:00,2026-09-29T11:09:42+00:00,2026-09-29T11:09:42+00:00,7.17,False
SWA3847,Departure,2026-09-29T18:45:00+00:00,2026-09-29T11:09:42+00:00,2026-09-29T11:09:42+00:00,7.59,False
DLH449,Departure,2026-09-29T20:30:00+00:00,2026-09-29T11:09:42+00:00,2026-09-29T11:09:42+00:00,9.34,False
UAL2323,Departure,2026-09-29T21:39:00+00:00,2026-09-29T11:09:42+00:00,2026-09-29T11:09:42+00:00,10.49,False
AAL3851,Departure,2026-09-29T22:10:00+00:00,2026-09-29T11:09:42+00:00,2026-09-29T11:09:42+00:00,11.0,False
SWA830,Arrival,2026-09-29T11:57:00+00:00,2026-09-29T00:40:35+00:00,2026-09-29T11:09:42+00:00,0.79,True
KI524,Arrival,2026-09-29T11:58:00+00:00,2026-09-29T11:09:42+00:00,2026-09-29T11:09:42+00:00,0.8,False
SWA3357,Arrival,2026-09-29T12:00:00+00:00,2026-09-29T00:40:35+00:00,2026-09-29T11:09:42+00:00,0.84,True
SWA244,Arrival,2026-09-29T12:19:00+00:00,2026-09-29T02:08:36+00:00,2026-09-29T11:09:42+00:00,1.15,True
SWA2656,Arrival,2026-09-29T12:22:00+00:00,2026-09-29T02:08:36+00:00,2026-09-29T11:09:42+00:00,1.2,True
SWA1096,Arrival,2026-09-29T12:31:00+00:00,2026-09-29T02:08:36+00:00,2026-09-29T11:09:42+00:00,1.35,True
SWA2514,Arrival,2026-09-29T12:32:00+00:00,2026-09-29T02:08:36+00:00,2026-09-29T11:09:42+00:00,1.37,True
SWA3958,Arrival,2026-09-29T12:33:00+00:00,2026-09-29T02:08:36+00:00,2026-09-29T11:09:42+00:00,1.39,True
SWA1147,Arrival,2026-09-29T12:44:00+00:00,2026-09-29T02:08:36+00:00,2026-09-29T11:09:42+00:00,1.57,True
SWA4498,Arrival,2026-09-29T12:49:00+00:00,2026-09-29T02:08:36+00:00,2026-09-29T11:09:42+00:00,1.65,True
DAL4939,Arrival,2026-09-29T13:01:00+00:00,2026-09-29T02:08:36+00:00,2026-09-29T11:09:42+00:00,1.85,True
AAL4340,Arrival,2026-09-29T13:37:00+00:00,2026-09-29T02:08:36+00:00,2026-09-29T11:09:42+00:00,2.45,True
UAL3689,Arrival,2026-09-29T13:41:00+00:00,2026-09-29T03:46:10+00:00,2026-09-29T11:09:42+00:00,2.52,True
SWA2907,Arrival,2026-09-29T14:00:00+00:00,2026-09-29T03:46:10+00:00,2026-09-29T11:09:42+00:00,2.84,True
SWA391,Arrival,2026-09-29T14:04:00+00:00,2026-09-29T03:46:10+00:00,2026-09-29T11:09:42+00:00,2.9,True
SWA1373,Arrival,2026-09-29T14:19:00+00:00,2026-09-29T03:46:10+00:00,2026-09-29T11:09:42+00:00,3.15,True
SWA998,Arrival,2026-09-29T14:29:00+00:00,2026-09-29T03:46:10+00:00,2026-09-29T11:09:42+00:00,3.32,True
SWA1097,Arrival,2026-09-29T14:35:00+00:00,2026-09-29T03:46:10+00:00,2026-09-29T11:09:42+00:00,3.42,True
UAL4587,Arrival,2026-09-29T14:35:00+00:00,2026-09-29T03:46:10+00:00,2026-09-29T11:09:42+00:00,3.42,True
SWA2657,Arrival,2026-09-29T14:49:00+00:00,2026-09-29T11:09:42+00:00,2026-09-29T11:09:42+00:00,3.65,False
SWA2019,Arrival,2026-09-29T14:59:00+00:00,2026-09-29T03:46:10+00:00,2026-09-29T11:09:42+00:00,3.82,True
SWA3280,Arrival,2026-09-29T15:49:00+00:00,2026-09-29T11:09:42+00:00,2026-09-29T11:09:42+00:00,4.65,False
WU651,Arrival,2026-09-29T16:16:00+00:00,2026-09-29T11:09:42+00:00,2026-09-29T11:09:42+00:00,5.1,False
SWA2035,Arrival,2026-09-29T16:34:00+00:00,2026-09-29T11:09:42+00:00,2026-09-29T11:09:42+00:00,5.4,False
SWA1906,Arrival,2026-09-29T17:10:00+00:00,2026-09-29T11:09:42+00:00,2026-09-29T11:09:42+00:00,6.0,False
SWA2144,Arrival,2026-09-29T17:34:00+00:00,2026-09-29T11:09:42+00:00,2026-09-29T11:09:42+00:00,6.4,False
SWA2353,Arrival,2026-09-29T17:55:00+00:00,2026-09-29T11:09:42+00:00,2026-09-29T11:09:42+00:00,6.75,False
SWA3281,Arrival,2026-09-29T18:09:00+00:00,2026-09-29T11:09:42+00:00,2026-09-29T11:09:42+00:00,6.99,False
DLH448,Arrival,2026-09-29T18:25:00+00:00,2026-09-29T11:09:42+00:00,2026-09-29T11:09:42+00:00,7.25,False
DAL2455,Arrival,2026-09-29T18:30:00+00:00,2026-09-29T11:09:42+00:00,2026-09-29T11:09:42+00:00,7.34,False
AAL2660,Arrival,2026-09-29T18:36:00+00:00,2026-09-29T11:09:42+00:00,2026-09-29T11:09:42+00:00,7.44,False
ASA388,Arrival,2026-09-29T18:38:00+00:00,2026-09-29T11:09:42+00:00,2026-09-29T11:09:42+00:00,7.47,False
SWA1643,Arrival,2026-09-29T18:49:00+00:00,2026-09-29T11:09:42+00:00,2026-09-29T11:09:42+00:00,7.65,False
SWA2659,Arrival,2026-09-29T19:10:00+00:00,2026-09-29T11:09:42+00:00,2026-09-29T11:09:42+00:00,8.0,False
SWA1695,Arrival,2026-09-29T19:14:00+00:00,2026-09-29T11:09:42+00:00,2026-09-29T11:09:42+00:00,8.07,False
SWA2317,Arrival,2026-09-29T19:59:00+00:00,2026-09-29T11:09:42+00:00,2026-09-29T11:09:42+00:00,8.82,False
SWA1761,Arrival,2026-09-29T20:59:00+00:00,2026-09-29T11:09:42+00:00,2026-09-29T11:09:42+00:00,9.82,False
ASA1318,Arrival,2026-09-29T22:10:00+00:00,2026-09-29T11:09:42+00:00,2026-09-29T11:09:42+00:00,11.0,False
AAL2686,Arrival,2026-09-29T22:22:00+00:00,2026-09-29T11:09:42+00:00,2026-09-29T11:09:42+00:00,11.2,False
DAL1492,Arrival,2026-09-29T22:37:00+00:00,2026-09-29T11:09:42+00:00,2026-09-29T11:09:42+00:00,11.45,False
AAL1997,Departure,2026-09-29T12:33:00+00:00,2026-09-29T02:08:36+00:00,2026-09-29T12:46:54+00:00,-0.23,True
RV412,Departure,2026-09-29T12:41:00+00:00,2026-09-29T12:46:54+00:00,2026-09-29T12:46:54+00:00,-0.1,False
DAL2363,Departure,2026-09-29T13:00:00+00:00,2026-09-29T02:08:36+00:00,2026-09-29T12:46:54+00:00,0.22,True
UAL2792,Departure,2026-09-29T13:00:00+00:00,2026-09-29T02:08:36+00:00,2026-09-29T12:46:54+00:00,0.22,True
AAL2574,Departure,2026-09-29T13:00:00+00:00,2026-09-29T02:08:36+00:00,2026-09-29T12:46:54+00:00,0.22,True
SWA3812,Departure,2026-09-29T13:10:00+00:00,2026-09-29T02:08:36+00:00,2026-09-29T12:46:54+00:00,0.38,True
SWA3261,Departure,2026-09-29T13:25:00+00:00,2026-09-29T02:08:36+00:00,2026-09-29T12:46:54+00:00,0.63,True
SWA3886,Departure,2026-09-29T13:25:00+00:00,2026-09-29T02:08:36+00:00,2026-09-29T12:46:54+00:00,0.63,True
SWA1930,Departure,2026-09-29T13:25:00+00:00,2026-09-29T02:08:36+00:00,2026-09-29T12:46:54+00:00,0.63,True
SWA4157,Departure,2026-09-29T13:25:00+00:00,2026-09-29T02:08:36+00:00,2026-09-29T12:46:54+00:00,0.63,True
SWA3870,Departure,2026-09-29T13:25:00+00:00,2026-09-29T02:08:36+00:00,2026-09-29T12:46:54+00:00,0.63,True
SWA3399,Departure,2026-09-29T13:25:00+00:00,2026-09-29T02:08:36+00:00,2026-09-29T12:46:54+00:00,0.63,True
SWA4522,Departure,2026-09-29T13:25:00+00:00,2026-09-29T02:08:36+00:00,2026-09-29T12:46:54+00:00,0.63,True
SWA4500,Departure,2026-09-29T13:30:00+00:00,2026-09-29T02:08:36+00:00,2026-09-29T12:46:54+00:00,0.72,True
AAL1959,Departure,2026-09-29T13:30:00+00:00,2026-09-29T02:08:36+00:00,2026-09-29T12:46:54+00:00,0.72,True
SWA3827,Departure,2026-09-29T13:35:00+00:00,2026-09-29T02:08:36+00:00,2026-09-29T12:46:54+00:00,0.8,True
SWA4584,Departure,2026-09-29T13:35:00+00:00,2026-09-29T02:08:36+00:00,2026-09-29T12:46:54+00:00,0.8,True
SWA3892,Departure,2026-09-29T13:35:00+00:00,2026-09-29T02:08:36+00:00,2026-09-29T12:46:54+00:00,0.8,True
SWA383,Departure,2026-09-29T13:35:00+00:00,2026-09-29T02:08:36+00:00,2026-09-29T12:46:54+00:00,0.8,True
UAL4595,Departure,2026-09-29T13:35:00+00:00,2026-09-29T02:08:36+00:00,2026-09-29T12:46:54+00:00,0.8,True
SWA4419,Departure,2026-09-29T13:40:00+00:00,2026-09-29T03:46:10+00:00,2026-09-29T12:46:54+00:00,0.88,True
SWA4498,Departure,2026-09-29T13:40:00+00:00,2026-09-29T03:46:10+00:00,2026-09-29T12:46:54+00:00,0.88,True
AAL712,Departure,2026-09-29T13:43:00+00:00,2026-09-29T03:46:10+00:00,2026-09-29T12:46:54+00:00,0.93,True
AAL3546,Departure,2026-09-29T13:54:00+00:00,2026-09-29T03:46:10+00:00,2026-09-29T12:46:54+00:00,1.12,True
ACA8886,Departure,2026-09-29T13:55:00+00:00,2026-09-29T03:46:10+00:00,2026-09-29T12:46:54+00:00,1.13,True
SWA3893,Departure,2026-09-29T14:35:00+00:00,2026-09-29T03:46:10+00:00,2026-09-29T12:46:54+00:00,1.8,True
WU651,Departure,2026-09-29T18:30:00+00:00,2026-09-29T12:46:54+00:00,2026-09-29T12:46:54+00:00,5.72,False
SWA1534,Departure,2026-09-29T23:40:00+00:00,2026-09-29T12:46:54+00:00,2026-09-29T12:46:54+00:00,10.88,False
SWA178,Departure,2026-09-29T23:45:00+00:00,2026-09-29T12:46:54+00:00,2026-09-29T12:46:54+00:00,10.97,False
DAL5286,Arrival,2026-09-29T13:21:00+00:00,2026-09-29T03:46:10+00:00,2026-09-29T12:46:54+00:00,0.57,True
DAL1571,Arrival,2026-09-29T13:44:00+00:00,2026-09-29T03:46:10+00:00,2026-09-29T12:46:54+00:00,0.95,True
DAL2868,Arrival,2026-09-29T13:56:00+00:00,2026-09-29T03:46:10+00:00,2026-09-29T12:46:54+00:00,1.15,True
SWA2536,Arrival,2026-09-29T13:57:00+00:00,2026-09-29T03:46:10+00:00,2026-09-29T12:46:54+00:00,1.17,True
AAL3333,Arrival,2026-09-29T14:07:00+00:00,2026-09-29T03:46:10+00:00,2026-09-29T12:46:54+00:00,1.33,True
SWA2890,Arrival,2026-09-29T14:10:00+00:00,2026-09-29T03:46:10+00:00,2026-09-29T12:46:54+00:00,1.38,True
AAL2497,Arrival,2026-09-29T14:25:00+00:00,2026-09-29T03:46:10+00:00,2026-09-29T12:46:54+00:00,1.63,True
SWA2837,Arrival,2026-09-29T14:54:00+00:00,2026-09-29T03:46:10+00:00,2026-09-29T12:46:54+00:00,2.12,True
UAL6214,Arrival,2026-09-29T15:04:00+00:00,2026-09-29T03:46:10+00:00,2026-09-29T12:46:54+00:00,2.28,True
AAL4436,Arrival,2026-09-29T15:06:00+00:00,2026-09-29T03:46:10+00:00,2026-09-29T12:46:54+00:00,2.32,True
AAL2818,Arrival,2026-09-29T15:10:00+00:00,2026-09-29T03:46:10+00:00,2026-09-29T12:46:54+00:00,2.38,True
AAL1739,Arrival,2026-09-29T15:43:00+00:00,2026-09-29T11:09:42+00:00,2026-09-29T12:46:54+00:00,2.93,True
SWA4699,Arrival,2026-09-29T15:49:00+00:00,2026-09-29T11:09:42+00:00,2026-09-29T12:46:54+00:00,3.03,True
FFT3108,Arrival,2026-09-29T16:12:00+00:00,2026-09-29T11:09:42+00:00,2026-09-29T12:46:54+00:00,3.42,True
SWA2110,Arrival,2026-09-29T17:13:00+00:00,2026-09-29T11:09:42+00:00,2026-09-29T12:46:54+00:00,4.43,True
SWA4173,Arrival,2026-09-29T17:19:00+00:00,2026-09-29T11:09:42+00:00,2026-09-29T12:46:54+00:00,4.53,True
SWA241,Arrival,2026-09-29T23:39:00+00:00,2026-09-29T12:46:54+00:00,2026-09-29T12:46:54+00:00,10.87,False
UAL4518,Arrival,2026-09-29T23:55:00+00:00,2026-09-29T12:46:54+00:00,2026-09-29T12:46:54+00:00,11.13,False
UAL3715,Departure,2026-09-29T14:30:00+00:00,2026-09-29T03:46:10+00:00,2026-09-29T14:25:13+00:00,0.08,True
AAL4443,Departure,2026-09-29T14:47:00+00:00,2026-09-29T03:46:10+00:00,2026-09-29T14:25:13+00:00,0.36,True
DAL5041,Departure,2026-09-29T15:00:00+00:00,2026-09-29T03:46:10+00:00,2026-09-29T14:25:13+00:00,0.58,True
DAL1571,Departure,2026-09-29T15:05:00+00:00,2026-09-29T03:46:10+00:00,2026-09-29T14:25:13+00:00,0.66,True
UAL4506,Departure,2026-09-29T15:05:00+00:00,2026-09-29T02:08:36+00:00,2026-09-29T14:25:13+00:00,0.66,True
AAL3333,Departure,2026-09-29T15:14:00+00:00,2026-09-29T03:46:10+00:00,2026-09-29T14:25:13+00:00,0.81,True
SWA4981,Departure,2026-09-29T15:15:00+00:00,2026-09-29T03:46:10+00:00,2026-09-29T14:25:13+00:00,0.83,True
SWA3884,Departure,2026-09-29T15:15:00+00:00,2026-09-29T03:46:10+00:00,2026-09-29T14:25:13+00:00,0.83,True
SWA3805,Departure,2026-09-29T15:15:00+00:00,2026-09-29T03:46:10+00:00,2026-09-29T14:25:13+00:00,0.83,True
SWA3798,Departure,2026-09-29T15:15:00+00:00,2026-09-29T03:46:10+00:00,2026-09-29T14:25:13+00:00,0.83,True
SWA4929,Departure,2026-09-29T15:15:00+00:00,2026-09-29T03:46:10+00:00,2026-09-29T14:25:13+00:00,0.83,True
SWA3858,Departure,2026-09-29T15:15:00+00:00,2026-09-29T03:46:10+00:00,2026-09-29T14:25:13+00:00,0.83,True
SWA3071,Departure,2026-09-29T15:20:00+00:00,2026-09-29T11:09:42+00:00,2026-09-29T14:25:13+00:00,0.91,True
SWA3879,Departure,2026-09-29T15:25:00+00:00,2026-09-29T11:09:42+00:00,2026-09-29T14:25:13+00:00,1.0,True
UAL4517,Departure,2026-09-29T15:27:00+00:00,2026-09-29T11:09:42+00:00,2026-09-29T14:25:13+00:00,1.03,True
DAL2868,Departure,2026-09-29T15:29:00+00:00,2026-09-29T11:09:42+00:00,2026-09-29T14:25:13+00:00,1.06,True
SWA2926,Departure,2026-09-29T15:40:00+00:00,2026-09-29T11:09:42+00:00,2026-09-29T14:25:13+00:00,1.25,True
SWA1538,Departure,2026-09-29T15:41:00+00:00,2026-09-29T11:09:42+00:00,2026-09-29T14:25:13+00:00,1.26,True
SWA3862,Departure,2026-09-29T15:45:00+00:00,2026-09-29T11:09:42+00:00,2026-09-29T14:25:13+00:00,1.33,True
SWA4508,Departure,2026-09-29T15:55:00+00:00,2026-09-29T11:09:42+00:00,2026-09-29T14:25:13+00:00,1.5,True
SWA4334,Departure,2026-09-29T16:00:00+00:00,2026-09-29T11:09:42+00:00,2026-09-29T14:25:13+00:00,1.58,True
SWA4591,Departure,2026-09-29T16:35:00+00:00,2026-09-29T11:09:42+00:00,2026-09-29T14:25:13+00:00,2.16,True
JR60,Arrival,2026-09-29T14:17:00+00:00,2026-09-29T14:25:13+00:00,2026-09-29T14:25:13+00:00,-0.14,False
LXJ567,Arrival,2026-09-29T14:37:00+00:00,2026-09-29T14:25:13+00:00,2026-09-29T14:25:13+00:00,0.2,False
DAL1289,Arrival,2026-09-29T15:05:00+00:00,2026-09-29T11:09:42+00:00,2026-09-29T14:25:13+00:00,0.66,True
DAL1400,Arrival,2026-09-29T15:35:00+00:00,2026-09-29T11:09:42+00:00,2026-09-29T14:25:13+00:00,1.16,True
UAL5456,Arrival,2026-09-29T15:51:00+00:00,2026-09-29T03:46:10+00:00,2026-09-29T14:25:13+00:00,1.43,True
SWA3877,Arrival,2026-09-29T16:14:00+00:00,2026-09-29T11:09:42+00:00,2026-09-29T14:25:13+00:00,1.81,True
UAL2311,Arrival,2026-09-29T16:16:00+00:00,2026-09-29T11:09:42+00:00,2026-09-29T14:25:13+00:00,1.85,True
DAL4922,Arrival,2026-09-29T16:40:00+00:00,2026-09-29T11:09:42+00:00,2026-09-29T14:25:13+00:00,2.25,True
SWA422,Arrival,2026-09-29T17:59:00+00:00,2026-09-29T11:09:42+00:00,2026-09-29T14:25:13+00:00,3.56,True
SWA2456,Arrival,2026-09-29T19:34:00+00:00,2026-09-29T11:09:42+00:00,2026-09-29T14:25:13+00:00,5.15,True
LXJ441,Arrival,2026-09-29T19:47:00+00:00,2026-09-29T14:25:13+00:00,2026-09-29T14:25:13+00:00,5.36,False
EJA605,Arrival,2026-09-29T19:58:00+00:00,2026-09-29T14:25:13+00:00,2026-09-29T14:25:13+00:00,5.55,False
SWA4407,Arrival,2026-09-30T01:41:00+00:00,2026-09-29T14:25:13+00:00,2026-09-29T14:25:13+00:00,11.26,False
AAL4436,Departure,2026-09-29T15:45:00+00:00,2026-09-29T11:09:42+00:00,2026-09-29T15:59:37+00:00,-0.24,True
AAL2818,Departure,2026-09-29T16:01:00+00:00,2026-09-29T11:09:42+00:00,2026-09-29T15:59:37+00:00,0.02,True
UAL6213,Departure,2026-09-29T16:10:00+00:00,2026-09-29T11:09:42+00:00,2026-09-29T15:59:37+00:00,0.17,True
DAL1289,Departure,2026-09-29T16:21:00+00:00,2026-09-29T11:09:42+00:00,2026-09-29T15:59:37+00:00,0.36,True
UAL4734,Departure,2026-09-29T16:35:00+00:00,2026-09-29T11:09:42+00:00,2026-09-29T15:59:37+00:00,0.59,True
SWA3877,Departure,2026-09-29T16:55:00+00:00,2026-09-29T11:09:42+00:00,2026-09-29T15:59:37+00:00,0.92,True
AAL2497,Departure,2026-09-29T16:59:00+00:00,2026-09-29T11:09:42+00:00,2026-09-29T15:59:37+00:00,0.99,True
DAL1400,Departure,2026-09-29T17:00:00+00:00,2026-09-29T11:09:42+00:00,2026-09-29T15:59:37+00:00,1.01,True
ACA8688,Departure,2026-09-29T17:10:00+00:00,2026-09-29T11:09:42+00:00,2026-09-29T15:59:37+00:00,1.17,True
SWA2052,Departure,2026-09-29T17:50:00+00:00,2026-09-29T11:09:42+00:00,2026-09-29T15:59:37+00:00,1.84,True
AAL1739,Departure,2026-09-29T18:25:00+00:00,2026-09-29T11:09:42+00:00,2026-09-29T15:59:37+00:00,2.42,True
EJA752,Departure,2026-09-29T19:00:00+00:00,2026-09-29T15:59:37+00:00,2026-09-29T15:59:37+00:00,3.01,False
AAL4074,Arrival,2026-09-29T16:45:00+00:00,2026-09-29T11:09:42+00:00,2026-09-29T15:59:37+00:00,0.76,True
UAL1044,Arrival,2026-09-29T17:07:00+00:00,2026-09-29T11:09:42+00:00,2026-09-29T15:59:37+00:00,1.12,True
UAL652,Arrival,2026-09-29T17:34:00+00:00,2026-09-29T11:09:42+00:00,2026-09-29T15:59:37+00:00,1.57,True
DAL1371,Arrival,2026-09-29T17:36:00+00:00,2026-09-29T11:09:42+00:00,2026-09-29T15:59:37+00:00,1.61,True
WU665,Arrival,2026-09-29T17:42:00+00:00,2026-09-29T15:59:37+00:00,2026-09-29T15:59:37+00:00,1.71,False
AAL3096,Arrival,2026-09-29T17:54:00+00:00,2026-09-29T11:09:42+00:00,2026-09-29T15:59:37+00:00,1.91,True
DAL566,Arrival,2026-09-29T17:59:00+00:00,2026-09-29T11:09:42+00:00,2026-09-29T15:59:37+00:00,1.99,True
SWA1678,Arrival,2026-09-29T18:09:00+00:00,2026-09-29T11:09:42+00:00,2026-09-29T15:59:37+00:00,2.16,True
AAL6355,Arrival,2026-09-29T18:10:00+00:00,2026-09-29T11:09:42+00:00,2026-09-29T15:59:37+00:00,2.17,True
SWA1168,Arrival,2026-09-29T18:42:00+00:00,2026-09-29T11:09:42+00:00,2026-09-29T15:59:37+00:00,2.71,True
SWA2550,Arrival,2026-09-29T19:26:00+00:00,2026-09-29T11:09:42+00:00,2026-09-29T15:59:37+00:00,3.44,True
SWA1098,Arrival,2026-09-29T19:28:00+00:00,2026-09-29T11:09:42+00:00,2026-09-29T15:59:37+00:00,3.47,True
UAL2000,Arrival,2026-09-29T20:39:00+00:00,2026-09-29T11:09:42+00:00,2026-09-29T15:59:37+00:00,4.66,True
SWA2788,Arrival,2026-09-29T21:02:00+00:00,2026-09-29T11:09:42+00:00,2026-09-29T15:59:37+00:00,5.04,True
JTL25,Arrival,2026-09-29T23:31:00+00:00,2026-09-29T15:59:37+00:00,2026-09-29T15:59:37+00:00,7.52,False
JR770,Departure,2026-09-29T17:30:00+00:00,2026-09-29T17:34:06+00:00,2026-09-29T17:34:06+00:00,-0.07,False
AAL4074,Departure,2026-09-29T17:46:00+00:00,2026-09-29T11:09:42+00:00,2026-09-29T17:34:06+00:00,0.2,True
DAL4922,Departure,2026-09-29T18:01:00+00:00,2026-09-29T11:09:42+00:00,2026-09-29T17:34:06+00:00,0.45,True
SWA4823,Departure,2026-09-29T18:03:00+00:00,2026-09-29T11:09:42+00:00,2026-09-29T17:34:06+00:00,0.48,True
UAL4454,Departure,2026-09-29T18:09:00+00:00,2026-09-29T11:09:42+00:00,2026-09-29T17:34:06+00:00,0.58,True
SWA2144,Departure,2026-09-29T18:35:00+00:00,2026-09-29T11:09:42+00:00,2026-09-29T17:34:06+00:00,1.01,True
SWA2999,Departure,2026-09-29T18:35:00+00:00,2026-09-29T11:09:42+00:00,2026-09-29T17:34:06+00:00,1.01,True
SWA3813,Departure,2026-09-29T18:40:00+00:00,2026-09-29T11:09:42+00:00,2026-09-29T17:34:06+00:00,1.1,True
SWA2420,Departure,2026-09-29T18:55:00+00:00,2026-09-29T11:09:42+00:00,2026-09-29T17:34:06+00:00,1.35,True
SWA3894,Departure,2026-09-29T19:15:00+00:00,2026-09-29T11:09:42+00:00,2026-09-29T17:34:06+00:00,1.68,True
SWA1535,Departure,2026-09-29T19:45:00+00:00,2026-09-29T11:09:42+00:00,2026-09-29T17:34:06+00:00,2.18,True
SWA3806,Departure,2026-09-29T19:45:00+00:00,2026-09-29T11:09:42+00:00,2026-09-29T17:34:06+00:00,2.18,True
SWA1370,Departure,2026-09-29T20:05:00+00:00,2026-09-29T11:09:42+00:00,2026-09-29T17:34:06+00:00,2.51,True
UAL652,Departure,2026-09-29T20:12:00+00:00,2026-09-29T11:09:42+00:00,2026-09-29T17:34:06+00:00,2.63,True
SWA1965,Departure,2026-09-29T20:30:00+00:00,2026-09-29T11:09:42+00:00,2026-09-29T17:34:06+00:00,2.93,True
LXJ441,Departure,2026-09-29T21:02:00+00:00,2026-09-29T17:34:06+00:00,2026-09-29T17:34:06+00:00,3.46,False
EJA605,Departure,2026-09-29T21:15:00+00:00,2026-09-29T17:34:06+00:00,2026-09-29T17:34:06+00:00,3.68,False
RV19,Departure,2026-09-30T00:00:00+00:00,2026-09-29T17:34:06+00:00,2026-09-29T17:34:06+00:00,6.43,False
AAL9930,Arrival,2026-09-29T18:22:00+00:00,2026-09-29T17:34:06+00:00,2026-09-29T17:34:06+00:00,0.8,False
ACA8889,Arrival,2026-09-29T18:48:00+00:00,2026-09-29T11:09:42+00:00,2026-09-29T17:34:06+00:00,1.23,True
UAL2042,Arrival,2026-09-29T19:06:00+00:00,2026-09-29T11:09:42+00:00,2026-09-29T17:34:06+00:00,1.53,True
UAL5696,Arrival,2026-09-29T19:12:00+00:00,2026-09-29T11:09:42+00:00,2026-09-29T17:34:06+00:00,1.63,True
AAL1363,Arrival,2026-09-29T19:22:00+00:00,2026-09-29T11:09:42+00:00,2026-09-29T17:34:06+00:00,1.8,True
DAL3811,Arrival,2026-09-29T19:36:00+00:00,2026-09-29T11:09:42+00:00,2026-09-29T17:34:06+00:00,2.03,True
FDY444,Arrival,2026-09-29T19:46:00+00:00,2026-09-29T11:09:42+00:00,2026-09-29T17:34:06+00:00,2.2,True
DAL4905,Arrival,2026-09-29T20:31:00+00:00,2026-09-29T11:09:42+00:00,2026-09-29T17:34:06+00:00,2.95,True
AAL4449,Arrival,2026-09-29T20:37:00+00:00,2026-09-29T11:09:42+00:00,2026-09-29T17:34:06+00:00,3.05,True
SCX3097,Arrival,2026-09-29T20:40:00+00:00,2026-09-29T17:34:06+00:00,2026-09-29T17:34:06+00:00,3.1,False
SWA3807,Arrival,2026-09-29T20:41:00+00:00,2026-09-29T11:09:42+00:00,2026-09-29T17:34:06+00:00,3.11,True
UAL3717,Arrival,2026-09-29T20:55:00+00:00,2026-09-29T11:09:42+00:00,2026-09-29T17:34:06+00:00,3.35,True
SWA1522,Arrival,2026-09-29T21:04:00+00:00,2026-09-29T11:09:42+00:00,2026-09-29T17:34:06+00:00,3.5,True
AAL3954,Arrival,2026-09-29T21:07:00+00:00,2026-09-29T11:09:42+00:00,2026-09-29T17:34:06+00:00,3.55,True
SWA986,Arrival,2026-09-29T21:19:00+00:00,2026-09-29T11:09:42+00:00,2026-09-29T17:34:06+00:00,3.75,True
SWA1149,Arrival,2026-09-29T21:44:00+00:00,2026-09-29T11:09:42+00:00,2026-09-29T17:34:06+00:00,4.16,True
SWA4432,Arrival,2026-09-29T22:21:00+00:00,2026-09-29T11:09:42+00:00,2026-09-29T17:34:06+00:00,4.78,True
LXJ397,Arrival,2026-09-29T22:22:00+00:00,2026-09-29T17:34:06+00:00,2026-09-29T17:34:06+00:00,4.8,False
SWA556,Arrival,2026-09-29T22:44:00+00:00,2026-09-29T12:46:54+00:00,2026-09-29T17:34:06+00:00,5.16,True
SWA3471,Arrival,2026-09-29T22:50:00+00:00,2026-09-29T12:46:54+00:00,2026-09-29T17:34:06+00:00,5.26,True
SWA776,Arrival,2026-09-30T00:38:00+00:00,2026-09-29T12:46:54+00:00,2026-09-29T17:34:06+00:00,7.06,True
AAL1445,Arrival,2026-09-30T04:43:00+00:00,2026-09-29T17:34:06+00:00,2026-09-29T17:34:06+00:00,11.15,False
WU665,Departure,2026-09-29T19:18:00+00:00,2026-09-29T19:28:17+00:00,2026-09-29T19:28:17+00:00,-0.17,False
DAL2455,Departure,2026-09-29T19:20:00+00:00,2026-09-29T11:09:42+00:00,2026-09-29T19:28:17+00:00,-0.14,True
DAL566,Departure,2026-09-29T19:30:00+00:00,2026-09-29T11:09:42+00:00,2026-09-29T19:28:17+00:00,0.03,True
ACA8890,Departure,2026-09-29T19:40:00+00:00,2026-09-29T11:09:42+00:00,2026-09-29T19:28:17+00:00,0.2,True
DAL1371,Departure,2026-09-29T19:46:00+00:00,2026-09-29T11:09:42+00:00,2026-09-29T19:28:17+00:00,0.3,True
SWA3401,Departure,2026-09-29T19:50:00+00:00,2026-09-29T11:09:42+00:00,2026-09-29T19:28:17+00:00,0.36,True
ASA388,Departure,2026-09-29T20:19:00+00:00,2026-09-29T11:09:42+00:00,2026-09-29T19:28:17+00:00,0.85,True
FDY457,Departure,2026-09-29T20:33:00+00:00,2026-09-29T11:09:42+00:00,2026-09-29T19:28:17+00:00,1.08,True
AAL1363,Departure,2026-09-29T20:34:00+00:00,2026-09-29T11:09:42+00:00,2026-09-29T19:28:17+00:00,1.1,True
SWA3864,Departure,2026-09-29T20:45:00+00:00,2026-09-29T11:09:42+00:00,2026-09-29T19:28:17+00:00,1.28,True
SWA591,Departure,2026-09-29T20:50:00+00:00,2026-09-29T11:09:42+00:00,2026-09-29T19:28:17+00:00,1.36,True
SWA579,Departure,2026-09-29T21:24:00+00:00,2026-09-29T11:09:42+00:00,2026-09-29T19:28:17+00:00,1.93,True
SWA1254,Departure,2026-09-29T21:43:00+00:00,2026-09-29T11:09:42+00:00,2026-09-29T19:28:17+00:00,2.25,True
AAL4645,Departure,2026-09-29T22:18:00+00:00,2026-09-29T11:09:42+00:00,2026-09-29T19:28:17+00:00,2.83,True
LXJ397,Departure,2026-09-30T00:09:00+00:00,2026-09-29T19:28:17+00:00,2026-09-29T19:28:17+00:00,4.68,False
SWA591,Arrival,2026-09-29T20:04:00+00:00,2026-09-29T11:09:42+00:00,2026-09-29T19:28:17+00:00,0.6,True
DAL543,Arrival,2026-09-29T20:31:00+00:00,2026-09-29T11:09:42+00:00,2026-09-29T19:28:17+00:00,1.05,True
AAL3944,Arrival,2026-09-29T21:15:00+00:00,2026-09-29T11:09:42+00:00,2026-09-29T19:28:17+00:00,1.78,True
AAL3066,Arrival,2026-09-29T21:19:00+00:00,2026-09-29T11:09:42+00:00,2026-09-29T19:28:17+00:00,1.85,True
DAL1224,Arrival,2026-09-29T21:21:00+00:00,2026-09-29T11:09:42+00:00,2026-09-29T19:28:17+00:00,1.88,True
UAL1639,Arrival,2026-09-29T21:32:00+00:00,2026-09-29T11:09:42+00:00,2026-09-29T19:28:17+00:00,2.06,True
AAL4727,Arrival,2026-09-29T21:39:00+00:00,2026-09-29T11:09:42+00:00,2026-09-29T19:28:17+00:00,2.18,True
AAL4645,Arrival,2026-09-29T21:39:00+00:00,2026-09-29T11:09:42+00:00,2026-09-29T19:28:17+00:00,2.18,True
SWA1310,Arrival,2026-09-29T21:39:00+00:00,2026-09-29T11:09:42+00:00,2026-09-29T19:28:17+00:00,2.18,True
UAL4416,Arrival,2026-09-29T21:55:00+00:00,2026-09-29T11:09:42+00:00,2026-09-29T19:28:17+00:00,2.45,True
SWA3144,Arrival,2026-09-29T22:18:00+00:00,2026-09-29T11:09:42+00:00,2026-09-29T19:28:17+00:00,2.83,True
SWA2538,Arrival,2026-09-29T22:21:00+00:00,2026-09-29T12:46:54+00:00,2026-09-29T19:28:17+00:00,2.88,True
SWA2168,Arrival,2026-09-29T22:26:00+00:00,2026-09-29T12:46:54+00:00,2026-09-29T19:28:17+00:00,2.96,True
SWA2891,Arrival,2026-09-29T22:28:00+00:00,2026-09-29T12:46:54+00:00,2026-09-29T19:28:17+00:00,3.0,True
SWA3755,Arrival,2026-09-29T22:32:00+00:00,2026-09-29T12:46:54+00:00,2026-09-29T19:28:17+00:00,3.06,True
LXJ353,Arrival,2026-09-29T22:33:00+00:00,2026-09-29T19:28:17+00:00,2026-09-29T19:28:17+00:00,3.08,False
SWA3509,Arrival,2026-09-29T22:35:00+00:00,2026-09-29T11:09:42+00:00,2026-09-29T19:28:17+00:00,3.11,True
SWA3564,Arrival,2026-09-29T22:37:00+00:00,2026-09-29T11:09:42+00:00,2026-09-29T19:28:17+00:00,3.15,True
SWA126,Arrival,2026-09-29T22:49:00+00:00,2026-09-29T12:46:54+00:00,2026-09-29T19:28:17+00:00,3.35,True
SWA1772,Arrival,2026-09-29T22:49:00+00:00,2026-09-29T12:46:54+00:00,2026-09-29T19:28:17+00:00,3.35,True
SWA2022,Arrival,2026-09-29T22:49:00+00:00,2026-09-29T12:46:54+00:00,2026-09-29T19:28:17+00:00,3.35,True
ASA672,Arrival,2026-09-29T23:25:00+00:00,2026-09-29T12:46:54+00:00,2026-09-29T19:28:17+00:00,3.95,True
SWA3282,Arrival,2026-09-29T23:26:00+00:00,2026-09-29T12:46:54+00:00,2026-09-29T19:28:17+00:00,3.96,True
UAL1905,Arrival,2026-09-29T23:37:00+00:00,2026-09-29T12:46:54+00:00,2026-09-29T19:28:17+00:00,4.15,True
SWA183,Arrival,2026-09-30T00:11:00+00:00,2026-09-29T14:25:13+00:00,2026-09-29T19:28:17+00:00,4.71,True
DAL2666,Arrival,2026-09-30T05:44:00+00:00,2026-09-29T19:28:17+00:00,2026-09-29T19:28:17+00:00,10.26,False
DAL3811,Departure,2026-09-29T20:52:00+00:00,2026-09-29T11:09:42+00:00,2026-09-29T21:00:22+00:00,-0.14,True
SWA985,Departure,2026-09-29T21:05:00+00:00,2026-09-29T11:09:42+00:00,2026-09-29T21:00:22+00:00,0.08,True
AAL4449,Departure,2026-09-29T21:28:00+00:00,2026-09-29T11:09:42+00:00,2026-09-29T21:00:22+00:00,0.46,True
SWA1007,Departure,2026-09-29T21:34:00+00:00,2026-09-29T11:09:42+00:00,2026-09-29T21:00:22+00:00,0.56,True
SWA4586,Departure,2026-09-29T21:45:00+00:00,2026-09-29T11:09:42+00:00,2026-09-29T21:00:22+00:00,0.74,True
UAL3710,Departure,2026-09-29T21:50:00+00:00,2026-09-29T11:09:42+00:00,2026-09-29T21:00:22+00:00,0.83,True
SWA3807,Departure,2026-09-29T21:51:00+00:00,2026-09-29T11:09:42+00:00,2026-09-29T21:00:22+00:00,0.84,True
DAL543,Departure,2026-09-29T21:59:00+00:00,2026-09-29T11:09:42+00:00,2026-09-29T21:00:22+00:00,0.98,True
SWA1587,Departure,2026-09-29T22:00:00+00:00,2026-09-29T11:09:42+00:00,2026-09-29T21:00:22+00:00,0.99,True
AAL3739,Departure,2026-09-29T22:00:00+00:00,2026-09-29T11:09:42+00:00,2026-09-29T21:00:22+00:00,0.99,True
AAL2286,Departure,2026-09-29T22:13:00+00:00,2026-09-29T11:09:42+00:00,2026-09-29T21:00:22+00:00,1.21,True
DAL4905,Departure,2026-09-29T22:30:00+00:00,2026-09-29T11:09:42+00:00,2026-09-29T21:00:22+00:00,1.49,True
SCX3008,Departure,2026-09-29T23:36:00+00:00,2026-09-29T21:00:22+00:00,2026-09-29T21:00:22+00:00,2.59,False
DAL2822,Arrival,2026-09-29T21:45:00+00:00,2026-09-29T11:09:42+00:00,2026-09-29T21:00:22+00:00,0.74,True
DAL1393,Arrival,2026-09-29T22:14:00+00:00,2026-09-29T12:46:54+00:00,2026-09-29T21:00:22+00:00,1.23,True
SWA2908,Arrival,2026-09-29T22:32:00+00:00,2026-09-29T12:46:54+00:00,2026-09-29T21:00:22+00:00,1.53,True
AAL2761,Arrival,2026-09-29T22:42:00+00:00,2026-09-29T12:46:54+00:00,2026-09-29T21:00:22+00:00,1.69,True
SWA1375,Arrival,2026-09-29T22:49:00+00:00,2026-09-29T12:46:54+00:00,2026-09-29T21:00:22+00:00,1.81,True
SWA999,Arrival,2026-09-30T00:12:00+00:00,2026-09-29T14:25:13+00:00,2026-09-29T21:00:22+00:00,3.19,True
UAL4527,Arrival,2026-09-30T00:15:00+00:00,2026-09-29T12:46:54+00:00,2026-09-29T21:00:22+00:00,3.24,True
SWA3051,Arrival,2026-09-30T00:46:00+00:00,2026-09-29T14:25:13+00:00,2026-09-29T21:00:22+00:00,3.76,True
SWA3393,Arrival,2026-09-30T00:48:00+00:00,2026-09-29T14:25:13+00:00,2026-09-29T21:00:22+00:00,3.79,True
SWA1740,Arrival,2026-09-30T00:50:00+00:00,2026-09-29T14:25:13+00:00,2026-09-29T21:00:22+00:00,3.83,True
UAL541,Departure,2026-09-29T22:36:00+00:00,2026-09-29T11:09:42+00:00,2026-09-29T22:47:53+00:00,-0.2,True
DAL1224,Departure,2026-09-29T22:37:00+00:00,2026-09-29T12:46:54+00:00,2026-09-29T22:47:53+00:00,-0.18,True
DAL2822,Departure,2026-09-29T22:59:00+00:00,2026-09-29T12:46:54+00:00,2026-09-29T22:47:53+00:00,0.19,True
AAL4727,Departure,2026-09-29T23:00:00+00:00,2026-09-29T12:46:54+00:00,2026-09-29T22:47:53+00:00,0.2,True
ASA1318,Departure,2026-09-29T23:08:00+00:00,2026-09-29T12:46:54+00:00,2026-09-29T22:47:53+00:00,0.34,True
SWA3831,Departure,2026-09-29T23:30:00+00:00,2026-09-29T12:46:54+00:00,2026-09-29T22:47:53+00:00,0.7,True
SWA3895,Departure,2026-09-29T23:40:00+00:00,2026-09-29T12:46:54+00:00,2026-09-29T22:47:53+00:00,0.87,True
SWA3940,Departure,2026-09-29T23:40:00+00:00,2026-09-29T12:46:54+00:00,2026-09-29T22:47:53+00:00,0.87,True
SWA1160,Departure,2026-09-29T23:40:00+00:00,2026-09-29T12:46:54+00:00,2026-09-29T22:47:53+00:00,0.87,True
SWA4074,Departure,2026-09-29T23:40:00+00:00,2026-09-29T12:46:54+00:00,2026-09-29T22:47:53+00:00,0.87,True
SWA3800,Departure,2026-09-29T23:40:00+00:00,2026-09-29T12:46:54+00:00,2026-09-29T22:47:53+00:00,0.87,True
SWA3703,Departure,2026-09-29T23:45:00+00:00,2026-09-29T12:46:54+00:00,2026-09-29T22:47:53+00:00,0.95,True
DAL1393,Departure,2026-09-29T23:45:00+00:00,2026-09-29T12:46:54+00:00,2026-09-29T22:47:53+00:00,0.95,True
SWA4165,Departure,2026-09-29T23:50:00+00:00,2026-09-29T12:46:54+00:00,2026-09-29T22:47:53+00:00,1.04,True
DAL1492,Departure,2026-09-29T23:55:00+00:00,2026-09-29T12:46:54+00:00,2026-09-29T22:47:53+00:00,1.12,True
UAL4616,Departure,2026-09-30T00:01:00+00:00,2026-09-29T12:46:54+00:00,2026-09-29T22:47:53+00:00,1.22,True
SWA1493,Departure,2026-09-30T00:10:00+00:00,2026-09-29T12:46:54+00:00,2026-09-29T22:47:53+00:00,1.37,True
SWA1145,Departure,2026-09-30T00:20:00+00:00,2026-09-29T14:25:13+00:00,2026-09-29T22:47:53+00:00,1.54,True
SWA1589,Departure,2026-09-30T00:25:00+00:00,2026-09-29T14:25:13+00:00,2026-09-29T22:47:53+00:00,1.62,True
ACA8687,Arrival,2026-09-29T23:41:00+00:00,2026-09-29T12:46:54+00:00,2026-09-29T22:47:53+00:00,0.89,True
AAL2487,Arrival,2026-09-29T23:50:00+00:00,2026-09-29T12:46:54+00:00,2026-09-29T22:47:53+00:00,1.04,True
SWA2218,Arrival,2026-09-30T00:32:00+00:00,2026-09-29T14:25:13+00:00,2026-09-29T22:47:53+00:00,1.74,True
DAL2833,Arrival,2026-09-30T00:33:00+00:00,2026-09-29T14:25:13+00:00,2026-09-29T22:47:53+00:00,1.75,True
UAL4412,Arrival,2026-09-30T00:35:00+00:00,2026-09-29T14:25:13+00:00,2026-09-29T22:47:53+00:00,1.79,True
SWA1485,Arrival,2026-09-30T00:36:00+00:00,2026-09-29T14:25:13+00:00,2026-09-29T22:47:53+00:00,1.8,True
SWA3312,Arrival,2026-09-30T00:38:00+00:00,2026-09-29T14:25:13+00:00,2026-09-29T22:47:53+00:00,1.84,True
ACA8891,Arrival,2026-09-30T00:41:00+00:00,2026-09-29T14:25:13+00:00,2026-09-29T22:47:53+00:00,1.89,True
SWA1656,Arrival,2026-09-30T00:46:00+00:00,2026-09-29T14:25:13+00:00,2026-09-29T22:47:53+00:00,1.97,True
SWA2905,Arrival,2026-09-30T00:54:00+00:00,2026-09-29T14:25:13+00:00,2026-09-29T22:47:53+00:00,2.1,True
SWA4142,Arrival,2026-09-30T00:54:00+00:00,2026-09-29T14:25:13+00:00,2026-09-29T22:47:53+00:00,2.1,True
SWA2697,Arrival,2026-09-30T00:58:00+00:00,2026-09-29T14:25:13+00:00,2026-09-29T22:47:53+00:00,2.17,True
DAL4926,Arrival,2026-09-30T01:01:00+00:00,2026-09-29T14:25:13+00:00,2026-09-29T22:47:53+00:00,2.22,True
UAL4479,Arrival,2026-09-30T01:10:00+00:00,2026-09-29T14:25:13+00:00,2026-09-29T22:47:53+00:00,2.37,True
SWA3428,Arrival,2026-09-30T01:13:00+00:00,2026-09-29T14:25:13+00:00,2026-09-29T22:47:53+00:00,2.42,True
UAL1422,Arrival,2026-09-30T01:30:00+00:00,2026-09-29T14:25:13+00:00,2026-09-29T22:47:53+00:00,2.7,True
SWA1400,Arrival,2026-09-30T01:39:00+00:00,2026-09-29T14:25:13+00:00,2026-09-29T22:47:53+00:00,2.85,True
SWA4749,Arrival,2026-09-30T01:42:00+00:00,2026-09-29T15:59:37+00:00,2026-09-29T22:47:53+00:00,2.9,True
AAL890,Arrival,2026-09-30T01:43:00+00:00,2026-09-29T14:25:13+00:00,2026-09-29T22:47:53+00:00,2.92,True
SWA4166,Arrival,2026-09-30T01:44:00+00:00,2026-09-29T14:25:13+00:00,2026-09-29T22:47:53+00:00,2.94,True
AAL4728,Arrival,2026-09-30T02:08:00+00:00,2026-09-29T15:59:37+00:00,2026-09-29T22:47:53+00:00,3.34,True
SWA237,Arrival,2026-09-30T02:09:00+00:00,2026-09-29T15:59:37+00:00,2026-09-29T22:47:53+00:00,3.35,True
KI437,Arrival,2026-09-30T02:26:00+00:00,2026-09-29T22:47:53+00:00,2026-09-29T22:47:53+00:00,3.64,False
AAL798,Arrival,2026-09-30T02:36:00+00:00,2026-09-29T15:59:37+00:00,2026-09-29T22:47:53+00:00,3.8,True
AAL1594,Arrival,2026-09-30T02:40:00+00:00,2026-09-29T15:59:37+00:00,2026-09-29T22:47:53+00:00,3.87,True
SWA1559,Arrival,2026-09-30T03:46:00+00:00,2026-09-29T17:34:06+00:00,2026-09-29T22:47:53+00:00,4.97,True
SWA2151,Departure,2026-09-30T00:55:00+00:00,2026-09-29T14:25:13+00:00,2026-09-30T00:42:01+00:00,0.22,True
SWA3843,Departure,2026-09-30T01:45:00+00:00,2026-09-29T14:25:13+00:00,2026-09-30T00:42:01+00:00,1.05,True
SWA3955,Departure,2026-09-30T01:45:00+00:00,2026-09-29T14:25:13+00:00,2026-09-30T00:42:01+00:00,1.05,True
SWA3865,Departure,2026-09-30T01:45:00+00:00,2026-09-29T14:25:13+00:00,2026-09-30T00:42:01+00:00,1.05,True
SWA3878,Departure,2026-09-30T01:45:00+00:00,2026-09-29T14:25:13+00:00,2026-09-30T00:42:01+00:00,1.05,True
SWA3821,Departure,2026-09-30T01:45:00+00:00,2026-09-29T14:25:13+00:00,2026-09-30T00:42:01+00:00,1.05,True
SWA2087,Departure,2026-09-30T01:50:00+00:00,2026-09-29T14:25:13+00:00,2026-09-30T00:42:01+00:00,1.13,True
SWA3832,Departure,2026-09-30T01:50:00+00:00,2026-09-29T14:25:13+00:00,2026-09-30T00:42:01+00:00,1.13,True
SWA3202,Departure,2026-09-30T01:55:00+00:00,2026-09-29T15:59:37+00:00,2026-09-30T00:42:01+00:00,1.22,True
SWA4166,Departure,2026-09-30T01:57:00+00:00,2026-09-29T14:25:13+00:00,2026-09-30T00:42:01+00:00,1.25,True
SWA3850,Departure,2026-09-30T02:00:00+00:00,2026-09-29T15:59:37+00:00,2026-09-30T00:42:01+00:00,1.3,True
SCX3007,Departure,2026-09-30T02:00:00+00:00,2026-09-30T00:42:01+00:00,2026-09-30T00:42:01+00:00,1.3,False
BAW220,Departure,2026-09-30T02:35:00+00:00,2026-09-29T15:59:37+00:00,2026-09-30T00:42:01+00:00,1.88,True
UPS635,Departure,2026-09-30T03:03:00+00:00,2026-09-30T00:42:01+00:00,2026-09-30T00:42:01+00:00,2.35,False
UPS633,Departure,2026-09-30T03:32:00+00:00,2026-09-30T00:42:01+00:00,2026-09-30T00:42:01+00:00,2.83,False
FDX1309,Departure,2026-09-30T03:33:00+00:00,2026-09-30T00:42:01+00:00,2026-09-30T00:42:01+00:00,2.85,False
UAL4423,Departure,2026-09-30T11:00:00+00:00,2026-09-30T00:42:01+00:00,2026-09-30T00:42:01+00:00,10.3,False
LXJ353,Departure,2026-09-30T12:11:00+00:00,2026-09-30T00:42:01+00:00,2026-09-30T00:42:01+00:00,11.48,False
BAW221,Arrival,2026-09-30T00:31:00+00:00,2026-09-29T14:25:13+00:00,2026-09-30T00:42:01+00:00,-0.18,True
WU684,Arrival,2026-09-30T00:38:00+00:00,2026-09-30T00:42:01+00:00,2026-09-30T00:42:01+00:00,-0.07,False
DAL1541,Arrival,2026-09-30T01:21:00+00:00,2026-09-29T14:25:13+00:00,2026-09-30T00:42:01+00:00,0.65,True
AAL2444,Arrival,2026-09-30T01:37:00+00:00,2026-09-29T14:25:13+00:00,2026-09-30T00:42:01+00:00,0.92,True
AAL4680,Arrival,2026-09-30T02:15:00+00:00,2026-09-29T15:59:37+00:00,2026-09-30T00:42:01+00:00,1.55,True
UAL1625,Arrival,2026-09-30T02:16:00+00:00,2026-09-29T15:59:37+00:00,2026-09-30T00:42:01+00:00,1.57,True
UAL2040,Arrival,2026-09-30T02:38:00+00:00,2026-09-29T15:59:37+00:00,2026-09-30T00:42:01+00:00,1.93,True
SWA4254,Arrival,2026-09-30T02:39:00+00:00,2026-09-29T15:59:37+00:00,2026-09-30T00:42:01+00:00,1.95,True
SWA416,Arrival,2026-09-30T03:09:00+00:00,2026-09-29T15:59:37+00:00,2026-09-30T00:42:01+00:00,2.45,True
UAL1528,Arrival,2026-09-30T03:24:00+00:00,2026-09-29T15:59:37+00:00,2026-09-30T00:42:01+00:00,2.7,True
AAL459,Arrival,2026-09-30T03:33:00+00:00,2026-09-29T17:34:06+00:00,2026-09-30T00:42:01+00:00,2.85,True
SWA1574,Arrival,2026-09-30T03:34:00+00:00,2026-09-29T17:34:06+00:00,2026-09-30T00:42:01+00:00,2.87,True
AAL5000,Arrival,2026-09-30T04:21:00+00:00,2026-09-29T17:34:06+00:00,2026-09-30T00:42:01+00:00,3.65,True
SWA830,Arrival,2026-09-30T12:00:00+00:00,2026-09-30T00:42:01+00:00,2026-09-30T00:42:01+00:00,11.3,False
SWA3803,Departure,2026-09-30T02:21:00+00:00,2026-09-29T14:25:13+00:00,2026-09-30T02:32:47+00:00,-0.2,True
KI437,Departure,2026-09-30T03:10:00+00:00,2026-09-30T02:32:47+00:00,2026-09-30T02:32:47+00:00,0.62,False
FDX1608,Departure,2026-09-30T04:05:00+00:00,2026-09-30T02:32:47+00:00,2026-09-30T02:32:47+00:00,1.54,False
JTL25,Departure,2026-09-30T13:00:00+00:00,2026-09-30T02:32:47+00:00,2026-09-30T02:32:47+00:00,10.45,False
WU684,Departure,2026-09-30T13:15:00+00:00,2026-09-30T02:32:47+00:00,2026-09-30T02:32:47+00:00,10.7,False
UAL2459,Departure,2026-09-30T14:00:00+00:00,2026-09-30T02:32:47+00:00,2026-09-30T02:32:47+00:00,11.45,False
DAL1609,Arrival,2026-09-30T03:52:00+00:00,2026-09-29T17:34:06+00:00,2026-09-30T02:32:47+00:00,1.32,True
DAL1403,Arrival,2026-09-30T04:16:00+00:00,2026-09-29T17:34:06+00:00,2026-09-30T02:32:47+00:00,1.72,True
UAL4733,Arrival,2026-09-30T04:38:00+00:00,2026-09-29T17:34:06+00:00,2026-09-30T02:32:47+00:00,2.09,True
SCX3012,Arrival,2026-09-30T05:44:00+00:00,2026-09-30T02:32:47+00:00,2026-09-30T02:32:47+00:00,3.19,False
SCX3096,Arrival,2026-09-30T07:54:00+00:00,2026-09-30T02:32:47+00:00,2026-09-30T02:32:47+00:00,5.35,False
SCX3027,Departure,2026-09-30T11:02:00+00:00,2026-09-30T11:15:44+00:00,2026-09-30T11:15:44+00:00,-0.23,False
DAL1597,Departure,2026-09-30T11:15:00+00:00,2026-09-30T00:42:01+00:00,2026-09-30T11:15:44+00:00,-0.01,True
UAL1371,Departure,2026-09-30T11:15:00+00:00,2026-09-30T00:42:01+00:00,2026-09-30T11:15:44+00:00,-0.01,True
SWA3857,Departure,2026-09-30T11:25:00+00:00,2026-09-30T00:42:01+00:00,2026-09-30T11:15:44+00:00,0.15,True
ASA473,Departure,2026-09-30T11:29:00+00:00,2026-09-30T00:42:01+00:00,2026-09-30T11:15:44+00:00,0.22,True
AAL6480,Departure,2026-09-30T11:30:00+00:00,2026-09-30T00:42:01+00:00,2026-09-30T11:15:44+00:00,0.24,True
AAL1308,Departure,2026-09-30T11:30:00+00:00,2026-09-30T00:42:01+00:00,2026-09-30T11:15:44+00:00,0.24,True
SWA3861,Departure,2026-09-30T11:30:00+00:00,2026-09-30T00:42:01+00:00,2026-09-30T11:15:44+00:00,0.24,True
DAL1626,Departure,2026-09-30T11:40:00+00:00,2026-09-30T00:42:01+00:00,2026-09-30T11:15:44+00:00,0.4,True
AAL1515,Departure,2026-09-30T11:53:00+00:00,2026-09-30T00:42:01+00:00,2026-09-30T11:15:44+00:00,0.62,True
SWA3826,Departure,2026-09-30T12:00:00+00:00,2026-09-30T00:42:01+00:00,2026-09-30T11:15:44+00:00,0.74,True
AAL537,Departure,2026-09-30T12:00:00+00:00,2026-09-30T00:42:01+00:00,2026-09-30T11:15:44+00:00,0.74,True
SWA4583,Departure,2026-09-30T12:05:00+00:00,2026-09-30T00:42:01+00:00,2026-09-30T11:15:44+00:00,0.82,True
SWA3804,Departure,2026-09-30T12:15:00+00:00,2026-09-30T02:32:47+00:00,2026-09-30T11:15:44+00:00,0.99,True
AAL1997,Departure,2026-09-30T12:21:00+00:00,2026-09-30T02:32:47+00:00,2026-09-30T11:15:44+00:00,1.09,True
SWA830,Departure,2026-09-30T12:35:00+00:00,2026-09-30T02:32:47+00:00,2026-09-30T11:15:44+00:00,1.32,True
SWA3812,Departure,2026-09-30T13:00:00+00:00,2026-09-30T02:32:47+00:00,2026-09-30T11:15:44+00:00,1.74,True
KI524,Departure,2026-09-30T13:18:00+00:00,2026-09-30T11:15:44+00:00,2026-09-30T11:15:44+00:00,2.04,False
SWA4157,Departure,2026-09-30T13:25:00+00:00,2026-09-30T02:32:47+00:00,2026-09-30T11:15:44+00:00,2.15,True
SWA3261,Departure,2026-09-30T13:25:00+00:00,2026-09-30T02:32:47+00:00,2026-09-30T11:15:44+00:00,2.15,True
SWA1930,Departure,2026-09-30T13:25:00+00:00,2026-09-30T02:32:47+00:00,2026-09-30T11:15:44+00:00,2.15,True
SWA383,Departure,2026-09-30T13:30:00+00:00,2026-09-30T02:32:47+00:00,2026-09-30T11:15:44+00:00,2.24,True
LKF1,Departure,2026-09-30T15:45:00+00:00,2026-09-30T11:15:44+00:00,2026-09-30T11:15:44+00:00,4.49,False
CNS28,Departure,2026-09-30T16:30:00+00:00,2026-09-30T11:15:44+00:00,2026-09-30T11:15:44+00:00,5.24,False
FDY457,Departure,2026-09-30T19:10:00+00:00,2026-09-30T11:15:44+00:00,2026-09-30T11:15:44+00:00,7.9,False
DLH449,Departure,2026-09-30T20:30:00+00:00,2026-09-30T11:15:44+00:00,2026-09-30T11:15:44+00:00,9.24,False
AAL3739,Departure,2026-09-30T22:00:00+00:00,2026-09-30T11:15:44+00:00,2026-09-30T11:15:44+00:00,10.74,False
KI524,Arrival,2026-09-30T12:00:00+00:00,2026-09-30T11:15:44+00:00,2026-09-30T11:15:44+00:00,0.74,False
SWA753,Arrival,2026-09-30T12:00:00+00:00,2026-09-30T02:32:47+00:00,2026-09-30T11:15:44+00:00,0.74,True
SWA1482,Arrival,2026-09-30T12:06:00+00:00,2026-09-30T02:32:47+00:00,2026-09-30T11:15:44+00:00,0.84,True
SWA3357,Arrival,2026-09-30T12:07:00+00:00,2026-09-30T00:42:01+00:00,2026-09-30T11:15:44+00:00,0.85,True
SWA3013,Arrival,2026-09-30T12:11:00+00:00,2026-09-30T02:32:47+00:00,2026-09-30T11:15:44+00:00,0.92,True
SWA2656,Arrival,2026-09-30T12:13:00+00:00,2026-09-30T02:32:47+00:00,2026-09-30T11:15:44+00:00,0.95,True
SWA4203,Arrival,2026-09-30T12:19:00+00:00,2026-09-30T00:42:01+00:00,2026-09-30T11:15:44+00:00,1.05,True
SWA244,Arrival,2026-09-30T12:20:00+00:00,2026-09-30T02:32:47+00:00,2026-09-30T11:15:44+00:00,1.07,True
SWA1096,Arrival,2026-09-30T12:31:00+00:00,2026-09-30T02:32:47+00:00,2026-09-30T11:15:44+00:00,1.25,True
SWA2514,Arrival,2026-09-30T12:33:00+00:00,2026-09-30T02:32:47+00:00,2026-09-30T11:15:44+00:00,1.29,True
SWA1646,Arrival,2026-09-30T12:34:00+00:00,2026-09-30T02:32:47+00:00,2026-09-30T11:15:44+00:00,1.3,True
SWA3958,Arrival,2026-09-30T12:34:00+00:00,2026-09-30T02:32:47+00:00,2026-09-30T11:15:44+00:00,1.3,True
SWA1147,Arrival,2026-09-30T12:44:00+00:00,2026-09-30T02:32:47+00:00,2026-09-30T11:15:44+00:00,1.47,True
SWA478,Arrival,2026-09-30T12:44:00+00:00,2026-09-30T02:32:47+00:00,2026-09-30T11:15:44+00:00,1.47,True
AAL3546,Arrival,2026-09-30T12:59:00+00:00,2026-09-30T02:32:47+00:00,2026-09-30T11:15:44+00:00,1.72,True
DAL4939,Arrival,2026-09-30T13:01:00+00:00,2026-09-30T02:32:47+00:00,2026-09-30T11:15:44+00:00,1.75,True
DAL5286,Arrival,2026-09-30T13:04:00+00:00,2026-09-30T02:32:47+00:00,2026-09-30T11:15:44+00:00,1.8,True
AAL4340,Arrival,2026-09-30T13:37:00+00:00,2026-09-30T02:32:47+00:00,2026-09-30T11:15:44+00:00,2.35,True
UAL3689,Arrival,2026-09-30T13:41:00+00:00,2026-09-30T02:32:47+00:00,2026-09-30T11:15:44+00:00,2.42,True
SWA4495,Arrival,2026-09-30T13:44:00+00:00,2026-09-30T02:32:47+00:00,2026-09-30T11:15:44+00:00,2.47,True
SWA2907,Arrival,2026-09-30T14:01:00+00:00,2026-09-30T11:15:44+00:00,2026-09-30T11:15:44+00:00,2.75,False
SWA391,Arrival,2026-09-30T14:04:00+00:00,2026-09-30T02:32:47+00:00,2026-09-30T11:15:44+00:00,2.8,True
SWA1430,Arrival,2026-09-30T14:09:00+00:00,2026-09-30T11:15:44+00:00,2026-09-30T11:15:44+00:00,2.89,False
SWA2890,Arrival,2026-09-30T14:13:00+00:00,2026-09-30T11:15:44+00:00,2026-09-30T11:15:44+00:00,2.95,False
SWA1373,Arrival,2026-09-30T14:19:00+00:00,2026-09-30T11:15:44+00:00,2026-09-30T11:15:44+00:00,3.05,False
SWA1694,Arrival,2026-09-30T14:29:00+00:00,2026-09-30T11:15:44+00:00,2026-09-30T11:15:44+00:00,3.22,False
SWA998,Arrival,2026-09-30T14:29:00+00:00,2026-09-30T11:15:44+00:00,2026-09-30T11:15:44+00:00,3.22,False
SWA2837,Arrival,2026-09-30T14:29:00+00:00,2026-09-30T02:32:47+00:00,2026-09-30T11:15:44+00:00,3.22,True
UAL4587,Arrival,2026-09-30T14:35:00+00:00,2026-09-30T11:15:44+00:00,2026-09-30T11:15:44+00:00,3.32,False
SWA2657,Arrival,2026-09-30T14:48:00+00:00,2026-09-30T11:15:44+00:00,2026-09-30T11:15:44+00:00,3.54,False
LKF1,Arrival,2026-09-30T14:49:00+00:00,2026-09-30T11:15:44+00:00,2026-09-30T11:15:44+00:00,3.55,False
SWA2019,Arrival,2026-09-30T14:59:00+00:00,2026-09-30T11:15:44+00:00,2026-09-30T11:15:44+00:00,3.72,False
AAL1739,Arrival,2026-09-30T15:21:00+00:00,2026-09-30T11:15:44+00:00,2026-09-30T11:15:44+00:00,4.09,False
SWA3280,Arrival,2026-09-30T15:49:00+00:00,2026-09-30T11:15:44+00:00,2026-09-30T11:15:44+00:00,4.55,False
DAL1400,Arrival,2026-09-30T15:55:00+00:00,2026-09-30T11:15:44+00:00,2026-09-30T11:15:44+00:00,4.65,False
SWA3877,Arrival,2026-09-30T16:14:00+00:00,2026-09-30T11:15:44+00:00,2026-09-30T11:15:44+00:00,4.97,False
EJA944,Arrival,2026-09-30T16:52:00+00:00,2026-09-30T11:15:44+00:00,2026-09-30T11:15:44+00:00,5.6,False
SWA4173,Arrival,2026-09-30T17:19:00+00:00,2026-09-30T11:15:44+00:00,2026-09-30T11:15:44+00:00,6.05,False
SWA2144,Arrival,2026-09-30T17:34:00+00:00,2026-09-30T11:15:44+00:00,2026-09-30T11:15:44+00:00,6.3,False
DAL1371,Arrival,2026-09-30T18:06:00+00:00,2026-09-30T11:15:44+00:00,2026-09-30T11:15:44+00:00,6.84,False
DLH448,Arrival,2026-09-30T18:25:00+00:00,2026-09-30T11:15:44+00:00,2026-09-30T11:15:44+00:00,7.15,False
DAL2455,Arrival,2026-09-30T18:30:00+00:00,2026-09-30T11:15:44+00:00,2026-09-30T11:15:44+00:00,7.24,False
AAL2660,Arrival,2026-09-30T18:36:00+00:00,2026-09-30T11:15:44+00:00,2026-09-30T11:15:44+00:00,7.34,False
ASA388,Arrival,2026-09-30T18:37:00+00:00,2026-09-30T11:15:44+00:00,2026-09-30T11:15:44+00:00,7.35,False
DAL4905,Arrival,2026-09-30T20:31:00+00:00,2026-09-30T11:15:44+00:00,2026-09-30T11:15:44+00:00,9.25,False
ASA1318,Arrival,2026-09-30T22:10:00+00:00,2026-09-30T11:15:44+00:00,2026-09-30T11:15:44+00:00,10.9,False
AAL2686,Arrival,2026-09-30T22:22:00+00:00,2026-09-30T11:15:44+00:00,2026-09-30T11:15:44+00:00,11.1,False
AAL4727,Arrival,2026-09-30T22:24:00+00:00,2026-09-30T11:15:44+00:00,2026-09-30T11:15:44+00:00,11.14,False
DAL1492,Arrival,2026-09-30T22:37:00+00:00,2026-09-30T11:15:44+00:00,2026-09-30T11:15:44+00:00,11.35,False
AAL2574,Departure,2026-09-30T13:00:00+00:00,2026-09-30T02:32:47+00:00,2026-09-30T12:43:14+00:00,0.28,True
UAL2792,Departure,2026-09-30T13:00:00+00:00,2026-09-30T02:32:47+00:00,2026-09-30T12:43:14+00:00,0.28,True
DAL2363,Departure,2026-09-30T13:00:00+00:00,2026-09-30T02:32:47+00:00,2026-09-30T12:43:14+00:00,0.28,True
UAL3375,Departure,2026-09-30T13:23:00+00:00,2026-09-30T12:43:14+00:00,2026-09-30T12:43:14+00:00,0.66,False
SWA3870,Departure,2026-09-30T13:25:00+00:00,2026-09-30T02:32:47+00:00,2026-09-30T12:43:14+00:00,0.7,True
SWA3886,Departure,2026-09-30T13:25:00+00:00,2026-09-30T02:32:47+00:00,2026-09-30T12:43:14+00:00,0.7,True
SWA4522,Departure,2026-09-30T13:25:00+00:00,2026-09-30T02:32:47+00:00,2026-09-30T12:43:14+00:00,0.7,True
SWA3399,Departure,2026-09-30T13:25:00+00:00,2026-09-30T02:32:47+00:00,2026-09-30T12:43:14+00:00,0.7,True
SWA4500,Departure,2026-09-30T13:30:00+00:00,2026-09-30T02:32:47+00:00,2026-09-30T12:43:14+00:00,0.78,True
AAL1959,Departure,2026-09-30T13:30:00+00:00,2026-09-30T02:32:47+00:00,2026-09-30T12:43:14+00:00,0.78,True
UAL4506,Departure,2026-09-30T13:30:00+00:00,2026-09-30T02:32:47+00:00,2026-09-30T12:43:14+00:00,0.78,True
SWA4584,Departure,2026-09-30T13:35:00+00:00,2026-09-30T02:32:47+00:00,2026-09-30T12:43:14+00:00,0.86,True
SWA3827,Departure,2026-09-30T13:35:00+00:00,2026-09-30T02:32:47+00:00,2026-09-30T12:43:14+00:00,0.86,True
SWA3892,Departure,2026-09-30T13:35:00+00:00,2026-09-30T02:32:47+00:00,2026-09-30T12:43:14+00:00,0.86,True
UAL4595,Departure,2026-09-30T13:35:00+00:00,2026-09-30T02:32:47+00:00,2026-09-30T12:43:14+00:00,0.86,True
SWA4498,Departure,2026-09-30T13:40:00+00:00,2026-09-30T02:32:47+00:00,2026-09-30T12:43:14+00:00,0.95,True
SWA4419,Departure,2026-09-30T13:40:00+00:00,2026-09-30T02:32:47+00:00,2026-09-30T12:43:14+00:00,0.95,True
AAL712,Departure,2026-09-30T13:43:00+00:00,2026-09-30T02:32:47+00:00,2026-09-30T12:43:14+00:00,1.0,True
AAL3546,Departure,2026-09-30T13:54:00+00:00,2026-09-30T02:32:47+00:00,2026-09-30T12:43:14+00:00,1.18,True
ACA8886,Departure,2026-09-30T13:55:00+00:00,2026-09-30T02:32:47+00:00,2026-09-30T12:43:14+00:00,1.2,True
UAL4601,Departure,2026-09-30T14:04:00+00:00,2026-09-30T11:15:44+00:00,2026-09-30T12:43:14+00:00,1.35,True
SWA3893,Departure,2026-09-30T14:35:00+00:00,2026-09-30T11:15:44+00:00,2026-09-30T12:43:14+00:00,1.86,True
DAL1571,Arrival,2026-09-30T13:37:00+00:00,2026-09-30T02:32:47+00:00,2026-09-30T12:43:14+00:00,0.9,True
SWA2536,Arrival,2026-09-30T13:57:00+00:00,2026-09-30T11:15:44+00:00,2026-09-30T12:43:14+00:00,1.23,True
DAL2868,Arrival,2026-09-30T13:59:00+00:00,2026-09-30T11:15:44+00:00,2026-09-30T12:43:14+00:00,1.26,True
AAL3333,Arrival,2026-09-30T13:59:00+00:00,2026-09-30T11:15:44+00:00,2026-09-30T12:43:14+00:00,1.26,True
SWA3070,Arrival,2026-09-30T14:07:00+00:00,2026-09-30T11:15:44+00:00,2026-09-30T12:43:14+00:00,1.4,True
AAL2497,Arrival,2026-09-30T14:35:00+00:00,2026-09-30T11:15:44+00:00,2026-09-30T12:43:14+00:00,1.86,True
SWA1097,Arrival,2026-09-30T14:41:00+00:00,2026-09-30T12:43:14+00:00,2026-09-30T12:43:14+00:00,1.96,False
UAL6214,Arrival,2026-09-30T15:04:00+00:00,2026-09-30T11:15:44+00:00,2026-09-30T12:43:14+00:00,2.35,True
AAL4436,Arrival,2026-09-30T15:06:00+00:00,2026-09-30T11:15:44+00:00,2026-09-30T12:43:14+00:00,2.38,True
AAL2818,Arrival,2026-09-30T15:10:00+00:00,2026-09-30T11:15:44+00:00,2026-09-30T12:43:14+00:00,2.45,True
LXJ274,Arrival,2026-09-30T15:34:00+00:00,2026-09-30T12:43:14+00:00,2026-09-30T12:43:14+00:00,2.85,False
SWA4699,Arrival,2026-09-30T15:49:00+00:00,2026-09-30T11:15:44+00:00,2026-09-30T12:43:14+00:00,3.1,True
FFT3108,Arrival,2026-09-30T16:15:00+00:00,2026-09-30T11:15:44+00:00,2026-09-30T12:43:14+00:00,3.53,True
UAL1044,Arrival,2026-09-30T17:07:00+00:00,2026-09-30T11:15:44+00:00,2026-09-30T12:43:14+00:00,4.4,True
EJA454,Arrival,2026-09-30T17:27:00+00:00,2026-09-30T12:43:14+00:00,2026-09-30T12:43:14+00:00,4.73,False
UAL4518,Arrival,2026-09-30T23:55:00+00:00,2026-09-30T12:43:14+00:00,2026-09-30T12:43:14+00:00,11.2,False
SWA2158,Departure,2026-09-30T14:17:00+00:00,2026-09-30T02:32:47+00:00,2026-09-30T14:22:31+00:00,-0.09,True
UAL3715,Departure,2026-09-30T14:30:00+00:00,2026-09-30T11:15:44+00:00,2026-09-30T14:22:31+00:00,0.12,True
AAL4443,Departure,2026-09-30T14:58:00+00:00,2026-09-30T11:15:44+00:00,2026-09-30T14:22:31+00:00,0.59,True
DAL5041,Departure,2026-09-30T15:00:00+00:00,2026-09-30T11:15:44+00:00,2026-09-30T14:22:31+00:00,0.62,True
DAL1571,Departure,2026-09-30T15:05:00+00:00,2026-09-30T11:15:44+00:00,2026-09-30T14:22:31+00:00,0.71,True
AAL9866,Departure,2026-09-30T15:14:00+00:00,2026-09-30T14:22:31+00:00,2026-09-30T14:22:31+00:00,0.86,False
AAL3333,Departure,2026-09-30T15:14:00+00:00,2026-09-30T11:15:44+00:00,2026-09-30T14:22:31+00:00,0.86,True
SWA4929,Departure,2026-09-30T15:15:00+00:00,2026-09-30T11:15:44+00:00,2026-09-30T14:22:31+00:00,0.87,True
SWA4981,Departure,2026-09-30T15:15:00+00:00,2026-09-30T11:15:44+00:00,2026-09-30T14:22:31+00:00,0.87,True
SWA3805,Departure,2026-09-30T15:15:00+00:00,2026-09-30T11:15:44+00:00,2026-09-30T14:22:31+00:00,0.87,True
SWA3884,Departure,2026-09-30T15:15:00+00:00,2026-09-30T11:15:44+00:00,2026-09-30T14:22:31+00:00,0.87,True
SWA3798,Departure,2026-09-30T15:15:00+00:00,2026-09-30T11:15:44+00:00,2026-09-30T14:22:31+00:00,0.87,True
SWA3071,Departure,2026-09-30T15:20:00+00:00,2026-09-30T11:15:44+00:00,2026-09-30T14:22:31+00:00,0.96,True
AAL2497,Departure,2026-09-30T15:21:00+00:00,2026-09-30T11:15:44+00:00,2026-09-30T14:22:31+00:00,0.97,True
SWA3879,Departure,2026-09-30T15:25:00+00:00,2026-09-30T11:15:44+00:00,2026-09-30T14:22:31+00:00,1.04,True
SWA1538,Departure,2026-09-30T15:25:00+00:00,2026-09-30T11:15:44+00:00,2026-09-30T14:22:31+00:00,1.04,True
UAL4517,Departure,2026-09-30T15:27:00+00:00,2026-09-30T11:15:44+00:00,2026-09-30T14:22:31+00:00,1.07,True
SWA2926,Departure,2026-09-30T15:40:00+00:00,2026-09-30T11:15:44+00:00,2026-09-30T14:22:31+00:00,1.29,True
SWA3858,Departure,2026-09-30T15:45:00+00:00,2026-09-30T11:15:44+00:00,2026-09-30T14:22:31+00:00,1.37,True
SWA3862,Departure,2026-09-30T15:45:00+00:00,2026-09-30T11:15:44+00:00,2026-09-30T14:22:31+00:00,1.37,True
SWA4508,Departure,2026-09-30T15:55:00+00:00,2026-09-30T11:15:44+00:00,2026-09-30T14:22:31+00:00,1.54,True
SWA4591,Departure,2026-09-30T16:35:00+00:00,2026-09-30T11:15:44+00:00,2026-09-30T14:22:31+00:00,2.21,True
SWA3846,Departure,2026-09-30T16:35:00+00:00,2026-09-30T11:15:44+00:00,2026-09-30T14:22:31+00:00,2.21,True
LXJ274,Departure,2026-09-30T16:50:00+00:00,2026-09-30T14:22:31+00:00,2026-09-30T14:22:31+00:00,2.46,False
SWA1589,Departure,2026-10-01T00:25:00+00:00,2026-09-30T14:22:31+00:00,2026-09-30T14:22:31+00:00,10.04,False
DAL1289,Arrival,2026-09-30T15:14:00+00:00,2026-09-30T11:15:44+00:00,2026-09-30T14:22:31+00:00,0.86,True
UAL4613,Arrival,2026-09-30T16:12:00+00:00,2026-09-30T11:15:44+00:00,2026-09-30T14:22:31+00:00,1.82,True
UAL2311,Arrival,2026-09-30T16:16:00+00:00,2026-09-30T11:15:44+00:00,2026-09-30T14:22:31+00:00,1.89,True
SWA2035,Arrival,2026-09-30T16:34:00+00:00,2026-09-30T11:15:44+00:00,2026-09-30T14:22:31+00:00,2.19,True
AAL4074,Arrival,2026-09-30T16:37:00+00:00,2026-09-30T11:15:44+00:00,2026-09-30T14:22:31+00:00,2.24,True
DAL4922,Arrival,2026-09-30T16:38:00+00:00,2026-09-30T11:15:44+00:00,2026-09-30T14:22:31+00:00,2.26,True
SWA1906,Arrival,2026-09-30T16:43:00+00:00,2026-09-30T11:15:44+00:00,2026-09-30T14:22:31+00:00,2.34,True
SWA2110,Arrival,2026-09-30T17:11:00+00:00,2026-09-30T11:15:44+00:00,2026-09-30T14:22:31+00:00,2.81,True
LXJ433,Arrival,2026-09-30T17:15:00+00:00,2026-09-30T14:22:31+00:00,2026-09-30T14:22:31+00:00,2.87,False
SWA2353,Arrival,2026-09-30T17:32:00+00:00,2026-09-30T11:15:44+00:00,2026-09-30T14:22:31+00:00,3.16,True
SWA1678,Arrival,2026-09-30T18:09:00+00:00,2026-09-30T11:15:44+00:00,2026-09-30T14:22:31+00:00,3.77,True
SWA3281,Arrival,2026-09-30T18:19:00+00:00,2026-09-30T11:15:44+00:00,2026-09-30T14:22:31+00:00,3.94,True
JBU9003,Arrival,2026-09-30T18:19:00+00:00,2026-09-30T14:22:31+00:00,2026-09-30T14:22:31+00:00,3.94,False
SWA1168,Arrival,2026-09-30T19:02:00+00:00,2026-09-30T11:15:44+00:00,2026-09-30T14:22:31+00:00,4.66,True
UAL4412,Arrival,2026-10-01T00:35:00+00:00,2026-09-30T14:22:31+00:00,2026-09-30T14:22:31+00:00,10.21,False
SWA1485,Arrival,2026-10-01T01:00:00+00:00,2026-09-30T14:22:31+00:00,2026-09-30T14:22:31+00:00,10.62,False
UAL4479,Arrival,2026-10-01T01:10:00+00:00,2026-09-30T14:22:31+00:00,2026-09-30T14:22:31+00:00,10.79,False
ACA8891,Arrival,2026-10-01T01:20:00+00:00,2026-09-30T14:22:31+00:00,2026-09-30T14:22:31+00:00,10.96,False
AAL4436,Departure,2026-09-30T15:47:00+00:00,2026-09-30T11:15:44+00:00,2026-09-30T16:01:34+00:00,-0.24,True
SWA4334,Departure,2026-09-30T16:00:00+00:00,2026-09-30T11:15:44+00:00,2026-09-30T16:01:34+00:00,-0.03,True
AAL2818,Departure,2026-09-30T16:01:00+00:00,2026-09-30T11:15:44+00:00,2026-09-30T16:01:34+00:00,-0.01,True
SWA3833,Departure,2026-09-30T16:10:00+00:00,2026-09-30T11:15:44+00:00,2026-09-30T16:01:34+00:00,0.14,True
UAL6213,Departure,2026-09-30T16:10:00+00:00,2026-09-30T11:15:44+00:00,2026-09-30T16:01:34+00:00,0.14,True
DAL1289,Departure,2026-09-30T16:21:00+00:00,2026-09-30T11:15:44+00:00,2026-09-30T16:01:34+00:00,0.32,True
UAL4395,Departure,2026-09-30T16:35:00+00:00,2026-09-30T11:15:44+00:00,2026-09-30T16:01:34+00:00,0.56,True
SWA3877,Departure,2026-09-30T16:55:00+00:00,2026-09-30T11:15:44+00:00,2026-09-30T16:01:34+00:00,0.89,True
ACA8688,Departure,2026-09-30T17:10:00+00:00,2026-09-30T11:15:44+00:00,2026-09-30T16:01:34+00:00,1.14,True
SWA125,Departure,2026-09-30T17:20:00+00:00,2026-09-30T11:15:44+00:00,2026-09-30T16:01:34+00:00,1.31,True
SWA4823,Departure,2026-09-30T17:45:00+00:00,2026-09-30T11:15:44+00:00,2026-09-30T16:01:34+00:00,1.72,True
SWA2052,Departure,2026-09-30T17:50:00+00:00,2026-09-30T11:15:44+00:00,2026-09-30T16:01:34+00:00,1.81,True
SWA2839,Departure,2026-09-30T18:20:00+00:00,2026-09-30T11:15:44+00:00,2026-09-30T16:01:34+00:00,2.31,True
AAL1739,Departure,2026-09-30T18:25:00+00:00,2026-09-30T11:15:44+00:00,2026-09-30T16:01:34+00:00,2.39,True
SWA3813,Departure,2026-09-30T18:40:00+00:00,2026-09-30T11:15:44+00:00,2026-09-30T16:01:34+00:00,2.64,True
JR396,Arrival,2026-09-30T17:08:00+00:00,2026-09-30T16:01:34+00:00,2026-09-30T16:01:34+00:00,1.11,False
FFT4473,Arrival,2026-09-30T17:43:00+00:00,2026-09-30T11:15:44+00:00,2026-09-30T16:01:34+00:00,1.69,True
DAL566,Arrival,2026-09-30T17:57:00+00:00,2026-09-30T11:15:44+00:00,2026-09-30T16:01:34+00:00,1.92,True
AAL3096,Arrival,2026-09-30T18:01:00+00:00,2026-09-30T11:15:44+00:00,2026-09-30T16:01:34+00:00,1.99,True
AAL6355,Arrival,2026-09-30T18:08:00+00:00,2026-09-30T11:15:44+00:00,2026-09-30T16:01:34+00:00,2.11,True
SWA2659,Arrival,2026-09-30T18:44:00+00:00,2026-09-30T11:15:44+00:00,2026-09-30T16:01:34+00:00,2.71,True
SWA1695,Arrival,2026-09-30T19:14:00+00:00,2026-09-30T11:15:44+00:00,2026-09-30T16:01:34+00:00,3.21,True
SWA2550,Arrival,2026-09-30T19:24:00+00:00,2026-09-30T11:15:44+00:00,2026-09-30T16:01:34+00:00,3.37,True
SWA1098,Arrival,2026-09-30T19:27:00+00:00,2026-09-30T11:15:44+00:00,2026-09-30T16:01:34+00:00,3.42,True
SWA2456,Arrival,2026-09-30T19:34:00+00:00,2026-09-30T11:15:44+00:00,2026-09-30T16:01:34+00:00,3.54,True
SWA2317,Arrival,2026-09-30T19:59:00+00:00,2026-09-30T11:15:44+00:00,2026-09-30T16:01:34+00:00,3.96,True
UAL2000,Arrival,2026-09-30T20:39:00+00:00,2026-09-30T11:15:44+00:00,2026-09-30T16:01:34+00:00,4.62,True
UAL652,Arrival,2026-09-30T20:42:00+00:00,2026-09-30T11:15:44+00:00,2026-09-30T16:01:34+00:00,4.67,True
SWA2788,Arrival,2026-09-30T20:49:00+00:00,2026-09-30T11:15:44+00:00,2026-09-30T16:01:34+00:00,4.79,True
SWA1761,Arrival,2026-09-30T20:59:00+00:00,2026-09-30T11:15:44+00:00,2026-09-30T16:01:34+00:00,4.96,True
JTL88,Arrival,2026-09-30T23:20:00+00:00,2026-09-30T16:01:34+00:00,2026-09-30T16:01:34+00:00,7.31,False
AAL798,Arrival,2026-10-01T02:36:00+00:00,2026-09-30T16:01:34+00:00,2026-09-30T16:01:34+00:00,10.57,False
AAL4074,Departure,2026-09-30T17:46:00+00:00,2026-09-30T11:15:44+00:00,2026-09-30T17:50:10+00:00,-0.07,True
DAL4922,Departure,2026-09-30T18:01:00+00:00,2026-09-30T11:15:44+00:00,2026-09-30T17:50:10+00:00,0.18,True
UAL4454,Departure,2026-09-30T18:09:00+00:00,2026-09-30T11:15:44+00:00,2026-09-30T17:50:10+00:00,0.31,True
SWA2999,Departure,2026-09-30T18:10:00+00:00,2026-09-30T11:15:44+00:00,2026-09-30T17:50:10+00:00,0.33,True
UAL1920,Departure,2026-09-30T18:29:00+00:00,2026-09-30T11:15:44+00:00,2026-09-30T17:50:10+00:00,0.65,True
UAL1380,Departure,2026-09-30T18:36:00+00:00,2026-09-30T11:15:44+00:00,2026-09-30T17:50:10+00:00,0.76,True
SWA3894,Departure,2026-09-30T18:50:00+00:00,2026-09-30T11:15:44+00:00,2026-09-30T17:50:10+00:00,1.0,True
AAL3096,Departure,2026-09-30T18:54:00+00:00,2026-09-30T11:15:44+00:00,2026-09-30T17:50:10+00:00,1.06,True
SWA3837,Departure,2026-09-30T18:55:00+00:00,2026-09-30T11:15:44+00:00,2026-09-30T17:50:10+00:00,1.08,True
SWA2144,Departure,2026-09-30T18:59:00+00:00,2026-09-30T11:15:44+00:00,2026-09-30T17:50:10+00:00,1.15,True
SWA3806,Departure,2026-09-30T19:45:00+00:00,2026-09-30T11:15:44+00:00,2026-09-30T17:50:10+00:00,1.91,True
SWA1535,Departure,2026-09-30T19:47:00+00:00,2026-09-30T11:15:44+00:00,2026-09-30T17:50:10+00:00,1.95,True
SWA1370,Departure,2026-09-30T20:05:00+00:00,2026-09-30T11:15:44+00:00,2026-09-30T17:50:10+00:00,2.25,True
UAL652,Departure,2026-09-30T20:12:00+00:00,2026-09-30T11:15:44+00:00,2026-09-30T17:50:10+00:00,2.36,True
EJA560,Departure,2026-09-30T20:15:00+00:00,2026-09-30T17:50:10+00:00,2026-09-30T17:50:10+00:00,2.41,False
SWA1965,Departure,2026-09-30T20:30:00+00:00,2026-09-30T11:15:44+00:00,2026-09-30T17:50:10+00:00,2.66,True
IJ30,Arrival,2026-09-30T18:17:00+00:00,2026-09-30T17:50:10+00:00,2026-09-30T17:50:10+00:00,0.45,False
SWA1643,Arrival,2026-09-30T18:49:00+00:00,2026-09-30T11:15:44+00:00,2026-09-30T17:50:10+00:00,0.98,True
ACA8889,Arrival,2026-09-30T18:50:00+00:00,2026-09-30T11:15:44+00:00,2026-09-30T17:50:10+00:00,1.0,True
UAL2042,Arrival,2026-09-30T19:06:00+00:00,2026-09-30T11:15:44+00:00,2026-09-30T17:50:10+00:00,1.26,True
UAL5696,Arrival,2026-09-30T19:12:00+00:00,2026-09-30T11:15:44+00:00,2026-09-30T17:50:10+00:00,1.36,True
AAL1363,Arrival,2026-09-30T19:21:00+00:00,2026-09-30T11:15:44+00:00,2026-09-30T17:50:10+00:00,1.51,True
FDY444,Arrival,2026-09-30T19:32:00+00:00,2026-09-30T11:15:44+00:00,2026-09-30T17:50:10+00:00,1.7,True
DAL3811,Arrival,2026-09-30T19:36:00+00:00,2026-09-30T11:15:44+00:00,2026-09-30T17:50:10+00:00,1.76,True
SCX3097,Arrival,2026-09-30T20:40:00+00:00,2026-09-30T17:50:10+00:00,2026-09-30T17:50:10+00:00,2.83,False
SWA3807,Arrival,2026-09-30T20:43:00+00:00,2026-09-30T11:15:44+00:00,2026-09-30T17:50:10+00:00,2.88,True
AAL4449,Arrival,2026-09-30T20:48:00+00:00,2026-09-30T11:15:44+00:00,2026-09-30T17:50:10+00:00,2.96,True
SWA591,Arrival,2026-09-30T20:50:00+00:00,2026-09-30T11:15:44+00:00,2026-09-30T17:50:10+00:00,3.0,True
UAL3717,Arrival,2026-09-30T20:55:00+00:00,2026-09-30T11:15:44+00:00,2026-09-30T17:50:10+00:00,3.08,True
AAL3954,Arrival,2026-09-30T21:07:00+00:00,2026-09-30T11:15:44+00:00,2026-09-30T17:50:10+00:00,3.28,True
SWA1522,Arrival,2026-09-30T21:15:00+00:00,2026-09-30T11:15:44+00:00,2026-09-30T17:50:10+00:00,3.41,True
SWA986,Arrival,2026-09-30T21:19:00+00:00,2026-09-30T11:15:44+00:00,2026-09-30T17:50:10+00:00,3.48,True
AAL3066,Arrival,2026-09-30T21:19:00+00:00,2026-09-30T11:15:44+00:00,2026-09-30T17:50:10+00:00,3.48,True
SWA1149,Arrival,2026-09-30T21:44:00+00:00,2026-09-30T11:15:44+00:00,2026-09-30T17:50:10+00:00,3.9,True
SWA4432,Arrival,2026-09-30T21:59:00+00:00,2026-09-30T11:15:44+00:00,2026-09-30T17:50:10+00:00,4.15,True
SWA3755,Arrival,2026-09-30T22:31:00+00:00,2026-09-30T12:43:14+00:00,2026-09-30T17:50:10+00:00,4.68,True
SWA3509,Arrival,2026-09-30T22:34:00+00:00,2026-09-30T11:15:44+00:00,2026-09-30T17:50:10+00:00,4.73,True
SWA3564,Arrival,2026-09-30T22:35:00+00:00,2026-09-30T11:15:44+00:00,2026-09-30T17:50:10+00:00,4.75,True
SWA776,Arrival,2026-09-30T22:44:00+00:00,2026-09-30T11:15:44+00:00,2026-09-30T17:50:10+00:00,4.9,True
SWA556,Arrival,2026-09-30T22:44:00+00:00,2026-09-30T11:15:44+00:00,2026-09-30T17:50:10+00:00,4.9,True
SWA2022,Arrival,2026-09-30T22:49:00+00:00,2026-09-30T12:43:14+00:00,2026-09-30T17:50:10+00:00,4.98,True
SWA3471,Arrival,2026-09-30T22:49:00+00:00,2026-09-30T12:43:14+00:00,2026-09-30T17:50:10+00:00,4.98,True
SWA1772,Arrival,2026-09-30T22:54:00+00:00,2026-09-30T12:43:14+00:00,2026-09-30T17:50:10+00:00,5.06,True
DAL1609,Arrival,2026-10-01T04:16:00+00:00,2026-09-30T17:50:10+00:00,2026-09-30T17:50:10+00:00,10.43,False
AAL1445,Arrival,2026-10-01T04:43:00+00:00,2026-09-30T17:50:10+00:00,2026-09-30T17:50:10+00:00,10.88,False
FRG696,Arrival,2026-10-01T04:51:00+00:00,2026-09-30T17:50:10+00:00,2026-09-30T17:50:10+00:00,11.01,False
DAL566,Departure,2026-09-30T19:20:00+00:00,2026-09-30T11:15:44+00:00,2026-09-30T19:24:13+00:00,-0.07,True
JTL2828,Departure,2026-09-30T19:20:00+00:00,2026-09-30T19:24:13+00:00,2026-09-30T19:24:13+00:00,-0.07,False
DAL2455,Departure,2026-09-30T19:25:00+00:00,2026-09-30T11:15:44+00:00,2026-09-30T19:24:13+00:00,0.01,True
FFT4474,Departure,2026-09-30T19:29:00+00:00,2026-09-30T11:15:44+00:00,2026-09-30T19:24:13+00:00,0.08,True
AAL2660,Departure,2026-09-30T19:30:00+00:00,2026-09-30T11:15:44+00:00,2026-09-30T19:24:13+00:00,0.1,True
ACA8890,Departure,2026-09-30T19:40:00+00:00,2026-09-30T11:15:44+00:00,2026-09-30T19:24:13+00:00,0.26,True
SWA3401,Departure,2026-09-30T19:50:00+00:00,2026-09-30T11:15:44+00:00,2026-09-30T19:24:13+00:00,0.43,True
UAL5332,Departure,2026-09-30T20:11:00+00:00,2026-09-30T11:15:44+00:00,2026-09-30T19:24:13+00:00,0.78,True
JBU8803,Departure,2026-09-30T20:15:00+00:00,2026-09-30T19:24:13+00:00,2026-09-30T19:24:13+00:00,0.85,False
ASA388,Departure,2026-09-30T20:19:00+00:00,2026-09-30T11:15:44+00:00,2026-09-30T19:24:13+00:00,0.91,True
SWA579,Departure,2026-09-30T20:30:00+00:00,2026-09-30T11:15:44+00:00,2026-09-30T19:24:13+00:00,1.1,True
AAL1363,Departure,2026-09-30T20:34:00+00:00,2026-09-30T11:15:44+00:00,2026-09-30T19:24:13+00:00,1.16,True
SWA3864,Departure,2026-09-30T20:45:00+00:00,2026-09-30T11:15:44+00:00,2026-09-30T19:24:13+00:00,1.35,True
EJA451,Departure,2026-09-30T22:00:00+00:00,2026-09-30T19:24:13+00:00,2026-09-30T19:24:13+00:00,2.6,False
AAL4645,Departure,2026-09-30T22:18:00+00:00,2026-09-30T11:15:44+00:00,2026-09-30T19:24:13+00:00,2.9,True
LXJ344,Departure,2026-09-30T22:57:00+00:00,2026-09-30T19:24:13+00:00,2026-09-30T19:24:13+00:00,3.55,False
FRG9124,Departure,2026-10-01T06:15:00+00:00,2026-09-30T19:24:13+00:00,2026-09-30T19:24:13+00:00,10.85,False
DAL543,Arrival,2026-09-30T20:27:00+00:00,2026-09-30T11:15:44+00:00,2026-09-30T19:24:13+00:00,1.05,True
AAL3944,Arrival,2026-09-30T21:03:00+00:00,2026-09-30T11:15:44+00:00,2026-09-30T19:24:13+00:00,1.65,True
UAL1639,Arrival,2026-09-30T21:37:00+00:00,2026-09-30T11:15:44+00:00,2026-09-30T19:24:13+00:00,2.21,True
AAL4645,Arrival,2026-09-30T21:39:00+00:00,2026-09-30T11:15:44+00:00,2026-09-30T19:24:13+00:00,2.25,True
UAL4416,Arrival,2026-09-30T21:55:00+00:00,2026-09-30T11:15:44+00:00,2026-09-30T19:24:13+00:00,2.51,True
SWA3144,Arrival,2026-09-30T22:10:00+00:00,2026-09-30T11:15:44+00:00,2026-09-30T19:24:13+00:00,2.76,True
ASA672,Arrival,2026-09-30T23:29:00+00:00,2026-09-30T12:43:14+00:00,2026-09-30T19:24:13+00:00,4.08,True
UAL1905,Arrival,2026-09-30T23:37:00+00:00,2026-09-30T12:43:14+00:00,2026-09-30T19:24:13+00:00,4.21,True
SWA241,Arrival,2026-09-30T23:49:00+00:00,2026-09-30T12:43:14+00:00,2026-09-30T19:24:13+00:00,4.41,True
SWA3282,Arrival,2026-09-30T23:58:00+00:00,2026-09-30T12:43:14+00:00,2026-09-30T19:24:13+00:00,4.56,True
DAL2666,Arrival,2026-10-01T05:44:00+00:00,2026-09-30T19:24:13+00:00,2026-09-30T19:24:13+00:00,10.33,False
DAL3811,Departure,2026-09-30T20:52:00+00:00,2026-09-30T11:15:44+00:00,2026-09-30T21:00:10+00:00,-0.14,True
SWA591,Departure,2026-09-30T21:24:00+00:00,2026-09-30T11:15:44+00:00,2026-09-30T21:00:10+00:00,0.4,True
JTL304,Departure,2026-09-30T21:30:00+00:00,2026-09-30T21:00:10+00:00,2026-09-30T21:00:10+00:00,0.5,False
AAL4449,Departure,2026-09-30T21:37:00+00:00,2026-09-30T11:15:44+00:00,2026-09-30T21:00:10+00:00,0.61,True
UAL2323,Departure,2026-09-30T21:39:00+00:00,2026-09-30T11:15:44+00:00,2026-09-30T21:00:10+00:00,0.65,True
AAL6355,Departure,2026-09-30T21:40:00+00:00,2026-09-30T11:15:44+00:00,2026-09-30T21:00:10+00:00,0.66,True
SWA1254,Departure,2026-09-30T21:42:00+00:00,2026-09-30T11:15:44+00:00,2026-09-30T21:00:10+00:00,0.7,True
SWA1007,Departure,2026-09-30T21:45:00+00:00,2026-09-30T11:15:44+00:00,2026-09-30T21:00:10+00:00,0.75,True
SWA3807,Departure,2026-09-30T21:45:00+00:00,2026-09-30T11:15:44+00:00,2026-09-30T21:00:10+00:00,0.75,True
SWA985,Departure,2026-09-30T21:48:00+00:00,2026-09-30T11:15:44+00:00,2026-09-30T21:00:10+00:00,0.8,True
UAL3710,Departure,2026-09-30T21:50:00+00:00,2026-09-30T11:15:44+00:00,2026-09-30T21:00:10+00:00,0.83,True
SWA1587,Departure,2026-09-30T22:00:00+00:00,2026-09-30T11:15:44+00:00,2026-09-30T21:00:10+00:00,1.0,True
AAL2286,Departure,2026-09-30T22:13:00+00:00,2026-09-30T11:15:44+00:00,2026-09-30T21:00:10+00:00,1.21,True
DAL4905,Departure,2026-09-30T22:30:00+00:00,2026-09-30T11:15:44+00:00,2026-09-30T21:00:10+00:00,1.5,True
LXJ433,Departure,2026-09-30T22:30:00+00:00,2026-09-30T21:00:10+00:00,2026-09-30T21:00:10+00:00,1.5,False
JTL2828,Arrival,2026-09-30T20:52:00+00:00,2026-09-30T21:00:10+00:00,2026-09-30T21:00:10+00:00,-0.14,False
DAL1224,Arrival,2026-09-30T21:29:00+00:00,2026-09-30T11:15:44+00:00,2026-09-30T21:00:10+00:00,0.48,True
DAL2822,Arrival,2026-09-30T21:42:00+00:00,2026-09-30T11:15:44+00:00,2026-09-30T21:00:10+00:00,0.7,True
LXJ344,Arrival,2026-09-30T22:03:00+00:00,2026-09-30T21:00:10+00:00,2026-09-30T21:00:10+00:00,1.05,False
DAL1393,Arrival,2026-09-30T22:12:00+00:00,2026-09-30T11:15:44+00:00,2026-09-30T21:00:10+00:00,1.2,True
SWA1310,Arrival,2026-09-30T22:12:00+00:00,2026-09-30T11:15:44+00:00,2026-09-30T21:00:10+00:00,1.2,True
SWA2891,Arrival,2026-09-30T22:17:00+00:00,2026-09-30T12:43:14+00:00,2026-09-30T21:00:10+00:00,1.28,True
SWA2538,Arrival,2026-09-30T22:21:00+00:00,2026-09-30T12:43:14+00:00,2026-09-30T21:00:10+00:00,1.35,True
SWA2168,Arrival,2026-09-30T22:26:00+00:00,2026-09-30T12:43:14+00:00,2026-09-30T21:00:10+00:00,1.43,True
SWA2908,Arrival,2026-09-30T22:32:00+00:00,2026-09-30T12:43:14+00:00,2026-09-30T21:00:10+00:00,1.53,True
AAL2761,Arrival,2026-09-30T22:51:00+00:00,2026-09-30T12:43:14+00:00,2026-09-30T21:00:10+00:00,1.85,True
SWA126,Arrival,2026-09-30T23:09:00+00:00,2026-09-30T12:43:14+00:00,2026-09-30T21:00:10+00:00,2.15,True
SWA1375,Arrival,2026-09-30T23:39:00+00:00,2026-09-30T12:43:14+00:00,2026-09-30T21:00:10+00:00,2.65,True
SWA999,Arrival,2026-10-01T00:07:00+00:00,2026-09-30T14:22:31+00:00,2026-09-30T21:00:10+00:00,3.11,True
SWA183,Arrival,2026-10-01T00:12:00+00:00,2026-09-30T14:22:31+00:00,2026-09-30T21:00:10+00:00,3.2,True
BAW221,Arrival,2026-10-01T00:30:00+00:00,2026-09-30T14:22:31+00:00,2026-09-30T21:00:10+00:00,3.5,True
SWA1740,Arrival,2026-10-01T00:32:00+00:00,2026-09-30T14:22:31+00:00,2026-09-30T21:00:10+00:00,3.53,True
SWA3393,Arrival,2026-10-01T00:48:00+00:00,2026-09-30T14:22:31+00:00,2026-09-30T21:00:10+00:00,3.8,True
SWA2697,Arrival,2026-10-01T00:49:00+00:00,2026-09-30T14:22:31+00:00,2026-09-30T21:00:10+00:00,3.81,True
SWA2905,Arrival,2026-10-01T00:54:00+00:00,2026-09-30T14:22:31+00:00,2026-09-30T21:00:10+00:00,3.9,True
SWA1656,Arrival,2026-10-01T00:56:00+00:00,2026-09-30T14:22:31+00:00,2026-09-30T21:00:10+00:00,3.93,True
SWA4407,Arrival,2026-10-01T00:59:00+00:00,2026-09-30T14:22:31+00:00,2026-09-30T21:00:10+00:00,3.98,True
SWA4142,Arrival,2026-10-01T01:02:00+00:00,2026-09-30T14:22:31+00:00,2026-09-30T21:00:10+00:00,4.03,True
SWA4166,Arrival,2026-10-01T01:09:00+00:00,2026-09-30T14:22:31+00:00,2026-09-30T21:00:10+00:00,4.15,True
UAL4527,Arrival,2026-10-01T02:00:00+00:00,2026-09-30T14:22:31+00:00,2026-09-30T21:00:10+00:00,5.0,True
DAL1224,Departure,2026-09-30T22:37:00+00:00,2026-09-30T12:43:14+00:00,2026-09-30T22:50:06+00:00,-0.22,True
SWA132,Departure,2026-09-30T22:48:00+00:00,2026-09-30T11:15:44+00:00,2026-09-30T22:50:06+00:00,-0.04,True
AAL3851,Departure,2026-09-30T22:49:00+00:00,2026-09-30T11:15:44+00:00,2026-09-30T22:50:06+00:00,-0.02,True
ASA1318,Departure,2026-09-30T23:08:00+00:00,2026-09-30T12:43:14+00:00,2026-09-30T22:50:06+00:00,0.3,True
SWA4586,Departure,2026-09-30T23:25:00+00:00,2026-09-30T11:15:44+00:00,2026-09-30T22:50:06+00:00,0.58,True
SWA3831,Departure,2026-09-30T23:30:00+00:00,2026-09-30T12:43:14+00:00,2026-09-30T22:50:06+00:00,0.66,True
SCX3008,Departure,2026-09-30T23:36:00+00:00,2026-09-30T22:50:06+00:00,2026-09-30T22:50:06+00:00,0.76,False
SWA1160,Departure,2026-09-30T23:40:00+00:00,2026-09-30T12:43:14+00:00,2026-09-30T22:50:06+00:00,0.83,True
SWA1534,Departure,2026-09-30T23:40:00+00:00,2026-09-30T12:43:14+00:00,2026-09-30T22:50:06+00:00,0.83,True
SWA3895,Departure,2026-09-30T23:40:00+00:00,2026-09-30T12:43:14+00:00,2026-09-30T22:50:06+00:00,0.83,True
SWA3940,Departure,2026-09-30T23:40:00+00:00,2026-09-30T12:43:14+00:00,2026-09-30T22:50:06+00:00,0.83,True
DAL1393,Departure,2026-09-30T23:45:00+00:00,2026-09-30T12:43:14+00:00,2026-09-30T22:50:06+00:00,0.91,True
AAL4727,Departure,2026-09-30T23:45:00+00:00,2026-09-30T12:43:14+00:00,2026-09-30T22:50:06+00:00,0.91,True
SWA178,Departure,2026-09-30T23:45:00+00:00,2026-09-30T12:43:14+00:00,2026-09-30T22:50:06+00:00,0.91,True
SWA3703,Departure,2026-09-30T23:45:00+00:00,2026-09-30T12:43:14+00:00,2026-09-30T22:50:06+00:00,0.91,True
SWA4074,Departure,2026-09-30T23:49:00+00:00,2026-09-30T12:43:14+00:00,2026-09-30T22:50:06+00:00,0.98,True
SWA4165,Departure,2026-09-30T23:50:00+00:00,2026-09-30T12:43:14+00:00,2026-09-30T22:50:06+00:00,1.0,True
DAL1492,Departure,2026-09-30T23:55:00+00:00,2026-09-30T12:43:14+00:00,2026-09-30T22:50:06+00:00,1.08,True
SWA982,Departure,2026-09-30T23:55:00+00:00,2026-09-30T12:43:14+00:00,2026-09-30T22:50:06+00:00,1.08,True
UAL4616,Departure,2026-10-01T00:01:00+00:00,2026-09-30T12:43:14+00:00,2026-09-30T22:50:06+00:00,1.18,True
SWA3800,Departure,2026-10-01T00:14:00+00:00,2026-09-30T12:43:14+00:00,2026-09-30T22:50:06+00:00,1.4,True
SWA1145,Departure,2026-10-01T00:20:00+00:00,2026-09-30T14:22:31+00:00,2026-09-30T22:50:06+00:00,1.5,True
SWA1493,Departure,2026-10-01T00:23:00+00:00,2026-09-30T12:43:14+00:00,2026-09-30T22:50:06+00:00,1.55,True
SWA2151,Departure,2026-10-01T00:55:00+00:00,2026-09-30T14:22:31+00:00,2026-09-30T22:50:06+00:00,2.08,True
SWA2519,Departure,2026-10-01T10:05:00+00:00,2026-09-30T22:50:06+00:00,2026-09-30T22:50:06+00:00,11.25,False
ACA8687,Arrival,2026-09-30T23:41:00+00:00,2026-09-30T12:43:14+00:00,2026-09-30T22:50:06+00:00,0.85,True
FFT3302,Arrival,2026-10-01T00:02:00+00:00,2026-09-30T12:43:14+00:00,2026-09-30T22:50:06+00:00,1.2,True
AAL2487,Arrival,2026-10-01T00:21:00+00:00,2026-09-30T12:43:14+00:00,2026-09-30T22:50:06+00:00,1.51,True
DAL2833,Arrival,2026-10-01T00:31:00+00:00,2026-09-30T14:22:31+00:00,2026-09-30T22:50:06+00:00,1.68,True
EJA316,Arrival,2026-10-01T00:42:00+00:00,2026-09-30T22:50:06+00:00,2026-09-30T22:50:06+00:00,1.86,False
SWA2218,Arrival,2026-10-01T00:49:00+00:00,2026-09-30T14:22:31+00:00,2026-09-30T22:50:06+00:00,1.98,True
DAL4926,Arrival,2026-10-01T00:49:00+00:00,2026-09-30T14:22:31+00:00,2026-09-30T22:50:06+00:00,1.98,True
SWA3051,Arrival,2026-10-01T01:07:00+00:00,2026-09-30T14:22:31+00:00,2026-09-30T22:50:06+00:00,2.28,True
JTL25,Arrival,2026-10-01T01:11:00+00:00,2026-09-30T22:50:06+00:00,2026-09-30T22:50:06+00:00,2.35,False
SWA3428,Arrival,2026-10-01T01:12:00+00:00,2026-09-30T14:22:31+00:00,2026-09-30T22:50:06+00:00,2.36,True
UAL1422,Arrival,2026-10-01T01:40:00+00:00,2026-09-30T14:22:31+00:00,2026-09-30T22:50:06+00:00,2.83,True
SWA4749,Arrival,2026-10-01T01:43:00+00:00,2026-09-30T16:01:34+00:00,2026-09-30T22:50:06+00:00,2.88,True
AAL890,Arrival,2026-10-01T01:43:00+00:00,2026-09-30T14:22:31+00:00,2026-09-30T22:50:06+00:00,2.88,True
AAL4728,Arrival,2026-10-01T02:08:00+00:00,2026-09-30T16:01:34+00:00,2026-09-30T22:50:06+00:00,3.3,True
SWA237,Arrival,2026-10-01T02:17:00+00:00,2026-09-30T16:01:34+00:00,2026-09-30T22:50:06+00:00,3.45,True
SWA4254,Arrival,2026-10-01T02:39:00+00:00,2026-09-30T16:01:34+00:00,2026-09-30T22:50:06+00:00,3.81,True
SWA1559,Arrival,2026-10-01T03:44:00+00:00,2026-09-30T17:50:10+00:00,2026-09-30T22:50:06+00:00,4.9,True
DAL2822,Departure,2026-10-01T00:50:00+00:00,2026-09-30T12:43:14+00:00,2026-10-01T00:14:01+00:00,0.6,True
FFT4567,Departure,2026-10-01T01:10:00+00:00,2026-09-30T14:22:31+00:00,2026-10-01T00:14:01+00:00,0.93,True
SWA3843,Departure,2026-10-01T01:45:00+00:00,2026-09-30T14:22:31+00:00,2026-10-01T00:14:01+00:00,1.52,True
SWA3865,Departure,2026-10-01T01:45:00+00:00,2026-09-30T14:22:31+00:00,2026-10-01T00:14:01+00:00,1.52,True
SWA3821,Departure,2026-10-01T01:45:00+00:00,2026-09-30T14:22:31+00:00,2026-10-01T00:14:01+00:00,1.52,True
SWA4166,Departure,2026-10-01T01:45:00+00:00,2026-09-30T14:22:31+00:00,2026-10-01T00:14:01+00:00,1.52,True
SWA3955,Departure,2026-10-01T01:45:00+00:00,2026-09-30T14:22:31+00:00,2026-10-01T00:14:01+00:00,1.52,True
SWA2087,Departure,2026-10-01T01:50:00+00:00,2026-09-30T14:22:31+00:00,2026-10-01T00:14:01+00:00,1.6,True
SWA3832,Departure,2026-10-01T01:50:00+00:00,2026-09-30T14:22:31+00:00,2026-10-01T00:14:01+00:00,1.6,True
SCX3007,Departure,2026-10-01T02:00:00+00:00,2026-10-01T00:14:01+00:00,2026-10-01T00:14:01+00:00,1.77,False
SWA3850,Departure,2026-10-01T02:00:00+00:00,2026-09-30T16:01:34+00:00,2026-10-01T00:14:01+00:00,1.77,True
SWA3202,Departure,2026-10-01T02:01:00+00:00,2026-09-30T16:01:34+00:00,2026-10-01T00:14:01+00:00,1.78,True
UPS633,Departure,2026-10-01T03:32:00+00:00,2026-10-01T00:14:01+00:00,2026-10-01T00:14:01+00:00,3.3,False
FDX1309,Departure,2026-10-01T03:33:00+00:00,2026-10-01T00:14:01+00:00,2026-10-01T00:14:01+00:00,3.32,False
SKQ22,Departure,2026-10-01T04:55:00+00:00,2026-10-01T00:14:01+00:00,2026-10-01T00:14:01+00:00,4.68,False
SWA4622,Departure,2026-10-01T10:00:00+00:00,2026-09-30T22:50:06+00:00,2026-10-01T00:14:01+00:00,9.77,True
SWA1479,Departure,2026-10-01T11:00:00+00:00,2026-10-01T00:14:01+00:00,2026-10-01T00:14:01+00:00,10.77,False
UAL3396,Arrival,2026-10-01T00:12:00+00:00,2026-10-01T00:14:01+00:00,2026-10-01T00:14:01+00:00,-0.03,False
DAL1541,Arrival,2026-10-01T01:12:00+00:00,2026-09-30T14:22:31+00:00,2026-10-01T00:14:01+00:00,0.97,True
AAL2444,Arrival,2026-10-01T01:35:00+00:00,2026-09-30T14:22:31+00:00,2026-10-01T00:14:01+00:00,1.35,True
UAL2040,Arrival,2026-10-01T02:04:00+00:00,2026-09-30T16:01:34+00:00,2026-10-01T00:14:01+00:00,1.83,True
AAL4680,Arrival,2026-10-01T02:15:00+00:00,2026-09-30T16:01:34+00:00,2026-10-01T00:14:01+00:00,2.02,True
SWA3312,Arrival,2026-10-01T02:31:00+00:00,2026-09-30T14:22:31+00:00,2026-10-01T00:14:01+00:00,2.28,True
ABX2049,Arrival,2026-10-01T03:03:00+00:00,2026-10-01T00:14:01+00:00,2026-10-01T00:14:01+00:00,2.82,False
AAL1594,Arrival,2026-10-01T03:12:00+00:00,2026-09-30T16:01:34+00:00,2026-10-01T00:14:01+00:00,2.97,True
UAL1528,Arrival,2026-10-01T03:24:00+00:00,2026-09-30T16:01:34+00:00,2026-10-01T00:14:01+00:00,3.17,True
SWA1400,Arrival,2026-10-01T03:44:00+00:00,2026-09-30T14:22:31+00:00,2026-10-01T00:14:01+00:00,3.5,True
SWA1574,Arrival,2026-10-01T04:08:00+00:00,2026-09-30T17:50:10+00:00,2026-10-01T00:14:01+00:00,3.9,True
AAL5000,Arrival,2026-10-01T04:21:00+00:00,2026-09-30T17:50:10+00:00,2026-10-01T00:14:01+00:00,4.12,True
SKQ22,Arrival,2026-10-01T04:29:00+00:00,2026-10-01T00:14:01+00:00,2026-10-01T00:14:01+00:00,4.25,False
FDX1608,Departure,2026-10-01T04:05:00+00:00,2026-10-01T01:02:26+00:00,2026-10-01T01:02:26+00:00,3.04,False
SWA1110,Departure,2026-10-01T10:55:00+00:00,2026-10-01T00:14:01+00:00,2026-10-01T01:02:26+00:00,9.88,True
DAL4981,Departure,2026-10-01T12:00:00+00:00,2026-10-01T01:02:26+00:00,2026-10-01T01:02:26+00:00,10.96,False
AAL459,Arrival,2026-10-01T03:40:00+00:00,2026-09-30T17:50:10+00:00,2026-10-01T01:02:26+00:00,2.63,True
SWA2549,Arrival,2026-10-01T12:15:00+00:00,2026-10-01T01:02:26+00:00,2026-10-01T01:02:26+00:00,11.21,False
SWA4197,Arrival,2026-10-01T12:24:00+00:00,2026-10-01T01:02:26+00:00,2026-10-01T01:02:26+00:00,11.36,False
SWA3341,Arrival,2026-10-01T12:24:00+00:00,2026-10-01T01:02:26+00:00,2026-10-01T01:02:26+00:00,11.36,False
SWA816,Arrival,2026-10-01T12:25:00+00:00,2026-10-01T01:02:26+00:00,2026-10-01T01:02:26+00:00,11.38,False
SWA734,Arrival,2026-10-01T12:29:00+00:00,2026-10-01T01:02:26+00:00,2026-10-01T01:02:26+00:00,11.44,False
SWA262,Arrival,2026-10-01T12:31:00+00:00,2026-10-01T01:02:26+00:00,2026-10-01T01:02:26+00:00,11.48,False
SWA4091,Departure,2026-10-01T12:50:00+00:00,2026-10-01T01:58:02+00:00,2026-10-01T01:58:02+00:00,10.87,False
SWA314,Arrival,2026-10-01T12:40:00+00:00,2026-10-01T01:58:02+00:00,2026-10-01T01:58:02+00:00,10.7,False
SWA3550,Arrival,2026-10-01T12:45:00+00:00,2026-10-01T01:58:02+00:00,2026-10-01T01:58:02+00:00,10.78,False
SWA1169,Arrival,2026-10-01T12:45:00+00:00,2026-10-01T01:58:02+00:00,2026-10-01T01:58:02+00:00,10.78,False
BAW220,Departure,2026-10-01T02:49:00+00:00,2026-09-30T16:01:34+00:00,2026-10-01T02:51:00+00:00,-0.03,True
UPS635,Departure,2026-10-01T03:03:00+00:00,2026-10-01T02:51:00+00:00,2026-10-01T02:51:00+00:00,0.2,False
SWA270,Departure,2026-10-01T13:30:00+00:00,2026-10-01T02:51:00+00:00,2026-10-01T02:51:00+00:00,10.65,False
SWA4062,Departure,2026-10-01T13:35:00+00:00,2026-10-01T02:51:00+00:00,2026-10-01T02:51:00+00:00,10.73,False
LXJ441,Departure,2026-10-01T14:01:00+00:00,2026-10-01T02:51:00+00:00,2026-10-01T02:51:00+00:00,11.17,False
SWA416,Arrival,2026-10-01T03:09:00+00:00,2026-09-30T16:01:34+00:00,2026-10-01T02:51:00+00:00,0.3,True
DAL1403,Arrival,2026-10-01T04:14:00+00:00,2026-09-30T17:50:10+00:00,2026-10-01T02:51:00+00:00,1.38,True
UAL4733,Arrival,2026-10-01T04:38:00+00:00,2026-09-30T17:50:10+00:00,2026-10-01T02:51:00+00:00,1.78,True
SCX3096,Arrival,2026-10-01T08:03:00+00:00,2026-10-01T02:51:00+00:00,2026-10-01T02:51:00+00:00,5.2,False
SWA3038,Arrival,2026-10-01T11:52:00+00:00,2026-10-01T01:02:26+00:00,2026-10-01T02:51:00+00:00,9.02,True
SWA4481,Arrival,2026-10-01T13:53:00+00:00,2026-10-01T02:51:00+00:00,2026-10-01T02:51:00+00:00,11.03,False
SWA1519,Arrival,2026-10-01T13:53:00+00:00,2026-10-01T02:51:00+00:00,2026-10-01T02:51:00+00:00,11.03,False
LXJ380,Arrival,2026-10-01T14:02:00+00:00,2026-10-01T02:51:00+00:00,2026-10-01T02:51:00+00:00,11.18,False
SWA500,Arrival,2026-10-01T14:20:00+00:00,2026-10-01T02:51:00+00:00,2026-10-01T02:51:00+00:00,11.48,False
SWA3356,Departure,2026-10-01T11:05:00+00:00,2026-10-01T00:14:01+00:00,2026-10-01T11:17:59+00:00,-0.22,True
SCX3027,Departure,2026-10-01T11:15:00+00:00,2026-10-01T11:17:59+00:00,2026-10-01T11:17:59+00:00,-0.05,False
DAL1597,Departure,2026-10-01T11:15:00+00:00,2026-10-01T00:14:01+00:00,2026-10-01T11:17:59+00:00,-0.05,True
UAL1371,Departure,2026-10-01T11:15:00+00:00,2026-10-01T00:14:01+00:00,2026-10-01T11:17:59+00:00,-0.05,True
ASA473,Departure,2026-10-01T11:29:00+00:00,2026-10-01T00:14:01+00:00,2026-10-01T11:17:59+00:00,0.18,True
AAL1308,Departure,2026-10-01T11:30:00+00:00,2026-10-01T00:14:01+00:00,2026-10-01T11:17:59+00:00,0.2,True
SWA4046,Departure,2026-10-01T11:45:00+00:00,2026-10-01T01:02:26+00:00,2026-10-01T11:17:59+00:00,0.45,True
EJA481,Departure,2026-10-01T12:00:00+00:00,2026-10-01T11:17:59+00:00,2026-10-01T11:17:59+00:00,0.7,False
KI524,Departure,2026-10-01T13:18:00+00:00,2026-10-01T11:17:59+00:00,2026-10-01T11:17:59+00:00,2.0,False
SWA4118,Departure,2026-10-01T15:20:00+00:00,2026-10-01T11:17:59+00:00,2026-10-01T11:17:59+00:00,4.03,False
SWA645,Departure,2026-10-01T15:20:00+00:00,2026-10-01T11:17:59+00:00,2026-10-01T11:17:59+00:00,4.03,False
SWA485,Departure,2026-10-01T15:20:00+00:00,2026-10-01T11:17:59+00:00,2026-10-01T11:17:59+00:00,4.03,False
LXJ380,Departure,2026-10-01T15:25:00+00:00,2026-10-01T11:17:59+00:00,2026-10-01T11:17:59+00:00,4.12,False
SWA479,Departure,2026-10-01T16:05:00+00:00,2026-10-01T11:17:59+00:00,2026-10-01T11:17:59+00:00,4.78,False
SWA377,Departure,2026-10-01T16:40:00+00:00,2026-10-01T11:17:59+00:00,2026-10-01T11:17:59+00:00,5.37,False
UAL560,Departure,2026-10-01T17:20:00+00:00,2026-10-01T11:17:59+00:00,2026-10-01T11:17:59+00:00,6.03,False
SCX3002,Arrival,2026-10-01T11:06:00+00:00,2026-10-01T11:17:59+00:00,2026-10-01T11:17:59+00:00,-0.2,False
SWA2221,Arrival,2026-10-01T11:54:00+00:00,2026-10-01T01:02:26+00:00,2026-10-01T11:17:59+00:00,0.6,True
KI524,Arrival,2026-10-01T12:01:00+00:00,2026-10-01T11:17:59+00:00,2026-10-01T11:17:59+00:00,0.72,False
SWA255,Arrival,2026-10-01T12:18:00+00:00,2026-10-01T01:58:02+00:00,2026-10-01T11:17:59+00:00,1.0,True
SWA4884,Arrival,2026-10-01T12:20:00+00:00,2026-10-01T01:02:26+00:00,2026-10-01T11:17:59+00:00,1.03,True
SWA3193,Arrival,2026-10-01T12:21:00+00:00,2026-10-01T01:58:02+00:00,2026-10-01T11:17:59+00:00,1.05,True
SWA3092,Arrival,2026-10-01T12:27:00+00:00,2026-10-01T01:02:26+00:00,2026-10-01T11:17:59+00:00,1.15,True
SWA1218,Arrival,2026-10-01T12:34:00+00:00,2026-10-01T01:02:26+00:00,2026-10-01T11:17:59+00:00,1.27,True
AAL3546,Arrival,2026-10-01T12:51:00+00:00,2026-10-01T01:58:02+00:00,2026-10-01T11:17:59+00:00,1.55,True
AAL4340,Arrival,2026-10-01T13:37:00+00:00,2026-10-01T02:51:00+00:00,2026-10-01T11:17:59+00:00,2.32,True
UAL3689,Arrival,2026-10-01T13:41:00+00:00,2026-10-01T02:51:00+00:00,2026-10-01T11:17:59+00:00,2.38,True
SWA3555,Arrival,2026-10-01T13:54:00+00:00,2026-10-01T02:51:00+00:00,2026-10-01T11:17:59+00:00,2.6,True
SWA3138,Arrival,2026-10-01T14:03:00+00:00,2026-10-01T11:17:59+00:00,2026-10-01T11:17:59+00:00,2.75,False
SWA2128,Arrival,2026-10-01T14:09:00+00:00,2026-10-01T02:51:00+00:00,2026-10-01T11:17:59+00:00,2.85,True
SWA3065,Arrival,2026-10-01T14:30:00+00:00,2026-10-01T11:17:59+00:00,2026-10-01T11:17:59+00:00,3.2,False
SWA429,Arrival,2026-10-01T14:34:00+00:00,2026-10-01T11:17:59+00:00,2026-10-01T11:17:59+00:00,3.27,False
SWA1451,Arrival,2026-10-01T14:39:00+00:00,2026-10-01T11:17:59+00:00,2026-10-01T11:17:59+00:00,3.35,False
SWA2758,Arrival,2026-10-01T14:45:00+00:00,2026-10-01T11:17:59+00:00,2026-10-01T11:17:59+00:00,3.45,False
SWA1796,Arrival,2026-10-01T14:59:00+00:00,2026-10-01T11:17:59+00:00,2026-10-01T11:17:59+00:00,3.68,False
SWA1759,Arrival,2026-10-01T15:00:00+00:00,2026-10-01T11:17:59+00:00,2026-10-01T11:17:59+00:00,3.7,False
EJA449,Arrival,2026-10-01T15:30:00+00:00,2026-10-01T11:17:59+00:00,2026-10-01T11:17:59+00:00,4.2,False
CNS1738,Arrival,2026-10-01T16:50:00+00:00,2026-10-01T11:17:59+00:00,2026-10-01T11:17:59+00:00,5.53,False
SWA694,Arrival,2026-10-01T16:53:00+00:00,2026-10-01T11:17:59+00:00,2026-10-01T11:17:59+00:00,5.58,False
AAL3096,Arrival,2026-10-01T17:54:00+00:00,2026-10-01T11:17:59+00:00,2026-10-01T11:17:59+00:00,6.6,False
DAL2455,Arrival,2026-10-01T18:30:00+00:00,2026-10-01T11:17:59+00:00,2026-10-01T11:17:59+00:00,7.2,False
AAL2660,Arrival,2026-10-01T18:31:00+00:00,2026-10-01T11:17:59+00:00,2026-10-01T11:17:59+00:00,7.22,False
ASA388,Arrival,2026-10-01T18:42:00+00:00,2026-10-01T11:17:59+00:00,2026-10-01T11:17:59+00:00,7.4,False
DAL4905,Arrival,2026-10-01T20:31:00+00:00,2026-10-01T11:17:59+00:00,2026-10-01T11:17:59+00:00,9.22,False
DAL2822,Arrival,2026-10-01T22:10:00+00:00,2026-10-01T11:17:59+00:00,2026-10-01T11:17:59+00:00,10.87,False
ASA1318,Arrival,2026-10-01T22:10:00+00:00,2026-10-01T11:17:59+00:00,2026-10-01T11:17:59+00:00,10.87,False
AAL2686,Arrival,2026-10-01T22:34:00+00:00,2026-10-01T11:17:59+00:00,2026-10-01T11:17:59+00:00,11.27,False
DAL1492,Arrival,2026-10-01T22:37:00+00:00,2026-10-01T11:17:59+00:00,2026-10-01T11:17:59+00:00,11.32,False
SWA4973,Departure,2026-10-02T02:07:00+00:00,2026-10-02T02:16:29+00:00,2026-10-02T02:16:29+00:00,-0.16,False
AAL2761,Departure,2026-10-02T02:09:00+00:00,2026-10-02T02:16:29+00:00,2026-10-02T02:16:29+00:00,-0.12,False
SWA1361,Departure,2026-10-02T02:18:00+00:00,2026-10-02T02:16:29+00:00,2026-10-02T02:16:29+00:00,0.03,False
SWA3210,Departure,2026-10-02T02:34:00+00:00,2026-10-02T02:16:29+00:00,2026-10-02T02:16:29+00:00,0.29,False
SWA4509,Departure,2026-10-02T02:46:00+00:00,2026-10-02T02:16:29+00:00,2026-10-02T02:16:29+00:00,0.49,False
SWA489,Departure,2026-10-02T02:50:00+00:00,2026-10-02T02:16:29+00:00,2026-10-02T02:16:29+00:00,0.56,False
SWA4067,Departure,2026-10-02T02:50:00+00:00,2026-10-02T02:16:29+00:00,2026-10-02T02:16:29+00:00,0.56,False
SWA4082,Departure,2026-10-02T02:55:00+00:00,2026-10-02T02:16:29+00:00,2026-10-02T02:16:29+00:00,0.64,False
SWA278,Departure,2026-10-02T02:59:00+00:00,2026-10-02T02:16:29+00:00,2026-10-02T02:16:29+00:00,0.71,False
UPS635,Departure,2026-10-02T03:03:00+00:00,2026-10-02T02:16:29+00:00,2026-10-02T02:16:29+00:00,0.78,False
SWA4099,Departure,2026-10-02T03:14:00+00:00,2026-10-02T02:16:29+00:00,2026-10-02T02:16:29+00:00,0.96,False
SWA4401,Departure,2026-10-02T03:23:00+00:00,2026-10-02T02:16:29+00:00,2026-10-02T02:16:29+00:00,1.11,False
SWA4114,Departure,2026-10-02T03:23:00+00:00,2026-10-02T02:16:29+00:00,2026-10-02T02:16:29+00:00,1.11,False
SWA1570,Departure,2026-10-02T03:27:00+00:00,2026-10-02T02:16:29+00:00,2026-10-02T02:16:29+00:00,1.18,False
UPS633,Departure,2026-10-02T03:32:00+00:00,2026-10-02T02:16:29+00:00,2026-10-02T02:16:29+00:00,1.26,False
FDX1309,Departure,2026-10-02T03:33:00+00:00,2026-10-02T02:16:29+00:00,2026-10-02T02:16:29+00:00,1.28,False
KI437,Departure,2026-10-02T03:40:00+00:00,2026-10-02T02:16:29+00:00,2026-10-02T02:16:29+00:00,1.39,False
SWA3357,Departure,2026-10-02T03:57:00+00:00,2026-10-02T02:16:29+00:00,2026-10-02T02:16:29+00:00,1.68,False
FDX1608,Departure,2026-10-02T04:05:00+00:00,2026-10-02T02:16:29+00:00,2026-10-02T02:16:29+00:00,1.81,False
SWA4038,Departure,2026-10-02T04:16:00+00:00,2026-10-02T02:16:29+00:00,2026-10-02T02:16:29+00:00,1.99,False
SWA3004,Departure,2026-10-02T04:25:00+00:00,2026-10-02T02:16:29+00:00,2026-10-02T02:16:29+00:00,2.14,False
SWA3732,Departure,2026-10-02T05:54:00+00:00,2026-10-02T02:16:29+00:00,2026-10-02T02:16:29+00:00,3.63,False
UAL577,Departure,2026-10-02T12:30:00+00:00,2026-10-02T02:16:29+00:00,2026-10-02T02:16:29+00:00,10.23,False
UAL2792,Departure,2026-10-02T13:00:00+00:00,2026-10-02T02:16:29+00:00,2026-10-02T02:16:29+00:00,10.73,False
SWA987,Departure,2026-10-02T13:30:00+00:00,2026-10-02T02:16:29+00:00,2026-10-02T02:16:29+00:00,11.23,False
AAL1959,Departure,2026-10-02T13:30:00+00:00,2026-10-02T02:16:29+00:00,2026-10-02T02:16:29+00:00,11.23,False
SWA3342,Arrival,2026-10-02T02:07:00+00:00,2026-10-02T02:16:29+00:00,2026-10-02T02:16:29+00:00,-0.16,False
SWA2815,Arrival,2026-10-02T02:09:00+00:00,2026-10-02T02:16:29+00:00,2026-10-02T02:16:29+00:00,-0.12,False
SWA3453,Arrival,2026-10-02T02:13:00+00:00,2026-10-02T02:16:29+00:00,2026-10-02T02:16:29+00:00,-0.06,False
AAL2487,Arrival,2026-10-02T02:17:00+00:00,2026-10-02T02:16:29+00:00,2026-10-02T02:16:29+00:00,0.01,False
SWA4816,Arrival,2026-10-02T02:25:00+00:00,2026-10-02T02:16:29+00:00,2026-10-02T02:16:29+00:00,0.14,False
SWA3040,Arrival,2026-10-02T02:26:00+00:00,2026-10-02T02:16:29+00:00,2026-10-02T02:16:29+00:00,0.16,False
SWA2400,Arrival,2026-10-02T02:29:00+00:00,2026-10-02T02:16:29+00:00,2026-10-02T02:16:29+00:00,0.21,False
KI437,Arrival,2026-10-02T02:34:00+00:00,2026-10-02T02:16:29+00:00,2026-10-02T02:16:29+00:00,0.29,False
AAL4599,Arrival,2026-10-02T02:35:00+00:00,2026-10-02T02:16:29+00:00,2026-10-02T02:16:29+00:00,0.31,False
UAL1625,Arrival,2026-10-02T02:36:00+00:00,2026-10-02T02:16:29+00:00,2026-10-02T02:16:29+00:00,0.33,False
SWA398,Arrival,2026-10-02T02:37:00+00:00,2026-10-02T02:16:29+00:00,2026-10-02T02:16:29+00:00,0.34,False
SWA1470,Arrival,2026-10-02T02:39:00+00:00,2026-10-02T02:16:29+00:00,2026-10-02T02:16:29+00:00,0.38,False
AAL4680,Arrival,2026-10-02T02:48:00+00:00,2026-10-02T02:16:29+00:00,2026-10-02T02:16:29+00:00,0.53,False
BY290,Arrival,2026-10-02T02:50:00+00:00,2026-10-02T02:16:29+00:00,2026-10-02T02:16:29+00:00,0.56,False
AAL890,Arrival,2026-10-02T02:53:00+00:00,2026-10-02T02:16:29+00:00,2026-10-02T02:16:29+00:00,0.61,False
AAL2444,Arrival,2026-10-02T02:54:00+00:00,2026-10-02T02:16:29+00:00,2026-10-02T02:16:29+00:00,0.63,False
SWA3572,Arrival,2026-10-02T02:55:00+00:00,2026-10-02T02:16:29+00:00,2026-10-02T02:16:29+00:00,0.64,False
SWA4976,Arrival,2026-10-02T03:11:00+00:00,2026-10-01T11:17:59+00:00,2026-10-02T02:16:29+00:00,0.91,True
UAL1528,Arrival,2026-10-02T03:24:00+00:00,2026-10-02T02:16:29+00:00,2026-10-02T02:16:29+00:00,1.13,False
SWA239,Arrival,2026-10-02T03:26:00+00:00,2026-10-01T11:17:59+00:00,2026-10-02T02:16:29+00:00,1.16,True
SWA596,Arrival,2026-10-02T03:46:00+00:00,2026-10-02T02:16:29+00:00,2026-10-02T02:16:29+00:00,1.49,False
DAL1609,Arrival,2026-10-02T03:52:00+00:00,2026-10-02T02:16:29+00:00,2026-10-02T02:16:29+00:00,1.59,False
AAL459,Arrival,2026-10-02T03:55:00+00:00,2026-10-02T02:16:29+00:00,2026-10-02T02:16:29+00:00,1.64,False
SWA1522,Arrival,2026-10-02T04:02:00+00:00,2026-10-01T11:17:59+00:00,2026-10-02T02:16:29+00:00,1.76,True
SWA1933,Arrival,2026-10-02T04:03:00+00:00,2026-10-02T02:16:29+00:00,2026-10-02T02:16:29+00:00,1.78,False
SWA1123,Arrival,2026-10-02T04:07:00+00:00,2026-10-02T02:16:29+00:00,2026-10-02T02:16:29+00:00,1.84,False
DAL1403,Arrival,2026-10-02T04:14:00+00:00,2026-10-02T02:16:29+00:00,2026-10-02T02:16:29+00:00,1.96,False
AAL1445,Arrival,2026-10-02T04:18:00+00:00,2026-10-02T02:16:29+00:00,2026-10-02T02:16:29+00:00,2.03,False
UAL4479,Arrival,2026-10-02T04:20:00+00:00,2026-10-02T02:16:29+00:00,2026-10-02T02:16:29+00:00,2.06,False
SWA426,Arrival,2026-10-02T04:22:00+00:00,2026-10-02T02:16:29+00:00,2026-10-02T02:16:29+00:00,2.09,False
AAL5000,Arrival,2026-10-02T04:32:00+00:00,2026-10-02T02:16:29+00:00,2026-10-02T02:16:29+00:00,2.26,False
ASA472,Arrival,2026-10-02T04:36:00+00:00,2026-10-02T02:16:29+00:00,2026-10-02T02:16:29+00:00,2.33,False
SWA3492,Arrival,2026-10-02T04:36:00+00:00,2026-10-02T02:16:29+00:00,2026-10-02T02:16:29+00:00,2.33,False
UAL4733,Arrival,2026-10-02T04:38:00+00:00,2026-10-02T02:16:29+00:00,2026-10-02T02:16:29+00:00,2.36,False
AAL1594,Arrival,2026-10-02T04:50:00+00:00,2026-10-02T02:16:29+00:00,2026-10-02T02:16:29+00:00,2.56,False
SWA3732,Arrival,2026-10-02T04:56:00+00:00,2026-10-02T02:16:29+00:00,2026-10-02T02:16:29+00:00,2.66,False
SWA1172,Arrival,2026-10-02T05:01:00+00:00,2026-10-02T02:16:29+00:00,2026-10-02T02:16:29+00:00,2.74,False
SWA155,Arrival,2026-10-02T05:04:00+00:00,2026-10-02T02:16:29+00:00,2026-10-02T02:16:29+00:00,2.79,False
SWA2444,Arrival,2026-10-02T05:10:00+00:00,2026-10-02T02:16:29+00:00,2026-10-02T02:16:29+00:00,2.89,False
DAL2666,Arrival,2026-10-02T05:12:00+00:00,2026-10-02T02:16:29+00:00,2026-10-02T02:16:29+00:00,2.93,False
SWA2870,Arrival,2026-10-02T05:21:00+00:00,2026-10-02T02:16:29+00:00,2026-10-02T02:16:29+00:00,3.08,False
SWA4628,Arrival,2026-10-02T05:25:00+00:00,2026-10-02T02:16:29+00:00,2026-10-02T02:16:29+00:00,3.14,False
SCX3012,Arrival,2026-10-02T05:39:00+00:00,2026-10-02T02:16:29+00:00,2026-10-02T02:16:29+00:00,3.38,False
SWA2453,Arrival,2026-10-02T05:48:00+00:00,2026-10-02T02:16:29+00:00,2026-10-02T02:16:29+00:00,3.53,False
UAL4576,Arrival,2026-10-02T05:53:00+00:00,2026-10-02T02:16:29+00:00,2026-10-02T02:16:29+00:00,3.61,False
SWA3493,Arrival,2026-10-02T06:11:00+00:00,2026-10-02T02:16:29+00:00,2026-10-02T02:16:29+00:00,3.91,False
SWA2379,Arrival,2026-10-02T06:18:00+00:00,2026-10-02T02:16:29+00:00,2026-10-02T02:16:29+00:00,4.03,False
SCX3096,Arrival,2026-10-02T08:06:00+00:00,2026-10-02T02:16:29+00:00,2026-10-02T02:16:29+00:00,5.83,False
SWA2858,Departure,2026-10-02T04:51:00+00:00,2026-10-02T02:16:29+00:00,2026-10-02T03:58:44+00:00,0.87,True
DAL5325,Departure,2026-10-02T13:46:00+00:00,2026-10-02T03:58:44+00:00,2026-10-02T03:58:44+00:00,9.79,False
WU688,Departure,2026-10-02T14:15:00+00:00,2026-10-02T03:58:44+00:00,2026-10-02T03:58:44+00:00,10.27,False
SWA645,Departure,2026-10-02T15:20:00+00:00,2026-10-02T03:58:44+00:00,2026-10-02T03:58:44+00:00,11.35,False
SKQ22,Arrival,2026-10-02T05:00:00+00:00,2026-10-02T03:58:44+00:00,2026-10-02T03:58:44+00:00,1.02,False
AAL1010,Arrival,2026-10-02T05:25:00+00:00,2026-10-02T03:58:44+00:00,2026-10-02T03:58:44+00:00,1.44,False
AAL3069,Arrival,2026-10-02T07:51:00+00:00,2026-10-02T02:16:29+00:00,2026-10-02T03:58:44+00:00,3.87,True
AAL3333,Arrival,2026-10-02T14:24:00+00:00,2026-10-02T03:58:44+00:00,2026-10-02T03:58:44+00:00,10.42,False
SKQ22,Departure,2026-10-02T05:35:00+00:00,2026-10-02T05:43:55+00:00,2026-10-02T05:43:55+00:00,-0.15,False
SCX3022,Departure,2026-10-02T07:46:00+00:00,2026-10-02T05:43:55+00:00,2026-10-02T05:43:55+00:00,2.03,False
SWA492,Departure,2026-10-02T07:52:00+00:00,2026-10-02T02:16:29+00:00,2026-10-02T05:43:55+00:00,2.13,True
JTL400,Departure,2026-10-02T16:30:00+00:00,2026-10-02T05:43:55+00:00,2026-10-02T05:43:55+00:00,10.77,False
SWA1687,Arrival,2026-10-02T06:30:00+00:00,2026-10-02T02:16:29+00:00,2026-10-02T05:43:55+00:00,0.77,True
SWA4925,Arrival,2026-10-02T06:33:00+00:00,2026-10-02T02:16:29+00:00,2026-10-02T05:43:55+00:00,0.82,True
SWA2099,Arrival,2026-10-02T06:53:00+00:00,2026-10-02T05:43:55+00:00,2026-10-02T05:43:55+00:00,1.15,False
SWA1806,Arrival,2026-10-02T08:35:00+00:00,2026-10-02T02:16:29+00:00,2026-10-02T05:43:55+00:00,2.85,True
UPS634,Arrival,2026-10-02T09:16:00+00:00,2026-10-02T05:43:55+00:00,2026-10-02T05:43:55+00:00,3.53,False
SCX3002,Arrival,2026-10-02T10:56:00+00:00,2026-10-02T05:43:55+00:00,2026-10-02T05:43:55+00:00,5.2,False
JTL400,Arrival,2026-10-02T14:44:00+00:00,2026-10-02T05:43:55+00:00,2026-10-02T05:43:55+00:00,9.0,False
PO5,Arrival,2026-10-02T17:10:00+00:00,2026-10-02T05:43:55+00:00,2026-10-02T05:43:55+00:00,11.43,False
SWA863,Departure,2026-10-02T11:03:00+00:00,2026-10-02T02:16:29+00:00,2026-10-02T11:15:17+00:00,-0.2,True
AAL4634,Departure,2026-10-02T11:05:00+00:00,2026-10-02T02:16:29+00:00,2026-10-02T11:15:17+00:00,-0.17,True
SWA2493,Departure,2026-10-02T11:06:00+00:00,2026-10-02T02:16:29+00:00,2026-10-02T11:15:17+00:00,-0.15,True
SWA3356,Departure,2026-10-02T11:07:00+00:00,2026-10-02T02:16:29+00:00,2026-10-02T11:15:17+00:00,-0.14,True
SWA1479,Departure,2026-10-02T11:08:00+00:00,2026-10-02T02:16:29+00:00,2026-10-02T11:15:17+00:00,-0.12,True
AAL4450,Departure,2026-10-02T11:13:00+00:00,2026-10-02T02:16:29+00:00,2026-10-02T11:15:17+00:00,-0.04,True
DAL1597,Departure,2026-10-02T11:15:00+00:00,2026-10-02T02:16:29+00:00,2026-10-02T11:15:17+00:00,-0.0,True
UAL1371,Departure,2026-10-02T11:15:00+00:00,2026-10-02T02:16:29+00:00,2026-10-02T11:15:17+00:00,-0.0,True
ASA473,Departure,2026-10-02T11:29:00+00:00,2026-10-02T02:16:29+00:00,2026-10-02T11:15:17+00:00,0.23,True
AAL4667,Departure,2026-10-02T11:30:00+00:00,2026-10-02T02:16:29+00:00,2026-10-02T11:15:17+00:00,0.25,True
AAL6480,Departure,2026-10-02T11:30:00+00:00,2026-10-02T02:16:29+00:00,2026-10-02T11:15:17+00:00,0.25,True
DAL1626,Departure,2026-10-02T11:40:00+00:00,2026-10-02T02:16:29+00:00,2026-10-02T11:15:17+00:00,0.41,True
SWA4046,Departure,2026-10-02T11:45:00+00:00,2026-10-02T02:16:29+00:00,2026-10-02T11:15:17+00:00,0.5,True
AAL1515,Departure,2026-10-02T11:53:00+00:00,2026-10-02T02:16:29+00:00,2026-10-02T11:15:17+00:00,0.63,True
DAL1536,Departure,2026-10-02T12:00:00+00:00,2026-10-02T02:16:29+00:00,2026-10-02T11:15:17+00:00,0.75,True
AAL1997,Departure,2026-10-02T12:21:00+00:00,2026-10-02T02:16:29+00:00,2026-10-02T11:15:17+00:00,1.1,True
SWA4124,Departure,2026-10-02T12:50:00+00:00,2026-10-02T02:16:29+00:00,2026-10-02T11:15:17+00:00,1.58,True
SWA4091,Departure,2026-10-02T12:50:00+00:00,2026-10-02T02:16:29+00:00,2026-10-02T11:15:17+00:00,1.58,True
SWA4963,Departure,2026-10-02T13:10:00+00:00,2026-10-02T02:16:29+00:00,2026-10-02T11:15:17+00:00,1.91,True
KI524,Departure,2026-10-02T13:18:00+00:00,2026-10-02T11:15:17+00:00,2026-10-02T11:15:17+00:00,2.05,False
SWA4074,Departure,2026-10-02T13:20:00+00:00,2026-10-02T02:16:29+00:00,2026-10-02T11:15:17+00:00,2.08,True
SWA4922,Departure,2026-10-02T13:30:00+00:00,2026-10-02T02:16:29+00:00,2026-10-02T11:15:17+00:00,2.25,True
SWA286,Departure,2026-10-02T13:30:00+00:00,2026-10-02T02:16:29+00:00,2026-10-02T11:15:17+00:00,2.25,True
SWA4105,Departure,2026-10-02T13:30:00+00:00,2026-10-02T02:16:29+00:00,2026-10-02T11:15:17+00:00,2.25,True
SWA2667,Departure,2026-10-02T13:30:00+00:00,2026-10-02T02:16:29+00:00,2026-10-02T11:15:17+00:00,2.25,True
SWA270,Departure,2026-10-02T13:30:00+00:00,2026-10-02T02:16:29+00:00,2026-10-02T11:15:17+00:00,2.25,True
ASP595,Departure,2026-10-02T16:45:00+00:00,2026-10-02T11:15:17+00:00,2026-10-02T11:15:17+00:00,5.5,False
UAL560,Departure,2026-10-02T17:20:00+00:00,2026-10-02T11:15:17+00:00,2026-10-02T11:15:17+00:00,6.08,False
UAL4454,Departure,2026-10-02T18:09:00+00:00,2026-10-02T11:15:17+00:00,2026-10-02T11:15:17+00:00,6.9,False
DLH449,Departure,2026-10-02T20:30:00+00:00,2026-10-02T11:15:17+00:00,2026-10-02T11:15:17+00:00,9.25,False
UAL2323,Departure,2026-10-02T21:39:00+00:00,2026-10-02T11:15:17+00:00,2026-10-02T11:15:17+00:00,10.4,False
AAL3739,Departure,2026-10-02T22:11:00+00:00,2026-10-02T11:15:17+00:00,2026-10-02T11:15:17+00:00,10.93,False
SWA3690,Departure,2026-10-02T22:35:00+00:00,2026-10-02T11:15:17+00:00,2026-10-02T11:15:17+00:00,11.33,False
SWA2221,Arrival,2026-10-02T11:37:00+00:00,2026-10-02T02:16:29+00:00,2026-10-02T11:15:17+00:00,0.36,True
SWA3038,Arrival,2026-10-02T11:51:00+00:00,2026-10-02T02:16:29+00:00,2026-10-02T11:15:17+00:00,0.6,True
SWA816,Arrival,2026-10-02T12:01:00+00:00,2026-10-02T02:16:29+00:00,2026-10-02T11:15:17+00:00,0.76,True
KI524,Arrival,2026-10-02T12:03:00+00:00,2026-10-02T11:15:17+00:00,2026-10-02T11:15:17+00:00,0.8,False
SWA314,Arrival,2026-10-02T12:10:00+00:00,2026-10-02T02:16:29+00:00,2026-10-02T11:15:17+00:00,0.91,True
SWA255,Arrival,2026-10-02T12:15:00+00:00,2026-10-02T02:16:29+00:00,2026-10-02T11:15:17+00:00,1.0,True
SWA3193,Arrival,2026-10-02T12:19:00+00:00,2026-10-02T02:16:29+00:00,2026-10-02T11:15:17+00:00,1.06,True
SWA3550,Arrival,2026-10-02T12:20:00+00:00,2026-10-02T02:16:29+00:00,2026-10-02T11:15:17+00:00,1.08,True
SWA3092,Arrival,2026-10-02T12:21:00+00:00,2026-10-02T02:16:29+00:00,2026-10-02T11:15:17+00:00,1.1,True
SWA262,Arrival,2026-10-02T12:26:00+00:00,2026-10-02T02:16:29+00:00,2026-10-02T11:15:17+00:00,1.18,True
SWA4884,Arrival,2026-10-02T12:29:00+00:00,2026-10-02T02:16:29+00:00,2026-10-02T11:15:17+00:00,1.23,True
SWA2549,Arrival,2026-10-02T12:34:00+00:00,2026-10-02T02:16:29+00:00,2026-10-02T11:15:17+00:00,1.31,True
SWA3341,Arrival,2026-10-02T12:35:00+00:00,2026-10-02T02:16:29+00:00,2026-10-02T11:15:17+00:00,1.33,True
SWA734,Arrival,2026-10-02T12:39:00+00:00,2026-10-02T02:16:29+00:00,2026-10-02T11:15:17+00:00,1.4,True
DAL5286,Arrival,2026-10-02T13:03:00+00:00,2026-10-02T02:16:29+00:00,2026-10-02T11:15:17+00:00,1.8,True
AAL3546,Arrival,2026-10-02T13:10:00+00:00,2026-10-02T02:16:29+00:00,2026-10-02T11:15:17+00:00,1.91,True
DAL4939,Arrival,2026-10-02T13:23:00+00:00,2026-10-02T02:16:29+00:00,2026-10-02T11:15:17+00:00,2.13,True
SWA4197,Arrival,2026-10-02T13:23:00+00:00,2026-10-02T02:16:29+00:00,2026-10-02T11:15:17+00:00,2.13,True
SWA1218,Arrival,2026-10-02T13:35:00+00:00,2026-10-02T02:16:29+00:00,2026-10-02T11:15:17+00:00,2.33,True
AAL4340,Arrival,2026-10-02T13:37:00+00:00,2026-10-02T02:16:29+00:00,2026-10-02T11:15:17+00:00,2.36,True
UAL3689,Arrival,2026-10-02T13:41:00+00:00,2026-10-02T02:16:29+00:00,2026-10-02T11:15:17+00:00,2.43,True
SWA1796,Arrival,2026-10-02T13:44:00+00:00,2026-10-02T02:16:29+00:00,2026-10-02T11:15:17+00:00,2.48,True
SWA3555,Arrival,2026-10-02T13:54:00+00:00,2026-10-02T02:16:29+00:00,2026-10-02T11:15:17+00:00,2.65,True
SWA3138,Arrival,2026-10-02T13:58:00+00:00,2026-10-02T03:58:44+00:00,2026-10-02T11:15:17+00:00,2.71,True
SWA500,Arrival,2026-10-02T14:00:00+00:00,2026-10-02T03:58:44+00:00,2026-10-02T11:15:17+00:00,2.75,True
SWA3082,Arrival,2026-10-02T14:03:00+00:00,2026-10-02T03:58:44+00:00,2026-10-02T11:15:17+00:00,2.8,True
SWA4481,Arrival,2026-10-02T14:04:00+00:00,2026-10-02T03:58:44+00:00,2026-10-02T11:15:17+00:00,2.81,True
SWA3065,Arrival,2026-10-02T14:05:00+00:00,2026-10-02T03:58:44+00:00,2026-10-02T11:15:17+00:00,2.83,True
SWA2128,Arrival,2026-10-02T14:09:00+00:00,2026-10-02T03:58:44+00:00,2026-10-02T11:15:17+00:00,2.9,True
SWA1519,Arrival,2026-10-02T14:19:00+00:00,2026-10-02T03:58:44+00:00,2026-10-02T11:15:17+00:00,3.06,True
SWA429,Arrival,2026-10-02T14:34:00+00:00,2026-10-02T03:58:44+00:00,2026-10-02T11:15:17+00:00,3.31,True
UAL4587,Arrival,2026-10-02T14:35:00+00:00,2026-10-02T03:58:44+00:00,2026-10-02T11:15:17+00:00,3.33,True
SWA2758,Arrival,2026-10-02T14:39:00+00:00,2026-10-02T03:58:44+00:00,2026-10-02T11:15:17+00:00,3.4,True
SWA1451,Arrival,2026-10-02T15:02:00+00:00,2026-10-02T03:58:44+00:00,2026-10-02T11:15:17+00:00,3.78,True
SWA3140,Arrival,2026-10-02T15:04:00+00:00,2026-10-02T03:58:44+00:00,2026-10-02T11:15:17+00:00,3.81,True
EJA975,Arrival,2026-10-02T15:24:00+00:00,2026-10-02T11:15:17+00:00,2026-10-02T11:15:17+00:00,4.15,False
EJA583,Arrival,2026-10-02T15:51:00+00:00,2026-10-02T11:15:17+00:00,2026-10-02T11:15:17+00:00,4.6,False
LXJ318,Arrival,2026-10-02T16:11:00+00:00,2026-10-02T11:15:17+00:00,2026-10-02T11:15:17+00:00,4.93,False
DLH448,Arrival,2026-10-02T18:25:00+00:00,2026-10-02T11:15:17+00:00,2026-10-02T11:15:17+00:00,7.16,False
DAL2455,Arrival,2026-10-02T18:30:00+00:00,2026-10-02T11:15:17+00:00,2026-10-02T11:15:17+00:00,7.25,False
LXJ535,Arrival,2026-10-02T18:40:00+00:00,2026-10-02T11:15:17+00:00,2026-10-02T11:15:17+00:00,7.41,False
AAL2660,Arrival,2026-10-02T18:44:00+00:00,2026-10-02T11:15:17+00:00,2026-10-02T11:15:17+00:00,7.48,False
JR847,Arrival,2026-10-02T18:58:00+00:00,2026-10-02T11:15:17+00:00,2026-10-02T11:15:17+00:00,7.71,False
AAL1363,Arrival,2026-10-02T19:44:00+00:00,2026-10-02T11:15:17+00:00,2026-10-02T11:15:17+00:00,8.48,False
DAL4905,Arrival,2026-10-02T20:31:00+00:00,2026-10-02T11:15:17+00:00,2026-10-02T11:15:17+00:00,9.26,False
DAL1224,Arrival,2026-10-02T21:47:00+00:00,2026-10-02T11:15:17+00:00,2026-10-02T11:15:17+00:00,10.53,False
SWA1522,Arrival,2026-10-02T21:49:00+00:00,2026-10-02T11:15:17+00:00,2026-10-02T11:15:17+00:00,10.56,False
ASA1318,Arrival,2026-10-02T22:10:00+00:00,2026-10-02T11:15:17+00:00,2026-10-02T11:15:17+00:00,10.91,False
SWA4976,Arrival,2026-10-02T22:19:00+00:00,2026-10-02T11:15:17+00:00,2026-10-02T11:15:17+00:00,11.06,False
AAL4727,Arrival,2026-10-02T22:24:00+00:00,2026-10-02T11:15:17+00:00,2026-10-02T11:15:17+00:00,11.15,False
DAL1492,Arrival,2026-10-02T22:37:00+00:00,2026-10-02T11:15:17+00:00,2026-10-02T11:15:17+00:00,11.36,False
AAL2574,Departure,2026-10-02T13:00:00+00:00,2026-10-02T02:16:29+00:00,2026-10-02T12:58:08+00:00,0.03,True
DAL2363,Departure,2026-10-02T13:00:00+00:00,2026-10-02T02:16:29+00:00,2026-10-02T12:58:08+00:00,0.03,True
AAL537,Departure,2026-10-02T13:00:00+00:00,2026-10-02T02:16:29+00:00,2026-10-02T12:58:08+00:00,0.03,True
UAL4506,Departure,2026-10-02T13:30:00+00:00,2026-10-02T02:16:29+00:00,2026-10-02T12:58:08+00:00,0.53,True
SWA4931,Departure,2026-10-02T13:30:00+00:00,2026-10-02T02:16:29+00:00,2026-10-02T12:58:08+00:00,0.53,True
SWA380,Departure,2026-10-02T13:35:00+00:00,2026-10-02T12:58:08+00:00,2026-10-02T12:58:08+00:00,0.61,False
SWA4062,Departure,2026-10-02T13:35:00+00:00,2026-10-02T02:16:29+00:00,2026-10-02T12:58:08+00:00,0.61,True
SWA2532,Departure,2026-10-02T13:35:00+00:00,2026-10-02T02:16:29+00:00,2026-10-02T12:58:08+00:00,0.61,True
UAL4595,Departure,2026-10-02T13:35:00+00:00,2026-10-02T02:16:29+00:00,2026-10-02T12:58:08+00:00,0.61,True
AAL712,Departure,2026-10-02T13:43:00+00:00,2026-10-02T02:16:29+00:00,2026-10-02T12:58:08+00:00,0.75,True
AAL3546,Departure,2026-10-02T13:54:00+00:00,2026-10-02T03:58:44+00:00,2026-10-02T12:58:08+00:00,0.93,True
ACA8886,Departure,2026-10-02T13:55:00+00:00,2026-10-02T03:58:44+00:00,2026-10-02T12:58:08+00:00,0.95,True
UAL4601,Departure,2026-10-02T14:04:00+00:00,2026-10-02T03:58:44+00:00,2026-10-02T12:58:08+00:00,1.1,True
DAL1524,Departure,2026-10-02T14:10:00+00:00,2026-10-02T02:16:29+00:00,2026-10-02T12:58:08+00:00,1.2,True
SWA4403,Departure,2026-10-02T14:21:00+00:00,2026-10-02T02:16:29+00:00,2026-10-02T12:58:08+00:00,1.38,True
SWA1995,Departure,2026-10-02T15:05:00+00:00,2026-10-02T03:58:44+00:00,2026-10-02T12:58:08+00:00,2.11,True
SWA4118,Departure,2026-10-02T15:20:00+00:00,2026-10-02T03:58:44+00:00,2026-10-02T12:58:08+00:00,2.36,True
SWA4590,Departure,2026-10-02T15:25:00+00:00,2026-10-02T03:58:44+00:00,2026-10-02T12:58:08+00:00,2.45,True
SWA4129,Departure,2026-10-02T15:40:00+00:00,2026-10-02T05:43:55+00:00,2026-10-02T12:58:08+00:00,2.7,True
EJA975,Departure,2026-10-02T16:30:00+00:00,2026-10-02T12:58:08+00:00,2026-10-02T12:58:08+00:00,3.53,False
SWA3357,Departure,2026-10-02T23:10:00+00:00,2026-10-02T12:58:08+00:00,2026-10-02T12:58:08+00:00,10.2,False
DAL1571,Arrival,2026-10-02T13:39:00+00:00,2026-10-02T03:58:44+00:00,2026-10-02T12:58:08+00:00,0.68,True
DAL2868,Arrival,2026-10-02T14:00:00+00:00,2026-10-02T03:58:44+00:00,2026-10-02T12:58:08+00:00,1.03,True
SWA2660,Arrival,2026-10-02T14:14:00+00:00,2026-10-02T03:58:44+00:00,2026-10-02T12:58:08+00:00,1.26,True
AAL2497,Arrival,2026-10-02T14:32:00+00:00,2026-10-02T03:58:44+00:00,2026-10-02T12:58:08+00:00,1.56,True
SWA1759,Arrival,2026-10-02T14:41:00+00:00,2026-10-02T03:58:44+00:00,2026-10-02T12:58:08+00:00,1.71,True
SWA3589,Arrival,2026-10-02T15:03:00+00:00,2026-10-02T05:43:55+00:00,2026-10-02T12:58:08+00:00,2.08,True
UAL6214,Arrival,2026-10-02T15:04:00+00:00,2026-10-02T03:58:44+00:00,2026-10-02T12:58:08+00:00,2.1,True
AAL4436,Arrival,2026-10-02T15:06:00+00:00,2026-10-02T03:58:44+00:00,2026-10-02T12:58:08+00:00,2.13,True
AAL2818,Arrival,2026-10-02T15:12:00+00:00,2026-10-02T03:58:44+00:00,2026-10-02T12:58:08+00:00,2.23,True
AAL1739,Arrival,2026-10-02T15:24:00+00:00,2026-10-02T03:58:44+00:00,2026-10-02T12:58:08+00:00,2.43,True
UAL4613,Arrival,2026-10-02T15:42:00+00:00,2026-10-02T05:43:55+00:00,2026-10-02T12:58:08+00:00,2.73,True
SWA2129,Arrival,2026-10-02T16:01:00+00:00,2026-10-02T05:43:55+00:00,2026-10-02T12:58:08+00:00,3.05,True
FFT3108,Arrival,2026-10-02T16:06:00+00:00,2026-10-02T05:43:55+00:00,2026-10-02T12:58:08+00:00,3.13,True
SWA1241,Arrival,2026-10-02T16:29:00+00:00,2026-10-02T05:43:55+00:00,2026-10-02T12:58:08+00:00,3.51,True
SWA3532,Arrival,2026-10-02T16:50:00+00:00,2026-10-02T11:15:17+00:00,2026-10-02T12:58:08+00:00,3.86,True
SWA694,Arrival,2026-10-02T17:05:00+00:00,2026-10-02T05:43:55+00:00,2026-10-02T12:58:08+00:00,4.11,True
SWA4693,Arrival,2026-10-02T17:14:00+00:00,2026-10-02T05:43:55+00:00,2026-10-02T12:58:08+00:00,4.26,True
AAL2761,Arrival,2026-10-02T23:04:00+00:00,2026-10-02T12:58:08+00:00,2026-10-02T12:58:08+00:00,10.1,False
SWA4628,Arrival,2026-10-02T23:59:00+00:00,2026-10-02T12:58:08+00:00,2026-10-02T12:58:08+00:00,11.01,False
SWA3732,Arrival,2026-10-02T23:59:00+00:00,2026-10-02T12:58:08+00:00,2026-10-02T12:58:08+00:00,11.01,False
AAL2487,Arrival,2026-10-03T00:07:00+00:00,2026-10-02T12:58:08+00:00,2026-10-02T12:58:08+00:00,11.15,False
UAL4527,Arrival,2026-10-03T00:15:00+00:00,2026-10-02T12:58:08+00:00,2026-10-02T12:58:08+00:00,11.28,False
UAL3715,Departure,2026-10-02T14:30:00+00:00,2026-10-02T03:58:44+00:00,2026-10-02T14:36:18+00:00,-0.11,True
SWA1932,Departure,2026-10-02T14:35:00+00:00,2026-10-02T03:58:44+00:00,2026-10-02T14:36:18+00:00,-0.02,True
AAL4443,Departure,2026-10-02T14:58:00+00:00,2026-10-02T03:58:44+00:00,2026-10-02T14:36:18+00:00,0.36,True
DAL5041,Departure,2026-10-02T15:00:00+00:00,2026-10-02T03:58:44+00:00,2026-10-02T14:36:18+00:00,0.39,True
DAL1571,Departure,2026-10-02T15:05:00+00:00,2026-10-02T03:58:44+00:00,2026-10-02T14:36:18+00:00,0.48,True
AAL3333,Departure,2026-10-02T15:14:00+00:00,2026-10-02T03:58:44+00:00,2026-10-02T14:36:18+00:00,0.63,True
SWA4049,Departure,2026-10-02T15:20:00+00:00,2026-10-02T03:58:44+00:00,2026-10-02T14:36:18+00:00,0.73,True
SWA651,Departure,2026-10-02T15:20:00+00:00,2026-10-02T03:58:44+00:00,2026-10-02T14:36:18+00:00,0.73,True
SWA485,Departure,2026-10-02T15:20:00+00:00,2026-10-02T03:58:44+00:00,2026-10-02T14:36:18+00:00,0.73,True
SWA4034,Departure,2026-10-02T15:20:00+00:00,2026-10-02T03:58:44+00:00,2026-10-02T14:36:18+00:00,0.73,True
SWA766,Departure,2026-10-02T15:20:00+00:00,2026-10-02T03:58:44+00:00,2026-10-02T14:36:18+00:00,0.73,True
SWA568,Departure,2026-10-02T15:20:00+00:00,2026-10-02T03:58:44+00:00,2026-10-02T14:36:18+00:00,0.73,True
AAL2497,Departure,2026-10-02T15:21:00+00:00,2026-10-02T03:58:44+00:00,2026-10-02T14:36:18+00:00,0.74,True
UAL4517,Departure,2026-10-02T15:27:00+00:00,2026-10-02T03:58:44+00:00,2026-10-02T14:36:18+00:00,0.84,True
SWA4092,Departure,2026-10-02T15:28:00+00:00,2026-10-02T03:58:44+00:00,2026-10-02T14:36:18+00:00,0.86,True
DAL2868,Departure,2026-10-02T15:29:00+00:00,2026-10-02T05:43:55+00:00,2026-10-02T14:36:18+00:00,0.88,True
SWA4143,Departure,2026-10-02T15:50:00+00:00,2026-10-02T05:43:55+00:00,2026-10-02T14:36:18+00:00,1.23,True
SWA1109,Departure,2026-10-02T15:54:00+00:00,2026-10-02T05:43:55+00:00,2026-10-02T14:36:18+00:00,1.29,True
EJA583,Departure,2026-10-02T17:00:00+00:00,2026-10-02T14:36:18+00:00,2026-10-02T14:36:18+00:00,2.39,False
LXJ318,Departure,2026-10-02T17:30:00+00:00,2026-10-02T14:36:18+00:00,2026-10-02T14:36:18+00:00,2.89,False
SWA3173,Departure,2026-10-02T17:59:00+00:00,2026-10-02T11:15:17+00:00,2026-10-02T14:36:18+00:00,3.38,True
PO5,Departure,2026-10-02T18:30:00+00:00,2026-10-02T14:36:18+00:00,2026-10-02T14:36:18+00:00,3.89,False
ASA674,Departure,2026-10-03T00:36:00+00:00,2026-10-02T14:36:18+00:00,2026-10-02T14:36:18+00:00,9.99,False
SWA1361,Departure,2026-10-03T00:40:00+00:00,2026-10-02T14:36:18+00:00,2026-10-02T14:36:18+00:00,10.06,False
DAL1289,Arrival,2026-10-02T15:03:00+00:00,2026-10-02T05:43:55+00:00,2026-10-02T14:36:18+00:00,0.44,True
DAL1400,Arrival,2026-10-02T15:45:00+00:00,2026-10-02T05:43:55+00:00,2026-10-02T14:36:18+00:00,1.14,True
UAL2311,Arrival,2026-10-02T16:19:00+00:00,2026-10-02T05:43:55+00:00,2026-10-02T14:36:18+00:00,1.71,True
DAL4922,Arrival,2026-10-02T16:38:00+00:00,2026-10-02T05:43:55+00:00,2026-10-02T14:36:18+00:00,2.03,True
AAL4074,Arrival,2026-10-02T16:41:00+00:00,2026-10-02T11:15:17+00:00,2026-10-02T14:36:18+00:00,2.08,True
SWA806,Arrival,2026-10-02T17:09:00+00:00,2026-10-02T05:43:55+00:00,2026-10-02T14:36:18+00:00,2.54,True
SWA1452,Arrival,2026-10-02T17:16:00+00:00,2026-10-02T11:15:17+00:00,2026-10-02T14:36:18+00:00,2.66,True
SWA1468,Arrival,2026-10-02T17:39:00+00:00,2026-10-02T11:15:17+00:00,2026-10-02T14:36:18+00:00,3.04,True
SWA2949,Arrival,2026-10-02T18:01:00+00:00,2026-10-02T11:15:17+00:00,2026-10-02T14:36:18+00:00,3.41,True
AAL477,Arrival,2026-10-02T18:12:00+00:00,2026-10-02T11:15:17+00:00,2026-10-02T14:36:18+00:00,3.59,True
SWA1015,Arrival,2026-10-02T18:24:00+00:00,2026-10-02T11:15:17+00:00,2026-10-02T14:36:18+00:00,3.79,True
SWA2550,Arrival,2026-10-02T18:39:00+00:00,2026-10-02T11:15:17+00:00,2026-10-02T14:36:18+00:00,4.04,True
SWA3345,Arrival,2026-10-02T18:46:00+00:00,2026-10-02T11:15:17+00:00,2026-10-02T14:36:18+00:00,4.16,True
ASA388,Arrival,2026-10-02T18:48:00+00:00,2026-10-02T11:15:17+00:00,2026-10-02T14:36:18+00:00,4.19,True
SWA1521,Arrival,2026-10-02T18:51:00+00:00,2026-10-02T11:15:17+00:00,2026-10-02T14:36:18+00:00,4.24,True
EJA552,Arrival,2026-10-02T19:36:00+00:00,2026-10-02T14:36:18+00:00,2026-10-02T14:36:18+00:00,4.99,False
EJA826,Arrival,2026-10-02T20:48:00+00:00,2026-10-02T14:36:18+00:00,2026-10-02T14:36:18+00:00,6.19,False
UAL4412,Arrival,2026-10-03T00:35:00+00:00,2026-10-02T14:36:18+00:00,2026-10-02T14:36:18+00:00,9.98,False
PX525,Arrival,2026-10-03T01:45:00+00:00,2026-10-02T14:36:18+00:00,2026-10-02T14:36:18+00:00,11.14,False
SWA2099,Arrival,2026-10-03T02:00:00+00:00,2026-10-02T14:36:18+00:00,2026-10-02T14:36:18+00:00,11.39,False
UAL4423,Departure,2026-10-03T11:00:00+00:00,2026-10-03T11:07:42+00:00,2026-10-03T11:07:42+00:00,-0.13,False
SWA674,Departure,2026-10-03T11:00:00+00:00,2026-10-03T11:07:42+00:00,2026-10-03T11:07:42+00:00,-0.13,False
DAL1524,Departure,2026-10-03T11:00:00+00:00,2026-10-03T11:07:42+00:00,2026-10-03T11:07:42+00:00,-0.13,False
ASA473,Departure,2026-10-03T11:02:00+00:00,2026-10-03T11:07:42+00:00,2026-10-03T11:07:42+00:00,-0.1,False
SWA3585,Departure,2026-10-03T11:05:00+00:00,2026-10-03T11:07:42+00:00,2026-10-03T11:07:42+00:00,-0.05,False
SCX3027,Departure,2026-10-03T11:15:00+00:00,2026-10-03T11:07:42+00:00,2026-10-03T11:07:42+00:00,0.12,False
UAL1371,Departure,2026-10-03T11:15:00+00:00,2026-10-03T11:07:42+00:00,2026-10-03T11:07:42+00:00,0.12,False
DAL1597,Departure,2026-10-03T11:15:00+00:00,2026-10-03T11:07:42+00:00,2026-10-03T11:07:42+00:00,0.12,False
AAL6480,Departure,2026-10-03T11:20:00+00:00,2026-10-03T11:07:42+00:00,2026-10-03T11:07:42+00:00,0.2,False
SWA1145,Departure,2026-10-03T11:25:00+00:00,2026-10-03T11:07:42+00:00,2026-10-03T11:07:42+00:00,0.29,False
SWA1439,Departure,2026-10-03T11:25:00+00:00,2026-10-03T11:07:42+00:00,2026-10-03T11:07:42+00:00,0.29,False
SWA4054,Departure,2026-10-03T11:30:00+00:00,2026-10-03T11:07:42+00:00,2026-10-03T11:07:42+00:00,0.37,False
AAL4667,Departure,2026-10-03T11:30:00+00:00,2026-10-03T11:07:42+00:00,2026-10-03T11:07:42+00:00,0.37,False
SWA3356,Departure,2026-10-03T11:35:00+00:00,2026-10-03T11:07:42+00:00,2026-10-03T11:07:42+00:00,0.45,False
SWA3363,Departure,2026-10-03T11:35:00+00:00,2026-10-03T11:07:42+00:00,2026-10-03T11:07:42+00:00,0.45,False
DAL1626,Departure,2026-10-03T11:40:00+00:00,2026-10-03T11:07:42+00:00,2026-10-03T11:07:42+00:00,0.54,False
AAL1515,Departure,2026-10-03T11:53:00+00:00,2026-10-03T11:07:42+00:00,2026-10-03T11:07:42+00:00,0.75,False
AAL4634,Departure,2026-10-03T11:54:00+00:00,2026-10-03T11:07:42+00:00,2026-10-03T11:07:42+00:00,0.77,False
AAL537,Departure,2026-10-03T12:00:00+00:00,2026-10-03T11:07:42+00:00,2026-10-03T11:07:42+00:00,0.87,False
SWA2975,Departure,2026-10-03T12:20:00+00:00,2026-10-03T11:07:42+00:00,2026-10-03T11:07:42+00:00,1.2,False
JR709,Departure,2026-10-03T12:30:00+00:00,2026-10-03T11:07:42+00:00,2026-10-03T11:07:42+00:00,1.37,False
UAL577,Departure,2026-10-03T12:30:00+00:00,2026-10-03T11:07:42+00:00,2026-10-03T11:07:42+00:00,1.37,False
EJA417,Departure,2026-10-03T13:00:00+00:00,2026-10-03T11:07:42+00:00,2026-10-03T11:07:42+00:00,1.87,False
SWA2493,Departure,2026-10-03T13:30:00+00:00,2026-10-03T11:07:42+00:00,2026-10-03T11:07:42+00:00,2.37,False
AAL712,Departure,2026-10-03T13:43:00+00:00,2026-10-03T11:07:42+00:00,2026-10-03T11:07:42+00:00,2.59,False
SWA1137,Departure,2026-10-03T13:55:00+00:00,2026-10-03T11:07:42+00:00,2026-10-03T11:07:42+00:00,2.79,False
SWA186,Departure,2026-10-03T14:00:00+00:00,2026-10-03T11:07:42+00:00,2026-10-03T11:07:42+00:00,2.87,False
EJA756,Departure,2026-10-03T14:00:00+00:00,2026-10-03T11:07:42+00:00,2026-10-03T11:07:42+00:00,2.87,False
UAL2459,Departure,2026-10-03T14:00:00+00:00,2026-10-03T11:07:42+00:00,2026-10-03T11:07:42+00:00,2.87,False
UAL4601,Departure,2026-10-03T14:04:00+00:00,2026-10-03T11:07:42+00:00,2026-10-03T11:07:42+00:00,2.94,False
SWA199,Departure,2026-10-03T15:05:00+00:00,2026-10-03T11:07:42+00:00,2026-10-03T11:07:42+00:00,3.95,False
SWA4301,Departure,2026-10-03T15:15:00+00:00,2026-10-03T11:07:42+00:00,2026-10-03T11:07:42+00:00,4.12,False
SWA1792,Departure,2026-10-03T15:15:00+00:00,2026-10-03T11:07:42+00:00,2026-10-03T11:07:42+00:00,4.12,False
UAL4454,Departure,2026-10-03T18:09:00+00:00,2026-10-03T11:07:42+00:00,2026-10-03T11:07:42+00:00,7.02,False
SWA1642,Departure,2026-10-03T18:45:00+00:00,2026-10-03T11:07:42+00:00,2026-10-03T11:07:42+00:00,7.62,False
SWA3394,Departure,2026-10-03T20:30:00+00:00,2026-10-03T11:07:42+00:00,2026-10-03T11:07:42+00:00,9.37,False
SWA836,Departure,2026-10-03T20:40:00+00:00,2026-10-03T11:07:42+00:00,2026-10-03T11:07:42+00:00,9.54,False
SWA3300,Departure,2026-10-03T21:55:00+00:00,2026-10-03T11:07:42+00:00,2026-10-03T11:07:42+00:00,10.79,False
SWA1911,Departure,2026-10-03T21:55:00+00:00,2026-10-03T11:07:42+00:00,2026-10-03T11:07:42+00:00,10.79,False
SWA4973,Departure,2026-10-03T21:55:00+00:00,2026-10-03T11:07:42+00:00,2026-10-03T11:07:42+00:00,10.79,False
SCX3002,Arrival,2026-10-03T11:05:00+00:00,2026-10-03T11:07:42+00:00,2026-10-03T11:07:42+00:00,-0.05,False
SWA1870,Arrival,2026-10-03T12:06:00+00:00,2026-10-03T11:07:42+00:00,2026-10-03T11:07:42+00:00,0.97,False
SWA2660,Arrival,2026-10-03T12:11:00+00:00,2026-10-03T11:07:42+00:00,2026-10-03T11:07:42+00:00,1.05,False
SWA4197,Arrival,2026-10-03T12:13:00+00:00,2026-10-03T11:07:42+00:00,2026-10-03T11:07:42+00:00,1.09,False
SWA382,Arrival,2026-10-03T12:15:00+00:00,2026-10-03T11:07:42+00:00,2026-10-03T11:07:42+00:00,1.12,False
SWA4111,Arrival,2026-10-03T12:18:00+00:00,2026-10-03T11:07:42+00:00,2026-10-03T11:07:42+00:00,1.17,False
SWA1471,Arrival,2026-10-03T12:19:00+00:00,2026-10-03T11:07:42+00:00,2026-10-03T11:07:42+00:00,1.19,False
SWA262,Arrival,2026-10-03T12:20:00+00:00,2026-10-03T11:07:42+00:00,2026-10-03T11:07:42+00:00,1.2,False
SWA2221,Arrival,2026-10-03T12:21:00+00:00,2026-10-03T11:07:42+00:00,2026-10-03T11:07:42+00:00,1.22,False
SWA4068,Arrival,2026-10-03T12:24:00+00:00,2026-10-03T11:07:42+00:00,2026-10-03T11:07:42+00:00,1.27,False
SWA1940,Arrival,2026-10-03T12:30:00+00:00,2026-10-03T11:07:42+00:00,2026-10-03T11:07:42+00:00,1.37,False
SWA1932,Arrival,2026-10-03T12:30:00+00:00,2026-10-03T11:07:42+00:00,2026-10-03T11:07:42+00:00,1.37,False
SWA1169,Arrival,2026-10-03T12:34:00+00:00,2026-10-03T11:07:42+00:00,2026-10-03T11:07:42+00:00,1.44,False
SWA1866,Arrival,2026-10-03T12:39:00+00:00,2026-10-03T11:07:42+00:00,2026-10-03T11:07:42+00:00,1.52,False
SWA1218,Arrival,2026-10-03T12:39:00+00:00,2026-10-03T11:07:42+00:00,2026-10-03T11:07:42+00:00,1.52,False
SWA2930,Arrival,2026-10-03T13:21:00+00:00,2026-10-03T11:07:42+00:00,2026-10-03T11:07:42+00:00,2.22,False
SWA2812,Arrival,2026-10-03T13:43:00+00:00,2026-10-03T11:07:42+00:00,2026-10-03T11:07:42+00:00,2.59,False
SWA3082,Arrival,2026-10-03T13:50:00+00:00,2026-10-03T11:07:42+00:00,2026-10-03T11:07:42+00:00,2.7,False
SWA335,Arrival,2026-10-03T13:54:00+00:00,2026-10-03T11:07:42+00:00,2026-10-03T11:07:42+00:00,2.77,False
SWA3258,Arrival,2026-10-03T13:55:00+00:00,2026-10-03T11:07:42+00:00,2026-10-03T11:07:42+00:00,2.79,False
SWA1185,Arrival,2026-10-03T14:04:00+00:00,2026-10-03T11:07:42+00:00,2026-10-03T11:07:42+00:00,2.94,False
SWA2105,Arrival,2026-10-03T14:14:00+00:00,2026-10-03T11:07:42+00:00,2026-10-03T11:07:42+00:00,3.1,False
SWA1748,Arrival,2026-10-03T14:14:00+00:00,2026-10-03T11:07:42+00:00,2026-10-03T11:07:42+00:00,3.1,False
SWA2128,Arrival,2026-10-03T14:19:00+00:00,2026-10-03T11:07:42+00:00,2026-10-03T11:07:42+00:00,3.19,False
SWA1796,Arrival,2026-10-03T14:24:00+00:00,2026-10-03T11:07:42+00:00,2026-10-03T11:07:42+00:00,3.27,False
SWA650,Arrival,2026-10-03T14:49:00+00:00,2026-10-03T11:07:42+00:00,2026-10-03T11:07:42+00:00,3.69,False
EJA466,Arrival,2026-10-03T14:53:00+00:00,2026-10-03T11:07:42+00:00,2026-10-03T11:07:42+00:00,3.75,False
SWA2947,Arrival,2026-10-03T15:44:00+00:00,2026-10-03T11:07:42+00:00,2026-10-03T11:07:42+00:00,4.6,False
EJA981,Arrival,2026-10-03T15:54:00+00:00,2026-10-03T11:07:42+00:00,2026-10-03T11:07:42+00:00,4.77,False
SWA4693,Arrival,2026-10-03T16:09:00+00:00,2026-10-03T11:07:42+00:00,2026-10-03T11:07:42+00:00,5.02,False
SWA694,Arrival,2026-10-03T16:24:00+00:00,2026-10-03T11:07:42+00:00,2026-10-03T11:07:42+00:00,5.27,False
SWA3619,Arrival,2026-10-03T17:14:00+00:00,2026-10-03T11:07:42+00:00,2026-10-03T11:07:42+00:00,6.1,False
DAL566,Arrival,2026-10-03T17:32:00+00:00,2026-10-03T11:07:42+00:00,2026-10-03T11:07:42+00:00,6.4,False
SWA4033,Arrival,2026-10-03T17:35:00+00:00,2026-10-03T11:07:42+00:00,2026-10-03T11:07:42+00:00,6.45,False
SWA2089,Arrival,2026-10-03T17:39:00+00:00,2026-10-03T11:07:42+00:00,2026-10-03T11:07:42+00:00,6.52,False
SWA2966,Arrival,2026-10-03T17:49:00+00:00,2026-10-03T11:07:42+00:00,2026-10-03T11:07:42+00:00,6.69,False
SWA2920,Arrival,2026-10-03T18:00:00+00:00,2026-10-03T11:07:42+00:00,2026-10-03T11:07:42+00:00,6.87,False
SWA4299,Arrival,2026-10-03T18:00:00+00:00,2026-10-03T11:07:42+00:00,2026-10-03T11:07:42+00:00,6.87,False
SWA2050,Arrival,2026-10-03T18:00:00+00:00,2026-10-03T11:07:42+00:00,2026-10-03T11:07:42+00:00,6.87,False
SWA4326,Arrival,2026-10-03T18:00:00+00:00,2026-10-03T11:07:42+00:00,2026-10-03T11:07:42+00:00,6.87,False
AAL4727,Arrival,2026-10-03T18:03:00+00:00,2026-10-03T11:07:42+00:00,2026-10-03T11:07:42+00:00,6.92,False
DAL2455,Arrival,2026-10-03T18:30:00+00:00,2026-10-03T11:07:42+00:00,2026-10-03T11:07:42+00:00,7.37,False
SWA1996,Arrival,2026-10-03T18:55:00+00:00,2026-10-03T11:07:42+00:00,2026-10-03T11:07:42+00:00,7.79,False
SWA4576,Arrival,2026-10-03T20:24:00+00:00,2026-10-03T11:07:42+00:00,2026-10-03T11:07:42+00:00,9.27,False
SWA874,Arrival,2026-10-03T20:54:00+00:00,2026-10-03T11:07:42+00:00,2026-10-03T11:07:42+00:00,9.77,False
SWA3955,Arrival,2026-10-03T21:00:00+00:00,2026-10-03T11:07:42+00:00,2026-10-03T11:07:42+00:00,9.87,False
SWA2558,Arrival,2026-10-03T21:00:00+00:00,2026-10-03T11:07:42+00:00,2026-10-03T11:07:42+00:00,9.87,False
SWA3066,Arrival,2026-10-03T21:05:00+00:00,2026-10-03T11:07:42+00:00,2026-10-03T11:07:42+00:00,9.95,False
SWA1985,Departure,2026-10-03T14:20:00+00:00,2026-10-03T11:07:42+00:00,2026-10-03T14:33:04+00:00,-0.22,True
SWA4062,Departure,2026-10-03T14:22:00+00:00,2026-10-03T11:07:42+00:00,2026-10-03T14:33:04+00:00,-0.18,True
SWA3901,Departure,2026-10-03T14:25:00+00:00,2026-10-03T11:07:42+00:00,2026-10-03T14:33:04+00:00,-0.13,True
SWA4118,Departure,2026-10-03T15:05:00+00:00,2026-10-03T11:07:42+00:00,2026-10-03T14:33:04+00:00,0.53,True
SWA3355,Departure,2026-10-03T15:05:00+00:00,2026-10-03T11:07:42+00:00,2026-10-03T14:33:04+00:00,0.53,True
SWA4129,Departure,2026-10-03T15:05:00+00:00,2026-10-03T11:07:42+00:00,2026-10-03T14:33:04+00:00,0.53,True
SWA3371,Departure,2026-10-03T15:05:00+00:00,2026-10-03T11:07:42+00:00,2026-10-03T14:33:04+00:00,0.53,True
SWA4091,Departure,2026-10-03T15:05:00+00:00,2026-10-03T11:07:42+00:00,2026-10-03T14:33:04+00:00,0.53,True
SWA1260,Departure,2026-10-03T15:05:00+00:00,2026-10-03T11:07:42+00:00,2026-10-03T14:33:04+00:00,0.53,True
SWA2077,Departure,2026-10-03T15:10:00+00:00,2026-10-03T11:07:42+00:00,2026-10-03T14:33:04+00:00,0.62,True
SWA4527,Departure,2026-10-03T15:10:00+00:00,2026-10-03T11:07:42+00:00,2026-10-03T14:33:04+00:00,0.62,True
AAL3333,Departure,2026-10-03T15:14:00+00:00,2026-10-03T11:07:42+00:00,2026-10-03T14:33:04+00:00,0.68,True
SWA1479,Departure,2026-10-03T15:15:00+00:00,2026-10-03T11:07:42+00:00,2026-10-03T14:33:04+00:00,0.7,True
SWA176,Departure,2026-10-03T15:20:00+00:00,2026-10-03T11:07:42+00:00,2026-10-03T14:33:04+00:00,0.78,True
AAL2497,Departure,2026-10-03T15:21:00+00:00,2026-10-03T11:07:42+00:00,2026-10-03T14:33:04+00:00,0.8,True
UAL4517,Departure,2026-10-03T15:27:00+00:00,2026-10-03T11:07:42+00:00,2026-10-03T14:33:04+00:00,0.9,True
DAL2868,Departure,2026-10-03T15:29:00+00:00,2026-10-03T11:07:42+00:00,2026-10-03T14:33:04+00:00,0.93,True
SWA650,Departure,2026-10-03T15:30:00+00:00,2026-10-03T11:07:42+00:00,2026-10-03T14:33:04+00:00,0.95,True
SWA568,Departure,2026-10-03T15:30:00+00:00,2026-10-03T11:07:42+00:00,2026-10-03T14:33:04+00:00,0.95,True
SWA1995,Departure,2026-10-03T16:10:00+00:00,2026-10-03T11:07:42+00:00,2026-10-03T14:33:04+00:00,1.62,True
EJA466,Departure,2026-10-03T16:15:00+00:00,2026-10-03T14:33:04+00:00,2026-10-03T14:33:04+00:00,1.7,False
EJA981,Departure,2026-10-03T16:36:00+00:00,2026-10-03T14:33:04+00:00,2026-10-03T14:33:04+00:00,2.05,False
DAL1400,Arrival,2026-10-03T14:24:00+00:00,2026-10-03T11:07:42+00:00,2026-10-03T14:33:04+00:00,-0.15,True
SWA1519,Arrival,2026-10-03T14:34:00+00:00,2026-10-03T11:07:42+00:00,2026-10-03T14:33:04+00:00,0.02,True
AAL2497,Arrival,2026-10-03T14:35:00+00:00,2026-10-03T11:07:42+00:00,2026-10-03T14:33:04+00:00,0.03,True
DAL5110,Arrival,2026-10-03T15:05:00+00:00,2026-10-03T11:07:42+00:00,2026-10-03T14:33:04+00:00,0.53,True
AAL2818,Arrival,2026-10-03T15:07:00+00:00,2026-10-03T11:07:42+00:00,2026-10-03T14:33:04+00:00,0.57,True
AAL1739,Arrival,2026-10-03T15:26:00+00:00,2026-10-03T11:07:42+00:00,2026-10-03T14:33:04+00:00,0.88,True
UAL4613,Arrival,2026-10-03T15:43:00+00:00,2026-10-03T11:07:42+00:00,2026-10-03T14:33:04+00:00,1.17,True
UAL3559,Arrival,2026-10-03T16:07:00+00:00,2026-10-03T11:07:42+00:00,2026-10-03T14:33:04+00:00,1.57,True
SCX8160,Arrival,2026-10-03T16:09:00+00:00,2026-10-03T14:33:04+00:00,2026-10-03T14:33:04+00:00,1.6,False
FFT3108,Arrival,2026-10-03T16:19:00+00:00,2026-10-03T11:07:42+00:00,2026-10-03T14:33:04+00:00,1.77,True
SWA3483,Arrival,2026-10-03T16:23:00+00:00,2026-10-03T11:07:42+00:00,2026-10-03T14:33:04+00:00,1.83,True
AAL4074,Arrival,2026-10-03T16:45:00+00:00,2026-10-03T11:07:42+00:00,2026-10-03T14:33:04+00:00,2.2,True
DAL4922,Arrival,2026-10-03T16:48:00+00:00,2026-10-03T11:07:42+00:00,2026-10-03T14:33:04+00:00,2.25,True
SWA2522,Arrival,2026-10-03T17:09:00+00:00,2026-10-03T11:07:42+00:00,2026-10-03T14:33:04+00:00,2.6,True
SWA1859,Arrival,2026-10-03T17:13:00+00:00,2026-10-03T11:07:42+00:00,2026-10-03T14:33:04+00:00,2.67,True
SWA2813,Arrival,2026-10-03T17:25:00+00:00,2026-10-03T11:07:42+00:00,2026-10-03T14:33:04+00:00,2.87,True
SWA806,Arrival,2026-10-03T17:29:00+00:00,2026-10-03T11:07:42+00:00,2026-10-03T14:33:04+00:00,2.93,True
SWA192,Arrival,2026-10-03T17:36:00+00:00,2026-10-03T11:07:42+00:00,2026-10-03T14:33:04+00:00,3.05,True
SWA2757,Arrival,2026-10-03T17:54:00+00:00,2026-10-03T11:07:42+00:00,2026-10-03T14:33:04+00:00,3.35,True
SWA4198,Arrival,2026-10-03T18:14:00+00:00,2026-10-03T11:07:42+00:00,2026-10-03T14:33:04+00:00,3.68,True
SWA1468,Arrival,2026-10-03T18:34:00+00:00,2026-10-03T11:07:42+00:00,2026-10-03T14:33:04+00:00,4.02,True
AAL2660,Arrival,2026-10-03T18:36:00+00:00,2026-10-03T11:07:42+00:00,2026-10-03T14:33:04+00:00,4.05,True
UAL4416,Arrival,2026-10-03T22:35:00+00:00,2026-10-03T11:07:42+00:00,2026-10-03T14:33:04+00:00,8.03,True
UAL4412,Arrival,2026-10-04T00:35:00+00:00,2026-10-03T14:33:04+00:00,2026-10-03T14:33:04+00:00,10.03,False
UAL4479,Arrival,2026-10-04T01:10:00+00:00,2026-10-03T14:33:04+00:00,2026-10-03T14:33:04+00:00,10.62,False
ACA8891,Arrival,2026-10-04T01:20:00+00:00,2026-10-03T14:33:04+00:00,2026-10-03T14:33:04+00:00,10.78,False
AAL4443,Departure,2026-10-04T14:57:00+00:00,2026-10-04T15:02:47+00:00,2026-10-04T15:02:47+00:00,-0.1,False
DAL1571,Departure,2026-10-04T15:05:00+00:00,2026-10-04T15:02:47+00:00,2026-10-04T15:02:47+00:00,0.04,False
AAL3333,Departure,2026-10-04T15:14:00+00:00,2026-10-04T15:02:47+00:00,2026-10-04T15:02:47+00:00,0.19,False
SWA3427,Departure,2026-10-04T15:15:00+00:00,2026-10-04T15:02:47+00:00,2026-10-04T15:02:47+00:00,0.2,False
SWA1479,Departure,2026-10-04T15:15:00+00:00,2026-10-04T15:02:47+00:00,2026-10-04T15:02:47+00:00,0.2,False
SWA4091,Departure,2026-10-04T15:15:00+00:00,2026-10-04T15:02:47+00:00,2026-10-04T15:02:47+00:00,0.2,False
SWA3100,Departure,2026-10-04T15:15:00+00:00,2026-10-04T15:02:47+00:00,2026-10-04T15:02:47+00:00,0.2,False
SWA3094,Departure,2026-10-04T15:15:00+00:00,2026-10-04T15:02:47+00:00,2026-10-04T15:02:47+00:00,0.2,False
SWA4118,Departure,2026-10-04T15:15:00+00:00,2026-10-04T15:02:47+00:00,2026-10-04T15:02:47+00:00,0.2,False
SWA3253,Departure,2026-10-04T15:15:00+00:00,2026-10-04T15:02:47+00:00,2026-10-04T15:02:47+00:00,0.2,False
SWA1206,Departure,2026-10-04T15:15:00+00:00,2026-10-04T15:02:47+00:00,2026-10-04T15:02:47+00:00,0.2,False
SWA781,Departure,2026-10-04T15:20:00+00:00,2026-10-04T15:02:47+00:00,2026-10-04T15:02:47+00:00,0.29,False
FFT1523,Departure,2026-10-04T15:20:00+00:00,2026-10-04T15:02:47+00:00,2026-10-04T15:02:47+00:00,0.29,False
SWA1332,Departure,2026-10-04T15:20:00+00:00,2026-10-04T15:02:47+00:00,2026-10-04T15:02:47+00:00,0.29,False
SWA4134,Departure,2026-10-04T15:20:00+00:00,2026-10-04T15:02:47+00:00,2026-10-04T15:02:47+00:00,0.29,False
SWA776,Departure,2026-10-04T15:20:00+00:00,2026-10-04T15:02:47+00:00,2026-10-04T15:02:47+00:00,0.29,False
UAL4517,Departure,2026-10-04T15:27:00+00:00,2026-10-04T15:02:47+00:00,2026-10-04T15:02:47+00:00,0.4,False
DAL2868,Departure,2026-10-04T15:29:00+00:00,2026-10-04T15:02:47+00:00,2026-10-04T15:02:47+00:00,0.44,False
SWA1995,Departure,2026-10-04T15:30:00+00:00,2026-10-04T15:02:47+00:00,2026-10-04T15:02:47+00:00,0.45,False
SWA3189,Departure,2026-10-04T15:30:00+00:00,2026-10-04T15:02:47+00:00,2026-10-04T15:02:47+00:00,0.45,False
AAL4436,Departure,2026-10-04T15:45:00+00:00,2026-10-04T15:02:47+00:00,2026-10-04T15:02:47+00:00,0.7,False
SWA670,Departure,2026-10-04T15:46:00+00:00,2026-10-04T15:02:47+00:00,2026-10-04T15:02:47+00:00,0.72,False
SWA909,Departure,2026-10-04T15:55:00+00:00,2026-10-04T15:02:47+00:00,2026-10-04T15:02:47+00:00,0.87,False
SWA2129,Departure,2026-10-04T16:00:00+00:00,2026-10-04T15:02:47+00:00,2026-10-04T15:02:47+00:00,0.95,False
AAL2818,Departure,2026-10-04T16:01:00+00:00,2026-10-04T15:02:47+00:00,2026-10-04T15:02:47+00:00,0.97,False
AAL1739,Departure,2026-10-04T16:09:00+00:00,2026-10-04T15:02:47+00:00,2026-10-04T15:02:47+00:00,1.1,False
EJA649,Departure,2026-10-04T16:18:00+00:00,2026-10-04T15:02:47+00:00,2026-10-04T15:02:47+00:00,1.25,False
SWA4583,Departure,2026-10-04T16:20:00+00:00,2026-10-04T15:02:47+00:00,2026-10-04T15:02:47+00:00,1.29,False
LXJ446,Departure,2026-10-04T16:30:00+00:00,2026-10-04T15:02:47+00:00,2026-10-04T15:02:47+00:00,1.45,False
EJA590,Departure,2026-10-04T17:12:00+00:00,2026-10-04T15:02:47+00:00,2026-10-04T15:02:47+00:00,2.15,False
UAL560,Departure,2026-10-04T17:20:00+00:00,2026-10-04T15:02:47+00:00,2026-10-04T15:02:47+00:00,2.29,False
SWA3586,Departure,2026-10-04T18:05:00+00:00,2026-10-04T15:02:47+00:00,2026-10-04T15:02:47+00:00,3.04,False
SWA2793,Departure,2026-10-04T18:15:00+00:00,2026-10-04T15:02:47+00:00,2026-10-04T15:02:47+00:00,3.2,False
DLH449,Departure,2026-10-04T20:30:00+00:00,2026-10-04T15:02:47+00:00,2026-10-04T15:02:47+00:00,5.45,False
UAL4587,Arrival,2026-10-04T15:05:00+00:00,2026-10-04T15:02:47+00:00,2026-10-04T15:02:47+00:00,0.04,False
UAL6214,Arrival,2026-10-04T15:09:00+00:00,2026-10-04T15:02:47+00:00,2026-10-04T15:02:47+00:00,0.1,False
AAL2818,Arrival,2026-10-04T15:10:00+00:00,2026-10-04T15:02:47+00:00,2026-10-04T15:02:47+00:00,0.12,False
SWA4693,Arrival,2026-10-04T15:14:00+00:00,2026-10-04T15:02:47+00:00,2026-10-04T15:02:47+00:00,0.19,False
AAL4436,Arrival,2026-10-04T15:16:00+00:00,2026-10-04T15:02:47+00:00,2026-10-04T15:02:47+00:00,0.22,False
DAL1289,Arrival,2026-10-04T15:16:00+00:00,2026-10-04T15:02:47+00:00,2026-10-04T15:02:47+00:00,0.22,False
SWA2129,Arrival,2026-10-04T15:19:00+00:00,2026-10-04T15:02:47+00:00,2026-10-04T15:02:47+00:00,0.27,False
EJA649,Arrival,2026-10-04T15:19:00+00:00,2026-10-04T15:02:47+00:00,2026-10-04T15:02:47+00:00,0.27,False
LXJ446,Arrival,2026-10-04T15:22:00+00:00,2026-10-04T15:02:47+00:00,2026-10-04T15:02:47+00:00,0.32,False
EJA590,Arrival,2026-10-04T15:33:00+00:00,2026-10-04T15:02:47+00:00,2026-10-04T15:02:47+00:00,0.5,False
SWA705,Arrival,2026-10-04T15:34:00+00:00,2026-10-04T15:02:47+00:00,2026-10-04T15:02:47+00:00,0.52,False
AAL1739,Arrival,2026-10-04T15:35:00+00:00,2026-10-04T15:02:47+00:00,2026-10-04T15:02:47+00:00,0.54,False
UAL4613,Arrival,2026-10-04T15:42:00+00:00,2026-10-04T15:02:47+00:00,2026-10-04T15:02:47+00:00,0.65,False
DAL1400,Arrival,2026-10-04T16:01:00+00:00,2026-10-04T15:02:47+00:00,2026-10-04T15:02:47+00:00,0.97,False
FFT3108,Arrival,2026-10-04T16:02:00+00:00,2026-10-04T15:02:47+00:00,2026-10-04T15:02:47+00:00,0.99,False
UAL2311,Arrival,2026-10-04T16:18:00+00:00,2026-10-04T15:02:47+00:00,2026-10-04T15:02:47+00:00,1.25,False
SWA972,Arrival,2026-10-04T16:25:00+00:00,2026-10-04T15:02:47+00:00,2026-10-04T15:02:47+00:00,1.37,False
AAL4074,Arrival,2026-10-04T16:36:00+00:00,2026-10-04T15:02:47+00:00,2026-10-04T15:02:47+00:00,1.55,False
DAL4922,Arrival,2026-10-04T16:42:00+00:00,2026-10-04T15:02:47+00:00,2026-10-04T15:02:47+00:00,1.65,False
SWA1932,Arrival,2026-10-04T16:47:00+00:00,2026-10-04T15:02:47+00:00,2026-10-04T15:02:47+00:00,1.74,False
AAL3096,Arrival,2026-10-04T16:54:00+00:00,2026-10-04T15:02:47+00:00,2026-10-04T15:02:47+00:00,1.85,False
SWA3254,Arrival,2026-10-04T17:00:00+00:00,2026-10-04T15:02:47+00:00,2026-10-04T15:02:47+00:00,1.95,False
UAL5300,Arrival,2026-10-04T17:10:00+00:00,2026-10-04T15:02:47+00:00,2026-10-04T15:02:47+00:00,2.12,False
SWA2364,Arrival,2026-10-04T17:11:00+00:00,2026-10-04T15:02:47+00:00,2026-10-04T15:02:47+00:00,2.14,False
SWA3899,Arrival,2026-10-04T17:25:00+00:00,2026-10-04T15:02:47+00:00,2026-10-04T15:02:47+00:00,2.37,False
SWA2188,Arrival,2026-10-04T17:29:00+00:00,2026-10-04T15:02:47+00:00,2026-10-04T15:02:47+00:00,2.44,False
UAL652,Arrival,2026-10-04T17:34:00+00:00,2026-10-04T15:02:47+00:00,2026-10-04T15:02:47+00:00,2.52,False
SWA2813,Arrival,2026-10-04T17:54:00+00:00,2026-10-04T15:02:47+00:00,2026-10-04T15:02:47+00:00,2.85,False
SWA2149,Arrival,2026-10-04T17:54:00+00:00,2026-10-04T15:02:47+00:00,2026-10-04T15:02:47+00:00,2.85,False
SWA1708,Arrival,2026-10-04T17:55:00+00:00,2026-10-04T15:02:47+00:00,2026-10-04T15:02:47+00:00,2.87,False
DAL2455,Arrival,2026-10-04T18:06:00+00:00,2026-10-04T15:02:47+00:00,2026-10-04T15:02:47+00:00,3.05,False
AAL477,Arrival,2026-10-04T18:12:00+00:00,2026-10-04T15:02:47+00:00,2026-10-04T15:02:47+00:00,3.15,False
SWA3690,Arrival,2026-10-04T18:13:00+00:00,2026-10-04T15:02:47+00:00,2026-10-04T15:02:47+00:00,3.17,False
SWA3962,Arrival,2026-10-04T18:14:00+00:00,2026-10-04T15:02:47+00:00,2026-10-04T15:02:47+00:00,3.19,False
SWA3619,Arrival,2026-10-04T18:19:00+00:00,2026-10-04T15:02:47+00:00,2026-10-04T15:02:47+00:00,3.27,False
DLH448,Arrival,2026-10-04T18:25:00+00:00,2026-10-04T15:02:47+00:00,2026-10-04T15:02:47+00:00,3.37,False
SWA2112,Arrival,2026-10-04T18:31:00+00:00,2026-10-04T15:02:47+00:00,2026-10-04T15:02:47+00:00,3.47,False
AAL2660,Arrival,2026-10-04T18:31:00+00:00,2026-10-04T15:02:47+00:00,2026-10-04T15:02:47+00:00,3.47,False
SWA3817,Arrival,2026-10-04T18:34:00+00:00,2026-10-04T15:02:47+00:00,2026-10-04T15:02:47+00:00,3.52,False
ASP609,Arrival,2026-10-04T18:56:00+00:00,2026-10-04T15:02:47+00:00,2026-10-04T15:02:47+00:00,3.89,False
SWA3700,Arrival,2026-10-04T18:58:00+00:00,2026-10-04T15:02:47+00:00,2026-10-04T15:02:47+00:00,3.92,False
SWA1009,Arrival,2026-10-04T19:13:00+00:00,2026-10-04T15:02:47+00:00,2026-10-04T15:02:47+00:00,4.17,False
LXJ309,Arrival,2026-10-04T19:37:00+00:00,2026-10-04T15:02:47+00:00,2026-10-04T15:02:47+00:00,4.57,False
EJA972,Arrival,2026-10-04T19:51:00+00:00,2026-10-04T15:02:47+00:00,2026-10-04T15:02:47+00:00,4.8,False
AAL3944,Arrival,2026-10-04T21:40:00+00:00,2026-10-04T15:02:47+00:00,2026-10-04T15:02:47+00:00,6.62,False
DAL1224,Arrival,2026-10-04T21:47:00+00:00,2026-10-04T15:02:47+00:00,2026-10-04T15:02:47+00:00,6.74,False
DAL1492,Arrival,2026-10-04T22:37:00+00:00,2026-10-04T15:02:47+00:00,2026-10-04T15:02:47+00:00,7.57,False
JTL25,Arrival,2026-10-04T22:47:00+00:00,2026-10-04T15:02:47+00:00,2026-10-04T15:02:47+00:00,7.74,False
UAL4527,Arrival,2026-10-05T00:15:00+00:00,2026-10-04T15:02:47+00:00,2026-10-04T15:02:47+00:00,9.2,False
AAL2686,Arrival,2026-10-05T00:22:00+00:00,2026-10-04T15:02:47+00:00,2026-10-04T15:02:47+00:00,9.32,False
UAL4412,Arrival,2026-10-05T00:35:00+00:00,2026-10-04T15:02:47+00:00,2026-10-04T15:02:47+00:00,9.54,False
SWA736,Arrival,2026-10-05T00:44:00+00:00,2026-10-04T15:02:47+00:00,2026-10-04T15:02:47+00:00,9.69,False
SWA1171,Arrival,2026-10-05T00:50:00+00:00,2026-10-04T15:02:47+00:00,2026-10-04T15:02:47+00:00,9.79,False
AAL2444,Arrival,2026-10-05T01:35:00+00:00,2026-10-04T15:02:47+00:00,2026-10-04T15:02:47+00:00,10.54,False
SWA4100,Departure,2026-10-05T02:00:00+00:00,2026-10-04T15:02:47+00:00,2026-10-05T02:08:49+00:00,-0.15,True
EJA348,Departure,2026-10-05T02:36:00+00:00,2026-10-05T02:08:49+00:00,2026-10-05T02:08:49+00:00,0.45,False
SWA3497,Departure,2026-10-05T02:44:00+00:00,2026-10-04T15:02:47+00:00,2026-10-05T02:08:49+00:00,0.59,True
SWA1570,Departure,2026-10-05T02:45:00+00:00,2026-10-05T02:08:49+00:00,2026-10-05T02:08:49+00:00,0.6,False
SWA4964,Departure,2026-10-05T02:45:00+00:00,2026-10-05T02:08:49+00:00,2026-10-05T02:08:49+00:00,0.6,False
SWA4114,Departure,2026-10-05T02:45:00+00:00,2026-10-05T02:08:49+00:00,2026-10-05T02:08:49+00:00,0.6,False
SWA140,Departure,2026-10-05T02:48:00+00:00,2026-10-05T02:08:49+00:00,2026-10-05T02:08:49+00:00,0.65,False
BAW220,Departure,2026-10-05T02:55:00+00:00,2026-10-05T02:08:49+00:00,2026-10-05T02:08:49+00:00,0.77,False
SWA2419,Departure,2026-10-05T02:59:00+00:00,2026-10-05T02:08:49+00:00,2026-10-05T02:08:49+00:00,0.84,False
SWA4509,Departure,2026-10-05T03:00:00+00:00,2026-10-05T02:08:49+00:00,2026-10-05T02:08:49+00:00,0.85,False
SWA2383,Departure,2026-10-05T03:00:00+00:00,2026-10-05T02:08:49+00:00,2026-10-05T02:08:49+00:00,0.85,False
SWA4099,Departure,2026-10-05T03:09:00+00:00,2026-10-05T02:08:49+00:00,2026-10-05T02:08:49+00:00,1.0,False
SWA910,Departure,2026-10-05T03:33:00+00:00,2026-10-05T02:08:49+00:00,2026-10-05T02:08:49+00:00,1.4,False
SWA4056,Departure,2026-10-05T03:36:00+00:00,2026-10-05T02:08:49+00:00,2026-10-05T02:08:49+00:00,1.45,False
SWA4124,Departure,2026-10-05T03:44:00+00:00,2026-10-05T02:08:49+00:00,2026-10-05T02:08:49+00:00,1.59,False
SWA2706,Departure,2026-10-05T03:52:00+00:00,2026-10-05T02:08:49+00:00,2026-10-05T02:08:49+00:00,1.72,False
SWA4082,Departure,2026-10-05T04:30:00+00:00,2026-10-05T02:08:49+00:00,2026-10-05T02:08:49+00:00,2.35,False
SWA1315,Departure,2026-10-05T10:05:00+00:00,2026-10-05T02:08:49+00:00,2026-10-05T02:08:49+00:00,7.94,False
SWA882,Departure,2026-10-05T10:40:00+00:00,2026-10-05T02:08:49+00:00,2026-10-05T02:08:49+00:00,8.52,False
JR803,Departure,2026-10-05T11:30:00+00:00,2026-10-05T02:08:49+00:00,2026-10-05T02:08:49+00:00,9.35,False
UAL2792,Departure,2026-10-05T13:00:00+00:00,2026-10-05T02:08:49+00:00,2026-10-05T02:08:49+00:00,10.85,False
SWA270,Departure,2026-10-05T13:30:00+00:00,2026-10-05T02:08:49+00:00,2026-10-05T02:08:49+00:00,11.35,False
SWA4062,Departure,2026-10-05T13:35:00+00:00,2026-10-05T02:08:49+00:00,2026-10-05T02:08:49+00:00,11.44,False
SWA380,Departure,2026-10-05T13:35:00+00:00,2026-10-05T02:08:49+00:00,2026-10-05T02:08:49+00:00,11.44,False
AAL2487,Arrival,2026-10-05T02:03:00+00:00,2026-10-04T15:02:47+00:00,2026-10-05T02:08:49+00:00,-0.1,True
SWA2383,Arrival,2026-10-05T02:03:00+00:00,2026-10-04T15:02:47+00:00,2026-10-05T02:08:49+00:00,-0.1,True
SWA1933,Arrival,2026-10-05T02:06:00+00:00,2026-10-04T15:02:47+00:00,2026-10-05T02:08:49+00:00,-0.05,True
SWA1143,Arrival,2026-10-05T02:11:00+00:00,2026-10-04T15:02:47+00:00,2026-10-05T02:08:49+00:00,0.04,True
SWA1848,Arrival,2026-10-05T02:13:00+00:00,2026-10-04T15:02:47+00:00,2026-10-05T02:08:49+00:00,0.07,True
AAL4680,Arrival,2026-10-05T02:15:00+00:00,2026-10-04T15:02:47+00:00,2026-10-05T02:08:49+00:00,0.1,True
UAL1625,Arrival,2026-10-05T02:16:00+00:00,2026-10-04T15:02:47+00:00,2026-10-05T02:08:49+00:00,0.12,True
AAL4728,Arrival,2026-10-05T02:18:00+00:00,2026-10-04T15:02:47+00:00,2026-10-05T02:08:49+00:00,0.15,True
SWA3620,Arrival,2026-10-05T02:19:00+00:00,2026-10-04T15:02:47+00:00,2026-10-05T02:08:49+00:00,0.17,True
SWA2944,Arrival,2026-10-05T02:24:00+00:00,2026-10-04T15:02:47+00:00,2026-10-05T02:08:49+00:00,0.25,True
UAL2040,Arrival,2026-10-05T02:27:00+00:00,2026-10-04T15:02:47+00:00,2026-10-05T02:08:49+00:00,0.3,True
SWA3277,Arrival,2026-10-05T02:43:00+00:00,2026-10-04T15:02:47+00:00,2026-10-05T02:08:49+00:00,0.57,True
SWA2753,Arrival,2026-10-05T02:45:00+00:00,2026-10-04T15:02:47+00:00,2026-10-05T02:08:49+00:00,0.6,True
SWA346,Arrival,2026-10-05T02:52:00+00:00,2026-10-04T15:02:47+00:00,2026-10-05T02:08:49+00:00,0.72,True
AAL1010,Arrival,2026-10-05T02:54:00+00:00,2026-10-05T02:08:49+00:00,2026-10-05T02:08:49+00:00,0.75,False
SWA4816,Arrival,2026-10-05T03:03:00+00:00,2026-10-04T15:02:47+00:00,2026-10-05T02:08:49+00:00,0.9,True
SWA1305,Arrival,2026-10-05T03:17:00+00:00,2026-10-05T02:08:49+00:00,2026-10-05T02:08:49+00:00,1.14,False
SWA1914,Arrival,2026-10-05T03:20:00+00:00,2026-10-04T15:02:47+00:00,2026-10-05T02:08:49+00:00,1.19,True
UAL1528,Arrival,2026-10-05T03:24:00+00:00,2026-10-05T02:08:49+00:00,2026-10-05T02:08:49+00:00,1.25,False
SWA485,Arrival,2026-10-05T03:38:00+00:00,2026-10-04T15:02:47+00:00,2026-10-05T02:08:49+00:00,1.49,True
SWA4402,Arrival,2026-10-05T03:39:00+00:00,2026-10-05T02:08:49+00:00,2026-10-05T02:08:49+00:00,1.5,False
SWA819,Arrival,2026-10-05T03:43:00+00:00,2026-10-04T15:02:47+00:00,2026-10-05T02:08:49+00:00,1.57,True
AAL4599,Arrival,2026-10-05T03:47:00+00:00,2026-10-05T02:08:49+00:00,2026-10-05T02:08:49+00:00,1.64,False
UAL4576,Arrival,2026-10-05T03:53:00+00:00,2026-10-05T02:08:49+00:00,2026-10-05T02:08:49+00:00,1.74,False
DAL1609,Arrival,2026-10-05T03:59:00+00:00,2026-10-05T02:08:49+00:00,2026-10-05T02:08:49+00:00,1.84,False
SWA1418,Arrival,2026-10-05T04:09:00+00:00,2026-10-05T02:08:49+00:00,2026-10-05T02:08:49+00:00,2.0,False
AAL5000,Arrival,2026-10-05T04:26:00+00:00,2026-10-05T02:08:49+00:00,2026-10-05T02:08:49+00:00,2.29,False
SWA3863,Arrival,2026-10-05T04:36:00+00:00,2026-10-05T02:08:49+00:00,2026-10-05T02:08:49+00:00,2.45,False
UAL4733,Arrival,2026-10-05T04:38:00+00:00,2026-10-05T02:08:49+00:00,2026-10-05T02:08:49+00:00,2.49,False
AAL459,Arrival,2026-10-05T04:40:00+00:00,2026-10-05T02:08:49+00:00,2026-10-05T02:08:49+00:00,2.52,False
SWA1172,Arrival,2026-10-05T04:42:00+00:00,2026-10-05T02:08:49+00:00,2026-10-05T02:08:49+00:00,2.55,False
AAL1594,Arrival,2026-10-05T04:50:00+00:00,2026-10-05T02:08:49+00:00,2026-10-05T02:08:49+00:00,2.69,False
ASA618,Arrival,2026-10-05T04:56:00+00:00,2026-10-05T02:08:49+00:00,2026-10-05T02:08:49+00:00,2.79,False
SWA509,Arrival,2026-10-05T05:13:00+00:00,2026-10-05T02:08:49+00:00,2026-10-05T02:08:49+00:00,3.07,False
DAL2666,Arrival,2026-10-05T05:13:00+00:00,2026-10-05T02:08:49+00:00,2026-10-05T02:08:49+00:00,3.07,False
AAL890,Arrival,2026-10-05T05:16:00+00:00,2026-10-05T02:08:49+00:00,2026-10-05T02:08:49+00:00,3.12,False
KOW161,Arrival,2026-10-05T05:32:00+00:00,2026-10-05T02:08:49+00:00,2026-10-05T02:08:49+00:00,3.39,False
SWA277,Arrival,2026-10-05T05:35:00+00:00,2026-10-05T02:08:49+00:00,2026-10-05T02:08:49+00:00,3.44,False
SWA2614,Arrival,2026-10-05T05:40:00+00:00,2026-10-05T02:08:49+00:00,2026-10-05T02:08:49+00:00,3.52,False
SCX3012,Arrival,2026-10-05T05:44:00+00:00,2026-10-05T02:08:49+00:00,2026-10-05T02:08:49+00:00,3.59,False
SWA4890,Arrival,2026-10-05T05:51:00+00:00,2026-10-05T02:08:49+00:00,2026-10-05T02:08:49+00:00,3.7,False
SWA4151,Arrival,2026-10-05T06:19:00+00:00,2026-10-05T02:08:49+00:00,2026-10-05T02:08:49+00:00,4.17,False
SWA3346,Arrival,2026-10-05T07:01:00+00:00,2026-10-05T02:08:49+00:00,2026-10-05T02:08:49+00:00,4.87,False
SWA314,Arrival,2026-10-05T12:40:00+00:00,2026-10-05T02:08:49+00:00,2026-10-05T02:08:49+00:00,10.52,False
AAL4340,Arrival,2026-10-05T13:37:00+00:00,2026-10-05T02:08:49+00:00,2026-10-05T02:08:49+00:00,11.47,False
SWA668,Departure,2026-10-05T04:51:00+00:00,2026-10-05T02:08:49+00:00,2026-10-05T03:44:56+00:00,1.1,True
NT330,Departure,2026-10-05T09:35:00+00:00,2026-10-05T03:44:56+00:00,2026-10-05T03:44:56+00:00,5.83,False
SWA4055,Departure,2026-10-05T10:10:00+00:00,2026-10-05T02:08:49+00:00,2026-10-05T03:44:56+00:00,6.42,True
LXJ322,Departure,2026-10-05T11:17:00+00:00,2026-10-05T03:44:56+00:00,2026-10-05T03:44:56+00:00,7.53,False
SWA2532,Departure,2026-10-05T13:35:00+00:00,2026-10-05T02:08:49+00:00,2026-10-05T03:44:56+00:00,9.83,True
DAL1403,Arrival,2026-10-05T04:36:00+00:00,2026-10-05T02:08:49+00:00,2026-10-05T03:44:56+00:00,0.85,True
AAL1445,Arrival,2026-10-05T05:01:00+00:00,2026-10-05T02:08:49+00:00,2026-10-05T03:44:56+00:00,1.27,True
AAL3069,Arrival,2026-10-05T05:18:00+00:00,2026-10-05T02:08:49+00:00,2026-10-05T03:44:56+00:00,1.55,True
SCX3096,Arrival,2026-10-05T07:59:00+00:00,2026-10-05T03:44:56+00:00,2026-10-05T03:44:56+00:00,4.23,False
SWA3555,Arrival,2026-10-05T13:43:00+00:00,2026-10-05T03:44:56+00:00,2026-10-05T03:44:56+00:00,9.97,False
DAL1571,Arrival,2026-10-05T14:00:00+00:00,2026-10-05T03:44:56+00:00,2026-10-05T03:44:56+00:00,10.25,False
SWA500,Arrival,2026-10-05T14:20:00+00:00,2026-10-05T03:44:56+00:00,2026-10-05T03:44:56+00:00,10.58,False
SWA2758,Arrival,2026-10-05T14:45:00+00:00,2026-10-05T03:44:56+00:00,2026-10-05T03:44:56+00:00,11.0,False
SWA1759,Arrival,2026-10-05T15:00:00+00:00,2026-10-05T03:44:56+00:00,2026-10-05T03:44:56+00:00,11.25,False
SWA1110,Departure,2026-10-05T10:52:00+00:00,2026-10-05T02:08:49+00:00,2026-10-05T11:00:09+00:00,-0.14,True
SWA863,Departure,2026-10-05T10:55:00+00:00,2026-10-05T02:08:49+00:00,2026-10-05T11:00:09+00:00,-0.09,True
AAL4450,Departure,2026-10-05T11:00:00+00:00,2026-10-05T02:08:49+00:00,2026-10-05T11:00:09+00:00,-0.0,True
SWA2493,Departure,2026-10-05T11:00:00+00:00,2026-10-05T02:08:49+00:00,2026-10-05T11:00:09+00:00,-0.0,True
SWA1479,Departure,2026-10-05T11:00:00+00:00,2026-10-05T02:08:49+00:00,2026-10-05T11:00:09+00:00,-0.0,True
UAL4423,Departure,2026-10-05T11:00:00+00:00,2026-10-05T02:08:49+00:00,2026-10-05T11:00:09+00:00,-0.0,True
DAL1524,Departure,2026-10-05T11:00:00+00:00,2026-10-05T02:08:49+00:00,2026-10-05T11:00:09+00:00,-0.0,True
AAL6480,Departure,2026-10-05T11:04:00+00:00,2026-10-05T02:08:49+00:00,2026-10-05T11:00:09+00:00,0.06,True
SWA3356,Departure,2026-10-05T11:05:00+00:00,2026-10-05T02:08:49+00:00,2026-10-05T11:00:09+00:00,0.08,True
SCX3027,Departure,2026-10-05T11:15:00+00:00,2026-10-05T11:00:09+00:00,2026-10-05T11:00:09+00:00,0.25,False
DAL1597,Departure,2026-10-05T11:15:00+00:00,2026-10-05T02:08:49+00:00,2026-10-05T11:00:09+00:00,0.25,True
UAL1371,Departure,2026-10-05T11:15:00+00:00,2026-10-05T02:08:49+00:00,2026-10-05T11:00:09+00:00,0.25,True
AAL4360,Departure,2026-10-05T11:30:00+00:00,2026-10-05T02:08:49+00:00,2026-10-05T11:00:09+00:00,0.5,True
AAL537,Departure,2026-10-05T11:32:00+00:00,2026-10-05T02:08:49+00:00,2026-10-05T11:00:09+00:00,0.53,True
DAL1626,Departure,2026-10-05T11:40:00+00:00,2026-10-05T02:08:49+00:00,2026-10-05T11:00:09+00:00,0.66,True
AAL1515,Departure,2026-10-05T11:40:00+00:00,2026-10-05T02:08:49+00:00,2026-10-05T11:00:09+00:00,0.66,True
SWA4046,Departure,2026-10-05T11:45:00+00:00,2026-10-05T02:08:49+00:00,2026-10-05T11:00:09+00:00,0.75,True
AAL4678,Departure,2026-10-05T11:56:00+00:00,2026-10-05T02:08:49+00:00,2026-10-05T11:00:09+00:00,0.93,True
ASA473,Departure,2026-10-05T12:02:00+00:00,2026-10-05T02:08:49+00:00,2026-10-05T11:00:09+00:00,1.03,True
SWA4091,Departure,2026-10-05T12:50:00+00:00,2026-10-05T02:08:49+00:00,2026-10-05T11:00:09+00:00,1.83,True
SWA4124,Departure,2026-10-05T12:50:00+00:00,2026-10-05T02:08:49+00:00,2026-10-05T11:00:09+00:00,1.83,True
EJA290,Departure,2026-10-05T13:00:00+00:00,2026-10-05T11:00:09+00:00,2026-10-05T11:00:09+00:00,2.0,False
SWA2667,Departure,2026-10-05T13:30:00+00:00,2026-10-05T02:08:49+00:00,2026-10-05T11:00:09+00:00,2.5,True
EJA604,Departure,2026-10-05T13:30:00+00:00,2026-10-05T11:00:09+00:00,2026-10-05T11:00:09+00:00,2.5,False
SWA485,Departure,2026-10-05T15:20:00+00:00,2026-10-05T11:00:09+00:00,2026-10-05T11:00:09+00:00,4.33,False
SWA766,Departure,2026-10-05T15:20:00+00:00,2026-10-05T11:00:09+00:00,2026-10-05T11:00:09+00:00,4.33,False
SWA651,Departure,2026-10-05T15:20:00+00:00,2026-10-05T11:00:09+00:00,2026-10-05T11:00:09+00:00,4.33,False
SWA568,Departure,2026-10-05T15:20:00+00:00,2026-10-05T11:00:09+00:00,2026-10-05T11:00:09+00:00,4.33,False
SWA479,Departure,2026-10-05T16:05:00+00:00,2026-10-05T11:00:09+00:00,2026-10-05T11:00:09+00:00,5.08,False
SWA377,Departure,2026-10-05T16:40:00+00:00,2026-10-05T11:00:09+00:00,2026-10-05T11:00:09+00:00,5.66,False
UAL560,Departure,2026-10-05T17:20:00+00:00,2026-10-05T11:00:09+00:00,2026-10-05T11:00:09+00:00,6.33,False
SWA4047,Departure,2026-10-05T18:00:00+00:00,2026-10-05T11:00:09+00:00,2026-10-05T11:00:09+00:00,7.0,False
SWA1577,Departure,2026-10-05T18:05:00+00:00,2026-10-05T11:00:09+00:00,2026-10-05T11:00:09+00:00,7.08,False
VTE653,Departure,2026-10-05T18:30:00+00:00,2026-10-05T11:00:09+00:00,2026-10-05T11:00:09+00:00,7.5,False
SWA269,Departure,2026-10-05T19:00:00+00:00,2026-10-05T11:00:09+00:00,2026-10-05T11:00:09+00:00,8.0,False
SWA4100,Departure,2026-10-05T19:25:00+00:00,2026-10-05T11:00:09+00:00,2026-10-05T11:00:09+00:00,8.41,False
DLH449,Departure,2026-10-05T20:30:00+00:00,2026-10-05T11:00:09+00:00,2026-10-05T11:00:09+00:00,9.5,False
UAL2323,Departure,2026-10-05T21:39:00+00:00,2026-10-05T11:00:09+00:00,2026-10-05T11:00:09+00:00,10.65,False
SCX3002,Arrival,2026-10-05T11:05:00+00:00,2026-10-05T11:00:09+00:00,2026-10-05T11:00:09+00:00,0.08,False
SWA2221,Arrival,2026-10-05T11:36:00+00:00,2026-10-05T02:08:49+00:00,2026-10-05T11:00:09+00:00,0.6,True
SWA3038,Arrival,2026-10-05T12:02:00+00:00,2026-10-05T02:08:49+00:00,2026-10-05T11:00:09+00:00,1.03,True
SWA816,Arrival,2026-10-05T12:06:00+00:00,2026-10-05T02:08:49+00:00,2026-10-05T11:00:09+00:00,1.1,True
SWA3550,Arrival,2026-10-05T12:06:00+00:00,2026-10-05T02:08:49+00:00,2026-10-05T11:00:09+00:00,1.1,True
SWA3193,Arrival,2026-10-05T12:14:00+00:00,2026-10-05T02:08:49+00:00,2026-10-05T11:00:09+00:00,1.23,True
SWA255,Arrival,2026-10-05T12:16:00+00:00,2026-10-05T02:08:49+00:00,2026-10-05T11:00:09+00:00,1.26,True
SWA4197,Arrival,2026-10-05T12:20:00+00:00,2026-10-05T02:08:49+00:00,2026-10-05T11:00:09+00:00,1.33,True
SWA4884,Arrival,2026-10-05T12:24:00+00:00,2026-10-05T02:08:49+00:00,2026-10-05T11:00:09+00:00,1.4,True
SWA1169,Arrival,2026-10-05T12:25:00+00:00,2026-10-05T02:08:49+00:00,2026-10-05T11:00:09+00:00,1.41,True
SWA3092,Arrival,2026-10-05T12:26:00+00:00,2026-10-05T02:08:49+00:00,2026-10-05T11:00:09+00:00,1.43,True
SWA262,Arrival,2026-10-05T12:30:00+00:00,2026-10-05T02:08:49+00:00,2026-10-05T11:00:09+00:00,1.5,True
SWA1218,Arrival,2026-10-05T12:34:00+00:00,2026-10-05T02:08:49+00:00,2026-10-05T11:00:09+00:00,1.56,True
SWA3341,Arrival,2026-10-05T12:34:00+00:00,2026-10-05T02:08:49+00:00,2026-10-05T11:00:09+00:00,1.56,True
SWA2549,Arrival,2026-10-05T12:36:00+00:00,2026-10-05T02:08:49+00:00,2026-10-05T11:00:09+00:00,1.6,True
SWA734,Arrival,2026-10-05T12:39:00+00:00,2026-10-05T02:08:49+00:00,2026-10-05T11:00:09+00:00,1.65,True
DAL4939,Arrival,2026-10-05T13:05:00+00:00,2026-10-05T02:08:49+00:00,2026-10-05T11:00:09+00:00,2.08,True
AAL2497,Arrival,2026-10-05T13:31:00+00:00,2026-10-05T02:08:49+00:00,2026-10-05T11:00:09+00:00,2.51,True
UAL3689,Arrival,2026-10-05T13:41:00+00:00,2026-10-05T03:44:56+00:00,2026-10-05T11:00:09+00:00,2.68,True
SWA1796,Arrival,2026-10-05T13:44:00+00:00,2026-10-05T02:08:49+00:00,2026-10-05T11:00:09+00:00,2.73,True
SWA3082,Arrival,2026-10-05T13:57:00+00:00,2026-10-05T03:44:56+00:00,2026-10-05T11:00:09+00:00,2.95,True
SWA3138,Arrival,2026-10-05T14:01:00+00:00,2026-10-05T03:44:56+00:00,2026-10-05T11:00:09+00:00,3.01,True
SWA4481,Arrival,2026-10-05T14:04:00+00:00,2026-10-05T03:44:56+00:00,2026-10-05T11:00:09+00:00,3.06,True
SWA2128,Arrival,2026-10-05T14:09:00+00:00,2026-10-05T03:44:56+00:00,2026-10-05T11:00:09+00:00,3.15,True
SWA1519,Arrival,2026-10-05T14:19:00+00:00,2026-10-05T03:44:56+00:00,2026-10-05T11:00:09+00:00,3.31,True
SWA429,Arrival,2026-10-05T14:34:00+00:00,2026-10-05T03:44:56+00:00,2026-10-05T11:00:09+00:00,3.56,True
UAL4587,Arrival,2026-10-05T14:35:00+00:00,2026-10-05T03:44:56+00:00,2026-10-05T11:00:09+00:00,3.58,True
SWA1451,Arrival,2026-10-05T14:39:00+00:00,2026-10-05T03:44:56+00:00,2026-10-05T11:00:09+00:00,3.65,True
SWA3140,Arrival,2026-10-05T15:04:00+00:00,2026-10-05T03:44:56+00:00,2026-10-05T11:00:09+00:00,4.06,True
LXJ374,Arrival,2026-10-05T15:19:00+00:00,2026-10-05T11:00:09+00:00,2026-10-05T11:00:09+00:00,4.31,False
VTE7653,Arrival,2026-10-05T16:03:00+00:00,2026-10-05T11:00:09+00:00,2026-10-05T11:00:09+00:00,5.05,False
DAL4922,Arrival,2026-10-05T16:38:00+00:00,2026-10-05T11:00:09+00:00,2026-10-05T11:00:09+00:00,5.63,False
SWA694,Arrival,2026-10-05T17:04:00+00:00,2026-10-05T11:00:09+00:00,2026-10-05T11:00:09+00:00,6.06,False
AAL3944,Arrival,2026-10-05T17:06:00+00:00,2026-10-05T11:00:09+00:00,2026-10-05T11:00:09+00:00,6.1,False
SWA3532,Arrival,2026-10-05T17:20:00+00:00,2026-10-05T11:00:09+00:00,2026-10-05T11:00:09+00:00,6.33,False
SWA1452,Arrival,2026-10-05T17:29:00+00:00,2026-10-05T11:00:09+00:00,2026-10-05T11:00:09+00:00,6.48,False
SWA1521,Arrival,2026-10-05T18:19:00+00:00,2026-10-05T11:00:09+00:00,2026-10-05T11:00:09+00:00,7.31,False
SWA1798,Arrival,2026-10-05T18:19:00+00:00,2026-10-05T11:00:09+00:00,2026-10-05T11:00:09+00:00,7.31,False
DLH448,Arrival,2026-10-05T18:25:00+00:00,2026-10-05T11:00:09+00:00,2026-10-05T11:00:09+00:00,7.41,False
DAL2455,Arrival,2026-10-05T18:30:00+00:00,2026-10-05T11:00:09+00:00,2026-10-05T11:00:09+00:00,7.5,False
AAL590,Arrival,2026-10-05T18:36:00+00:00,2026-10-05T11:00:09+00:00,2026-10-05T11:00:09+00:00,7.6,False
SWA1409,Arrival,2026-10-05T18:54:00+00:00,2026-10-05T11:00:09+00:00,2026-10-05T11:00:09+00:00,7.9,False
SWA3345,Arrival,2026-10-05T19:14:00+00:00,2026-10-05T11:00:09+00:00,2026-10-05T11:00:09+00:00,8.23,False
AAL1363,Arrival,2026-10-05T19:30:00+00:00,2026-10-05T11:00:09+00:00,2026-10-05T11:00:09+00:00,8.5,False
DAL4905,Arrival,2026-10-05T20:31:00+00:00,2026-10-05T11:00:09+00:00,2026-10-05T11:00:09+00:00,9.51,False
WU661,Arrival,2026-10-05T21:15:00+00:00,2026-10-05T11:00:09+00:00,2026-10-05T11:00:09+00:00,10.25,False
UAL4416,Arrival,2026-10-05T21:55:00+00:00,2026-10-05T11:00:09+00:00,2026-10-05T11:00:09+00:00,10.91,False
