registration,icao24,airline,aircraft_type,livery_name,kind,description,status,confidence,painted_date,as_of,sources,notes,country
B-228V,,9 Air,Boeing 737 MAX 8,Jiahewanggang,livery,,active,best-effort,,2026-09-21,airportwebcams.net,site updated 15-September-2026,China
B-6990,,9 Air,Boeing 737-800,Hey! Buddies! (sticker),decal,,active,best-effort,,2026-09-21,airportwebcams.net,site updated 15-September-2026,China
SX-DGD,,Aegean Airlines,Airbus A320,visitgreece.gr (sticker),decal,,active,best-effort,,2026-09-21,airportwebcams.net,site updated 15-September-2026,Greece
SX-DVQ,,Aegean Airlines,Airbus A320,Star Alliance,alliance,,active,best-effort,,2026-09-21,airportwebcams.net,site updated 15-September-2026,Greece
SX-DVR,,Aegean Airlines,Airbus A320,Star Alliance,alliance,,active,best-effort,,2026-09-21,airportwebcams.net,site updated 15-September-2026,Greece
EI-DVM,,Aer Lingus,Airbus A320,Aer Lingus Retro,retro,,active,best-effort,,2026-09-21,airportwebcams.net,site updated 15-September-2026,Ireland
4W-AAL,,Aero Dili,Airbus A320,BNCTL (Banco Nacional de Comercio de Timor-Leste) (sticker),decal,,active,best-effort,,2026-09-21,airportwebcams.net,site updated 15-September-2026,Timor-Leste
4W-AAO,,Aero Dili,Airbus A319,Build the Nation with BNCTL (sticker),decal,,active,best-effort,,2026-09-21,airportwebcams.net,site updated 15-September-2026,Timor-Leste
HL8540,,Aero-K,Airbus A320,Cha Inchul,livery,,active,best-effort,,2026-09-21,airportwebcams.net,site updated 15-September-2026,South Korea
RA-73103,,Aeroflot,Boeing 737-800,SkyTeam,alliance,,active,best-effort,,2026-09-21,airportwebcams.net,site updated 15-September-2026,Russia
RA-73104,,Aeroflot,Boeing 737-800,80th anniversary - Victory Great Patriotic War (sticker),decal,,active,best-effort,,2026-09-21,airportwebcams.net,site updated 15-September-2026,Russia
RA-73134,,Aeroflot,Boeing 777-300ER,SkyTeam,alliance,,active,best-effort,,2026-09-21,airportwebcams.net,site updated 15-September-2026,Russia
RA-73148,,Aeroflot,Boeing 777-300ER,100 years building the future (sticker),decal,,active,best-effort,,2026-09-21,airportwebcams.net,site updated 15-September-2026,Russia
RA-73151,,Aeroflot,Airbus A350-900,80th anniversary - Victory Great Patriotic War (sticker),decal,,active,best-effort,,2026-09-21,airportwebcams.net,site updated 15-September-2026,Russia
RA-73158,,Aeroflot,Boeing 777-300ER,100 years building the future (sticker),decal,,active,best-effort,,2026-09-21,airportwebcams.net,site updated 15-September-2026,Russia
RA-73167,,Aeroflot,Airbus A320,80th anniversary - Victory Great Patriotic War (sticker),decal,,active,best-effort,,2026-09-21,airportwebcams.net,site updated 15-September-2026,Russia
RA-73697,,Aeroflot,Boeing 777-300ER,100 years of domestic civil aviation (sticker),decal,,active,best-effort,,2026-09-21,airportwebcams.net,site updated 15-September-2026,Russia
RA-73708,,Aeroflot,Airbus A321,80th anniversary - Victory Great Patriotic War (sticker),decal,,active,best-effort,,2026-09-21,airportwebcams.net,site updated 15-September-2026,Russia
RA-73710,,Aeroflot,Airbus A321,95th Anniversary,livery,,active,best-effort,,2026-09-21,airportwebcams.net,site updated 15-September-2026,Russia
RA-73740,,Aeroflot,Airbus A320,80th anniversary - Victory Great Patriotic War (sticker),decal,,active,best-effort,,2026-09-21,airportwebcams.net,site updated 15-September-2026,Russia
RA-73749,,Aeroflot,Airbus A320,SkyTeam,alliance,,active,best-effort,,2026-09-21,airportwebcams.net,site updated 15-September-2026,Russia
RA-73753,,Aeroflot,Airbus A320,Dobrolet Retro,retro,,active,best-effort,,2026-09-21,airportwebcams.net,site updated 15-September-2026,Russia
RA-73757,,Aeroflot,Airbus A320,SkyTeam,alliance,,active,best-effort,,2026-09-21,airportwebcams.net,site updated 15-September-2026,Russia
RA-73763,,Aeroflot,Airbus A320,80th anniversary - Victory Great Patriotic War (sticker),decal,,active,best-effort,,2026-09-21,airportwebcams.net,site updated 15-September-2026,Russia
RA-73764,,Aeroflot,Airbus A320,100 years of domestic civil aviation (sticker),decal,,active,best-effort,,2026-09-21,airportwebcams.net,site updated 15-September-2026,Russia
9H-BRU,,Aeroitalia,Boeing 737-800,McDonald's World Menu Heist,livery,,active,best-effort,,2026-09-21,airportwebcams.net,site updated 15-September-2026,Italy
LV-CTC,,Aerolineas Argentinas,Boeing 737-800F,diggit (sticker),decal,,active,best-effort,,2026-09-21,airportwebcams.net,site updated 15-September-2026,Argentina
LV-FPS,,Aerolineas Argentinas,Embraer ERJ190,SkyTeam,alliance,,active,best-effort,,2026-09-21,airportwebcams.net,site updated 15-September-2026,Argentina
LV-FVH,,Aerolineas Argentinas,Airbus A330-200,Argentina National Football Team,livery,,active,best-effort,,2026-09-21,airportwebcams.net,site updated 15-September-2026,Argentina
LV-GGQ,,Aerolineas Argentinas,Boeing 737-800,YPF (sticker),decal,,active,best-effort,,2026-09-21,airportwebcams.net,site updated 15-September-2026,Argentina
LV-GKP,,Aerolineas Argentinas,Airbus A330-300,YPF,livery,,active,best-effort,,2026-09-21,airportwebcams.net,site updated 15-September-2026,Argentina
LV-GOO,,Aerolineas Argentinas,Boeing 737-700,70th Anniversary Retro,retro,,active,best-effort,,2026-09-21,airportwebcams.net,site updated 15-September-2026,Argentina
LV-KAN,,Aerolineas Argentinas,Airbus A330-200,Argentina National Football Team (FIFA Football World Cup 2026),livery,,active,best-effort,,2026-09-21,airportwebcams.net,site updated 15-September-2026,Argentina
LV-KAO,,Aerolineas Argentinas,Airbus A330-200,Argentina National Football Team,livery,,active,best-effort,,2026-09-21,airportwebcams.net,site updated 15-September-2026,Argentina
LV-KHQ,,Aerolineas Argentinas,Boeing 737-800F,diggit (sticker),decal,,active,best-effort,,2026-09-21,airportwebcams.net,site updated 15-September-2026,Argentina
LV-KNR,,Aerolineas Argentinas,Boeing 737 MAX 8,75 Years (sticker),decal,,active,best-effort,,2026-09-21,airportwebcams.net,site updated 15-September-2026,Argentina
N377AR,,Aeromexico,Boeing 737-800,Corona Beer (sticker),decal,,active,best-effort,,2026-09-21,airportwebcams.net,site updated 15-September-2026,Mexico
N742AM,,Aeromexico,Boeing 787-9,Most On Time Global Airline (sticker),decal,,active,best-effort,,2026-09-21,airportwebcams.net,site updated 15-September-2026,Mexico
N804AM,,Aeromexico,Boeing 737 MAX 9,World's Most Punctual Airline 2024/5 (sticker),decal,,active,best-effort,,2026-09-21,airportwebcams.net,site updated 15-September-2026,Mexico
XA-ADL,,Aeromexico,Boeing 787-9,Quetzalcoatl,livery,,active,best-effort,,2026-09-21,airportwebcams.net,site updated 15-September-2026,Mexico
XA-AMQ,,Aeromexico,Boeing 787-9,"Second Year In A Row, Most On-Time Global Airline (sticker)",decal,,active,best-effort,,2026-09-21,airportwebcams.net,site updated 15-September-2026,Mexico
XA-GQS,,Aeromexico,Boeing 737 MAX 9,Kukulcan,livery,,active,best-effort,,2026-09-21,airportwebcams.net,site updated 15-September-2026,Mexico
XA-MAT,,Aeromexico,Boeing 737 MAX 8,Patrocinador Oficial de la NFL en México (sticker),decal,,active,best-effort,,2026-09-21,airportwebcams.net,site updated 15-September-2026,Mexico
XA-GAH,,Aeromexico Connect,Embraer ERJ190,La Aerolinea Mas Puntual del Mundo en 2024/25 (sticker),decal,,active,best-effort,,2026-09-21,airportwebcams.net,site updated 15-September-2026,Mexico
CC-ARN,,Aerovias DAP,BAe Avro RJ100,Antarctic Airways,livery,,active,best-effort,,2026-09-21,airportwebcams.net,site updated 15-September-2026,Chile
CC-CZP,,Aerovias DAP,Bae 146,Penguin,livery,,active,best-effort,,2026-09-21,airportwebcams.net,site updated 15-September-2026,Chile
7T-VKM,,Air Algerie,Boeing 737-800,25th Boeing 737NG,livery,,active,best-effort,,2026-09-21,airportwebcams.net,site updated 15-September-2026,Algeria
7T-VLB,,Air Algerie,Airbus A330-900,One Two Three viva l'Algérie (FIFA Football World Cup 2026),livery,,active,best-effort,,2026-09-21,airportwebcams.net,site updated 15-September-2026,Algeria
9H-FLM,,Air Atlanta Europe,Boeing 747-400F,Fly Meta (sticker),decal,,active,best-effort,,2026-09-21,airportwebcams.net,site updated 15-September-2026,Malta
TF-AKD,,Air Atlanta Icelandic,Boeing 747-400F,Magma Aviation (sticker),decal,,active,best-effort,,2026-09-21,airportwebcams.net,site updated 15-September-2026,Iceland
TF-AKE,,Air Atlanta Icelandic,Boeing 747-400F,Network Aviation (sticker),decal,,active,best-effort,,2026-09-21,airportwebcams.net,site updated 15-September-2026,Iceland
TF-AKG,,Air Atlanta Icelandic,Boeing 747-400F,Network Aviation (sticker),decal,,active,best-effort,,2026-09-21,airportwebcams.net,site updated 15-September-2026,Iceland
TF-AMM,,Air Atlanta Icelandic,Boeing 747-400BDSF,Network Aviation (sticker),decal,,active,best-effort,,2026-09-21,airportwebcams.net,site updated 15-September-2026,Iceland
TF-AMN,,Air Atlanta Icelandic,Boeing 747-400BDSF,Magma Aviation (sticker),decal,,active,best-effort,,2026-09-21,airportwebcams.net,site updated 15-September-2026,Iceland
TF-AMP,,Air Atlanta Icelandic,Boeing 747-400BCF,Magma Aviation (sticker),decal,,active,best-effort,,2026-09-21,airportwebcams.net,site updated 15-September-2026,Iceland
TF-AMU,,Air Atlanta Icelandic,Boeing 747-400F,Network Aviation (sticker),decal,,active,best-effort,,2026-09-21,airportwebcams.net,site updated 15-September-2026,Iceland
OE-LAL,,Air Belgium,Airbus A330-200P2F,Hongyuan Group (sticker),decal,,active,best-effort,,2026-09-21,airportwebcams.net,site updated 15-September-2026,Belgium
OE-LFC,,Air Belgium,Boeing 747-8F,Sichuan Logistics (sticker),decal,,active,best-effort,,2026-09-21,airportwebcams.net,site updated 15-September-2026,Belgium
OE-LFD,,Air Belgium,Boeing 747-8F,Sichuan Logistics (sticker),decal,,active,best-effort,,2026-09-21,airportwebcams.net,site updated 15-September-2026,Belgium
OO-LAJ,,Air Belgium,Airbus A330-200P2F,Hongyuan Group (sticker),decal,,active,best-effort,,2026-09-21,airportwebcams.net,site updated 15-September-2026,Belgium
RA-73488,,Air Bridge Cargo,Boeing 747-400F,XL Oversize,livery,,active,best-effort,,2026-09-21,airportwebcams.net,site updated 15-September-2026,Russia
RA-73499,,Air Bridge Cargo,Boeing 747-400F,XL Oversize,livery,,active,best-effort,,2026-09-21,airportwebcams.net,site updated 15-September-2026,Russia
VP-BBY,,Air Bridge Cargo,Boeing 747-8F,XL Oversize,livery,,active,best-effort,,2026-09-21,airportwebcams.net,site updated 15-September-2026,Russia
VP-BJS,,Air Bridge Cargo,Boeing 747-8F,XL Oversize,livery,,active,best-effort,,2026-09-21,airportwebcams.net,site updated 15-September-2026,Russia
SU-BPX,,Air Cairo,Airbus A320,20 Years (sticker),decal,,active,best-effort,,2026-09-21,airportwebcams.net,site updated 15-September-2026,Egypt
SU-BTM,,Air Cairo,Airbus A320,20 Years (sticker),decal,,active,best-effort,,2026-09-21,airportwebcams.net,site updated 15-September-2026,Egypt
SU-BUJ,,Air Cairo,Airbus A320,20 Years (sticker),decal,,active,best-effort,,2026-09-21,airportwebcams.net,site updated 15-September-2026,Egypt
SU-BUL,,Air Cairo,Airbus A320neo,Misr Life Insurance / 20 Years (stickers),livery,,active,best-effort,,2026-09-21,airportwebcams.net,site updated 15-September-2026,Egypt
SU-BUM,,Air Cairo,Airbus A320neo,20 Years (sticker),decal,,active,best-effort,,2026-09-21,airportwebcams.net,site updated 15-September-2026,Egypt
SU-BUN,,Air Cairo,Airbus A320neo,Misr Life Insurance / 20 Years (stickers),livery,,active,best-effort,,2026-09-21,airportwebcams.net,site updated 15-September-2026,Egypt
SU-BUQ,,Air Cairo,Airbus A320neo,Misr Life Insurance (sticker),decal,,active,best-effort,,2026-09-21,airportwebcams.net,site updated 15-September-2026,Egypt
SU-BUR,,Air Cairo,Airbus A320neo,20 Years (sticker),decal,,active,best-effort,,2026-09-21,airportwebcams.net,site updated 15-September-2026,Egypt
SU-BUT,,Air Cairo,Airbus A320neo,20 Years (sticker),decal,,active,best-effort,,2026-09-21,airportwebcams.net,site updated 15-September-2026,Egypt
SU-BUU,,Air Cairo,Airbus A320,20 Years (sticker),decal,,active,best-effort,,2026-09-21,airportwebcams.net,site updated 15-September-2026,Egypt
SU-BUV,,Air Cairo,Airbus A320,20 Years (sticker),decal,,active,best-effort,,2026-09-21,airportwebcams.net,site updated 15-September-2026,Egypt
SU-BUX,,Air Cairo,Airbus A320neo,20 Years (sticker),decal,,active,best-effort,,2026-09-21,airportwebcams.net,site updated 15-September-2026,Egypt
SU-BUY,,Air Cairo,Airbus A320neo,20 Years (sticker),decal,,active,best-effort,,2026-09-21,airportwebcams.net,site updated 15-September-2026,Egypt
SU-BUZ,,Air Cairo,Airbus A320neo,20 Years (sticker),decal,,active,best-effort,,2026-09-21,airportwebcams.net,site updated 15-September-2026,Egypt
SU-BVA,,Air Cairo,ATR 72-600,20 Years (sticker),decal,,active,best-effort,,2026-09-21,airportwebcams.net,site updated 15-September-2026,Egypt
SU-BVH,,Air Cairo,Embraer ERJ190,20 Years (sticker),decal,,active,best-effort,,2026-09-21,airportwebcams.net,site updated 15-September-2026,Egypt
SU-BVI,,Air Cairo,Embraer ERJ190,20 Years (sticker),decal,,active,best-effort,,2026-09-21,airportwebcams.net,site updated 15-September-2026,Egypt
SU-BVK,,Air Cairo,Airbus A320neo,20 Years (sticker),decal,,active,best-effort,,2026-09-21,airportwebcams.net,site updated 15-September-2026,Egypt
C-FDHG,,Air Canada,Airbus A330-300,Star Alliance,alliance,,active,best-effort,,2026-09-21,airportwebcams.net,site updated 15-September-2026,Canada
C-FIVM,,Air Canada,Boeing 777-300ER,2026 Employee Excellence Awards recipients,livery,,active,best-effort,,2026-09-21,airportwebcams.net,site updated 15-September-2026,Canada
C-FSBV,,Air Canada,Boeing 787-9,2025 Employee Excellence Awards Recipients,livery,,active,best-effort,,2026-09-21,airportwebcams.net,site updated 15-September-2026,Canada
C-GEFA,,Air Canada,Airbus A330-300,Proudly contributing to climate research (sticker),decal,,active,best-effort,,2026-09-21,airportwebcams.net,site updated 15-September-2026,Canada
C-GEGC,,Air Canada,Airbus A330-300,Fly The Flag / Canadian Olympic team,livery,,active,best-effort,,2026-09-21,airportwebcams.net,site updated 15-September-2026,Canada
C-GEGI,,Air Canada,Airbus A330-300,Star Alliance,alliance,,active,best-effort,,2026-09-21,airportwebcams.net,site updated 15-September-2026,Canada
C-GEGP,,Air Canada,Airbus A330-300,Star Alliance,alliance,,active,best-effort,,2026-09-21,airportwebcams.net,site updated 15-September-2026,Canada
C-GHLM,,Air Canada,Airbus A330-300,Star Alliance,alliance,,active,best-effort,,2026-09-21,airportwebcams.net,site updated 15-September-2026,Canada
C-GNBN,,Air Canada,Airbus A220-300,Trans-Canada Air Lines (TCA) Retro,retro,,active,best-effort,,2026-09-21,airportwebcams.net,site updated 15-September-2026,Canada
C-GOFV,,Air Canada,Airbus A330-300,Star Alliance,alliance,,active,best-effort,,2026-09-21,airportwebcams.net,site updated 15-September-2026,Canada
C-GXZD,,Air Canada,Airbus A330-300,Star Alliance,alliance,,active,best-effort,,2026-09-21,airportwebcams.net,site updated 15-September-2026,Canada
B-2006,,Air China,Boeing 777-300ER,Love China,livery,,active,best-effort,,2026-09-21,airportwebcams.net,site updated 15-September-2026,China
B-2032,,Air China,Boeing 777-300ER,Star Alliance,alliance,,active,best-effort,,2026-09-21,airportwebcams.net,site updated 15-September-2026,China
B-308M,,Air China,Airbus A350-900,Star Alliance,alliance,,active,best-effort,,2026-09-21,airportwebcams.net,site updated 15-September-2026,China
B-5198,,Air China,Boeing 737-800,Yellow Peony,livery,,active,best-effort,,2026-09-21,airportwebcams.net,site updated 15-September-2026,China
B-5214,,Air China,Boeing 737-700,Pink Peony,livery,,active,best-effort,,2026-09-21,airportwebcams.net,site updated 15-September-2026,China
B-5390,,Air China,Boeing 737-800,Gold Peony,livery,,active,best-effort,,2026-09-21,airportwebcams.net,site updated 15-September-2026,China
B-5422,,Air China,Boeing 737-800,Phoenix,livery,,active,best-effort,,2026-09-21,airportwebcams.net,site updated 15-September-2026,China
B-5425,,Air China,Boeing 737-800,Star Alliance,alliance,,active,best-effort,,2026-09-21,airportwebcams.net,site updated 15-September-2026,China
B-5497,,Air China,Boeing 737-800,Star Alliance,alliance,,active,best-effort,,2026-09-21,airportwebcams.net,site updated 15-September-2026,China
B-5912,,Air China,Airbus A330-300,Star Alliance,alliance,,active,best-effort,,2026-09-21,airportwebcams.net,site updated 15-September-2026,China
B-5977,,Air China,Airbus A330-300,50th A330 For Air China (sticker),decal,,active,best-effort,,2026-09-21,airportwebcams.net,site updated 15-September-2026,China
B-6071,,Air China,Airbus A330-200,Jin Li,livery,,active,best-effort,,2026-09-21,airportwebcams.net,site updated 15-September-2026,China
B-6101,,Air China,Airbus A330-300,Star Alliance,alliance,,active,best-effort,,2026-09-21,airportwebcams.net,site updated 15-September-2026,China
B-6361,,Air China,Airbus A321,Beautiful Sichuan,livery,,active,best-effort,,2026-09-21,airportwebcams.net,site updated 15-September-2026,China
B-6365,,Air China,Airbus A321,Beautiful Sichuan II,livery,,active,best-effort,,2026-09-21,airportwebcams.net,site updated 15-September-2026,China
B-6383,,Air China,Airbus A321,Star Alliance,alliance,,active,best-effort,,2026-09-21,airportwebcams.net,site updated 15-September-2026,China
F-HBSA,,Air Corsica,Airbus A320,Paoli 2025 (sticker),decal,,active,best-effort,,2026-09-21,airportwebcams.net,site updated 15-September-2026,France
F-HXKA,,Air Corsica,ATR 72-600,Ambizione 2025 (sticker),decal,,active,best-effort,,2026-09-21,airportwebcams.net,site updated 15-September-2026,France
F-HXKB,,Air Corsica,Airbus A320neo,Ambizione 2025 (sticker),decal,,active,best-effort,,2026-09-21,airportwebcams.net,site updated 15-September-2026,France
F-HXKC,,Air Corsica,Airbus A320neo,Ambizione 2025 (sticker),decal,,active,best-effort,,2026-09-21,airportwebcams.net,site updated 15-September-2026,France
F-HXKE,,Air Corsica,ATR 72-600,Ambizione 2025 (sticker),decal,,active,best-effort,,2026-09-21,airportwebcams.net,site updated 15-September-2026,France
F-HXKF,,Air Corsica,Airbus A320neo,Ambizione 2025 (sticker),decal,,active,best-effort,,2026-09-21,airportwebcams.net,site updated 15-September-2026,France
F-HXKI,,Air Corsica,ATR 72-600,Ambizione 2025 (sticker),decal,,active,best-effort,,2026-09-21,airportwebcams.net,site updated 15-September-2026,France
F-HXKJ,,Air Corsica,Airbus A320neo,Ambizione 2025 (sticker),decal,,active,best-effort,,2026-09-21,airportwebcams.net,site updated 15-September-2026,France
F-HXKU,,Air Corsica,ATR 72-600,Ambizione 2025 (sticker),decal,,active,best-effort,,2026-09-21,airportwebcams.net,site updated 15-September-2026,France
F-HXKY,,Air Corsica,ATR 72-600,Ambizione 2025 (sticker),decal,,active,best-effort,,2026-09-21,airportwebcams.net,site updated 15-September-2026,France
F-HXKZ,,Air Corsica,ATR 72-600,Ambizione 2025 (sticker),decal,,active,best-effort,,2026-09-21,airportwebcams.net,site updated 15-September-2026,France
JA607A,,Air Do/Hokkaido Airlines,Boeing 767-300ER,Pokemon Rockon Jet / Vulpix Jet Hokkaido,livery,,active,best-effort,,2026-09-21,airportwebcams.net,site updated 15-September-2026,Japan
JA612A,,Air Do/Hokkaido Airlines,Boeing 767-300ER,Regional Plus (sticker),decal,,active,best-effort,,2026-09-21,airportwebcams.net,site updated 15-September-2026,Japan
I-ADJV,,Air Dolomiti,Embraer ERJ190,Star Alliance,alliance,,active,best-effort,,2026-09-21,airportwebcams.net,site updated 15-September-2026,Italy
EC-LPQ,,Air Europa,Boeing 737-800,SkyTeam,alliance,,active,best-effort,,2026-09-21,airportwebcams.net,site updated 15-September-2026,Spain
EC-LQX,,Air Europa,Boeing 737-800,Barranquilla (sticker),decal,,active,best-effort,,2026-09-21,airportwebcams.net,site updated 15-September-2026; flagged NEW by site,Spain
EC-MIH,,Air Europa,Boeing 787-8,Julio Iglesias (sticker),decal,,active,best-effort,,2026-09-21,airportwebcams.net,site updated 15-September-2026,Spain
EC-MJU,,Air Europa,Boeing 737-800,40 Anos (sticker),decal,,active,best-effort,,2026-09-21,airportwebcams.net,site updated 15-September-2026,Spain
EC-MNS,,Air Europa,Boeing 787-8,Luis Fonsi (sticker),decal,,active,best-effort,,2026-09-21,airportwebcams.net,site updated 15-September-2026,Spain
EC-MOM,,Air Europa,Boeing 787-8,Lanzarote A Unique Island (sticker),decal,,active,best-effort,,2026-09-21,airportwebcams.net,site updated 15-September-2026,Spain
EC-NBM,,Air Europa,Boeing 787-9,RCD Mallorca football club (sticker),decal,,active,best-effort,,2026-09-21,airportwebcams.net,site updated 15-September-2026,Spain
EC-NEI,,Air Europa,Boeing 787-9,Los 40 radio station (sticker),decal,,active,best-effort,,2026-09-21,airportwebcams.net,site updated 15-September-2026,Spain
N915GD,,Air Flamenco,Short SD360-300F,Hecho en Puerto Rico (sticker),decal,,active,best-effort,,2026-09-21,airportwebcams.net,site updated 15-September-2026,Puerto Rico
B-1037,,Air Guilin,Airbus A320,Mao'er Spring,livery,,active,best-effort,,2026-09-21,airportwebcams.net,site updated 15-September-2026,China
B-1039,,Air Guilin,Airbus A320,Guilin Rice Noodles,livery,,active,best-effort,,2026-09-21,airportwebcams.net,site updated 15-September-2026,China
B-1040,,Air Guilin,Airbus A320,Two Rivers & Four Lakes: Elephant Trunk Hill Scenic Area,livery,,active,best-effort,,2026-09-21,airportwebcams.net,site updated 15-September-2026,China
B-1060,,Air Guilin,Airbus A320,Longsheng Longji Terraced Fields,livery,,active,best-effort,,2026-09-21,airportwebcams.net,site updated 15-September-2026,China
B-1061,,Air Guilin,Airbus A320,Monk fruit,livery,,active,best-effort,,2026-09-21,airportwebcams.net,site updated 15-September-2026,China
9H-MPW,,Air Horizont,Boeing 737-400,Milujemeleto,livery,,active,best-effort,,2026-09-21,airportwebcams.net,site updated 15-September-2026,Malta
VT-ALJ,,Air India,Boeing 777-300ER,Star Alliance,alliance,,active,best-effort,,2026-09-21,airportwebcams.net,site updated 15-September-2026,India
VT-ALN,,Air India,Boeing 777-300ER,Celebrating India,livery,,active,best-effort,,2026-09-21,airportwebcams.net,site updated 15-September-2026,India
VT-ALT,,Air India,Boeing 777-300ER,75th Anniversary (sticker),decal,,active,best-effort,,2026-09-21,airportwebcams.net,site updated 15-September-2026,India
VT-ANC,,Air India,Boeing 787-8,75th Anniversary (sticker),decal,,active,best-effort,,2026-09-21,airportwebcams.net,site updated 15-September-2026,India
VT-ANQ,,Air India,Boeing 787-8,Guru Nanak 550 Years Celebrations,livery,,active,best-effort,,2026-09-21,airportwebcams.net,site updated 15-September-2026,India
VT-ANU,,Air India,Boeing 787-8,Star Alliance,alliance,,active,best-effort,,2026-09-21,airportwebcams.net,site updated 15-September-2026,India
VT-CIN,,Air India,Airbus A320neo,Star Alliance,alliance,,active,best-effort,,2026-09-21,airportwebcams.net,site updated 15-September-2026,India
VT-EXO,,Air India,Airbus A320neo,Star Alliance,alliance,,active,best-effort,,2026-09-21,airportwebcams.net,site updated 15-September-2026,India
VT-PPW,,Air India,Airbus A321,75th Azadi Ka Amrit Mahotsav (sticker),decal,,active,best-effort,,2026-09-21,airportwebcams.net,site updated 15-September-2026,India
VT-ATV,,Air India (formerly Vistara),Airbus A320neo,Tata Airlines Retro,retro,,active,best-effort,,2026-09-21,airportwebcams.net,site updated 15-September-2026,India
VT-AXJ,,Air India Express,Boeing 737-800,Iconic Brand 2021 (sticker),decal,,active,best-effort,,2026-09-21,airportwebcams.net,site updated 15-September-2026,India
VT-AXX,,Air India Express,Boeing 737-800,Iconic Brand 2021 (sticker),decal,,active,best-effort,,2026-09-21,airportwebcams.net,site updated 15-September-2026,India
VT-BWI,,Air India Express,Boeing 737 MAX 8,100th Aircraft (sticker),decal,,active,best-effort,,2026-09-21,airportwebcams.net,site updated 15-September-2026,India
VT-BWV,,Air India Express,Boeing 737 MAX 8,The Flying Canvas,livery,,active,best-effort,,2026-09-21,airportwebcams.net,site updated 15-September-2026,India
VT-GHC,,Air India Express,Boeing 737-800,Danube Properties,livery,,active,best-effort,,2026-09-21,airportwebcams.net,site updated 15-September-2026,India
VT-GHE,,Air India Express,Boeing 737-800,Iconic Brand 2021 (sticker),decal,,active,best-effort,,2026-09-21,airportwebcams.net,site updated 15-September-2026,India
VT-GHI,,Air India Express,Boeing 737-800,Iconic Brand 2021 (sticker),decal,,active,best-effort,,2026-09-21,airportwebcams.net,site updated 15-September-2026,India
VT-GHK,,Air India Express,Boeing 737-800,Iconic Brand 2021 (sticker),decal,,active,best-effort,,2026-09-21,airportwebcams.net,site updated 15-September-2026,India
B-MBB,,Air Macau,Airbus A321,Macao - Creative City of Gastronomy,livery,,active,best-effort,,2026-09-21,airportwebcams.net,site updated 15-September-2026,China/Macau
B-MBM,,Air Macau,Airbus A321,Macau Welcomes You,livery,,active,best-effort,,2026-09-21,airportwebcams.net,site updated 15-September-2026,China/Macau
B-MBQ,,Air Macau,Airbus A321neo,Macao Welcomes You,livery,,active,best-effort,,2026-09-21,airportwebcams.net,site updated 15-September-2026,China/Macau
B-MCI,,Air Macau,Airbus A320,The Historic Centre of Macau,livery,,active,best-effort,,2026-09-21,airportwebcams.net,site updated 15-September-2026,China/Macau
4O-AOA,,Air Montenegro,Embraer ERJ195,The Next EU Member 28 by 28 (sticker),decal,,active,best-effort,,2026-09-21,airportwebcams.net,site updated 15-September-2026,Montenegro
4O-AOB,,Air Montenegro,Embraer ERJ195LR,The Next EU Member 28 by '28 (sticker),decal,,active,best-effort,,2026-09-21,airportwebcams.net,site updated 15-September-2026,Montenegro
4O-AOE,,Air Montenegro,Embraer ERJ195,The Next EU Member 28 by 28 (sticker),decal,,active,best-effort,,2026-09-21,airportwebcams.net,site updated 15-September-2026,Montenegro
4O-AOI,,Air Montenegro,Embraer ERJ195,The Next EU Member 28 by 28 (sticker),decal,,active,best-effort,,2026-09-21,airportwebcams.net,site updated 15-September-2026,Montenegro
ZK-MVA,,Air New Zealand,ATR 72-600,All Blacks,livery,,active,best-effort,,2026-09-21,airportwebcams.net,site updated 15-September-2026,New Zealand
ZK-MZF,,Air New Zealand,ATR 72-600,ATR 1600th (sticker),decal,,active,best-effort,,2026-09-21,airportwebcams.net,site updated 15-September-2026,New Zealand
ZK-NEM,,Air New Zealand,DHC Dash 8-300,All Blacks,livery,,active,best-effort,,2026-09-21,airportwebcams.net,site updated 15-September-2026,New Zealand
ZK-NNA,,Air New Zealand,Airbus A321neo,All Blacks,livery,,active,best-effort,,2026-09-21,airportwebcams.net,site updated 15-September-2026,New Zealand
ZK-NZE,,Air New Zealand,Boeing 787-9,All Blacks,livery,,active,best-effort,,2026-09-21,airportwebcams.net,site updated 15-September-2026,New Zealand
ZK-OAB,,Air New Zealand,Airbus A320,All Blacks,livery,,active,best-effort,,2026-09-21,airportwebcams.net,site updated 15-September-2026,New Zealand
ZK-OKQ,,Air New Zealand,Boeing 777-300ER,All Blacks,livery,,active,best-effort,,2026-09-21,airportwebcams.net,site updated 15-September-2026,New Zealand
ZK-OYB,,Air New Zealand,Airbus A321neo,Star Alliance (black),alliance,,active,best-effort,,2026-09-21,airportwebcams.net,site updated 15-September-2026,New Zealand
P2-PGA,,Air Niugini,Airbus A220-300,Papua New Guinea 50 Years,livery,,active,best-effort,,2026-09-21,airportwebcams.net,site updated 15-September-2026,Papua New Guinea
P2-PGB,,Air Niugini,Airbus A220-300,50 Years (sticker),decal,,active,best-effort,,2026-09-21,airportwebcams.net,site updated 15-September-2026,Papua New Guinea
P2-PGC,,Air Niugini,Airbus A220-300,50 Years (sticker),decal,,active,best-effort,,2026-09-21,airportwebcams.net,site updated 15-September-2026,Papua New Guinea
P2-PXA,,Air Niugini,Boeing 737-800,50 Years,livery,,active,best-effort,,2026-09-21,airportwebcams.net,site updated 15-September-2026,Papua New Guinea
P2-PXB,,Air Niugini,Boeing 737-800,50 Years (sticker),decal,,active,best-effort,,2026-09-21,airportwebcams.net,site updated 15-September-2026,Papua New Guinea
P2-PXC,,Air Niugini,Boeing 737-800,50 Years (sticker),decal,,active,best-effort,,2026-09-21,airportwebcams.net,site updated 15-September-2026,Papua New Guinea
P2-PXV,,Air Niugini,Boeing 767-300ER,50 Years (sticker),decal,,active,best-effort,,2026-09-21,airportwebcams.net,site updated 15-September-2026,Papua New Guinea
P2-PXW,,Air Niugini,Boeing 767-300ER,50 Years (sticker),decal,,active,best-effort,,2026-09-21,airportwebcams.net,site updated 15-September-2026,Papua New Guinea
C-FVGY,,Air North,ATR 42-300F,Vuntut Gwitchin,livery,,active,best-effort,,2026-09-21,airportwebcams.net,site updated 15-September-2026,Canada
YU-ALW,,Air Serbia,ATR 72-600,EXPO 2027 (sticker),decal,,active,best-effort,,2026-09-21,airportwebcams.net,site updated 15-September-2026,Serbia
YU-ALX,,Air Serbia,ATR 72-600,EXPO 2027 (sticker),decal,,active,best-effort,,2026-09-21,airportwebcams.net,site updated 15-September-2026,Serbia
YU-ALY,,Air Serbia,ATR 72-600,EXPO 2027 (sticker),decal,,active,best-effort,,2026-09-21,airportwebcams.net,site updated 15-September-2026,Serbia
YU-ALZ,,Air Serbia,ATR 72-600,EXPO 2027 (sticker),decal,,active,best-effort,,2026-09-21,airportwebcams.net,site updated 15-September-2026,Serbia
YU-APA,,Air Serbia,Airbus A319,EXPO 2027 (sticker),decal,,active,best-effort,,2026-09-21,airportwebcams.net,site updated 15-September-2026,Serbia
YU-APC,,Air Serbia,Airbus A319,EXPO 2027 (sticker),decal,,active,best-effort,,2026-09-21,airportwebcams.net,site updated 15-September-2026,Serbia
YU-APE,,Air Serbia,Airbus A319,EXPO 2027 (sticker),decal,,active,best-effort,,2026-09-21,airportwebcams.net,site updated 15-September-2026,Serbia
YU-APF,,Air Serbia,Airbus A319,EXPO 2027 (sticker),decal,,active,best-effort,,2026-09-21,airportwebcams.net,site updated 15-September-2026,Serbia
YU-APH,,Air Serbia,Airbus A320,EXPO 2027 (sticker),decal,,active,best-effort,,2026-09-21,airportwebcams.net,site updated 15-September-2026,Serbia
YU-APL,,Air Serbia,Airbus A319,EXPO 2027 (sticker),decal,,active,best-effort,,2026-09-21,airportwebcams.net,site updated 15-September-2026,Serbia
YU-APN,,Air Serbia,Airbus A319,EXPO 2027 (sticker),decal,,active,best-effort,,2026-09-21,airportwebcams.net,site updated 15-September-2026,Serbia
YU-APO,,Air Serbia,Airbus A320,EXPO 2027 (sticker),decal,,active,best-effort,,2026-09-21,airportwebcams.net,site updated 15-September-2026,Serbia
YU-APS,,Air Serbia,Airbus A320,EXPO 2027 (sticker),decal,,active,best-effort,,2026-09-21,airportwebcams.net,site updated 15-September-2026,Serbia
YU-APT,,Air Serbia,Airbus A320,Expo 2027 (sticker),decal,,active,best-effort,,2026-09-21,airportwebcams.net,site updated 15-September-2026,Serbia
YU-ARB,,Air Serbia,Airbus A330-200,Nikola Tesla,livery,,active,best-effort,,2026-09-21,airportwebcams.net,site updated 15-September-2026,Serbia
YU-ARC,,Air Serbia,Airbus A330-200,Mihajlo Pupin,livery,,active,best-effort,,2026-09-21,airportwebcams.net,site updated 15-September-2026,Serbia
YU-ARD,,Air Serbia,Airbus A330-200,"EXPO 2027 Belgrade, Serbia",livery,,active,best-effort,,2026-09-21,airportwebcams.net,site updated 15-September-2026,Serbia
YU-ARE,,Air Serbia,Airbus A330-200,"EXPO 2027 Belgrade, Serbia",livery,,active,best-effort,,2026-09-21,airportwebcams.net,site updated 15-September-2026,Serbia
YU-ASA,,Air Serbia,ATR 72-600,Expo 2027 (sticker),decal,,active,best-effort,,2026-09-21,airportwebcams.net,site updated 15-September-2026,Serbia
YU-ASC,,Air Serbia,ATR 72-600,EXPO 2027 (sticker),decal,,active,best-effort,,2026-09-21,airportwebcams.net,site updated 15-September-2026,Serbia
YU-ASD,,Air Serbia,ATR 72-600,EXPO 2027 (sticker),decal,,active,best-effort,,2026-09-21,airportwebcams.net,site updated 15-September-2026,Serbia
YU-ASE,,Air Serbia,ATR 72-600,EXPO 2027 (sticker),decal,,active,best-effort,,2026-09-21,airportwebcams.net,site updated 15-September-2026,Serbia
YU-ASF,,Air Serbia,ATR 72-600,EXPO 2027 (sticker),decal,,active,best-effort,,2026-09-21,airportwebcams.net,site updated 15-September-2026,Serbia
YU-ATB,,Air Serbia,Embraer ERJ195,EXPO 2027 (sticker),decal,,active,best-effort,,2026-09-21,airportwebcams.net,site updated 15-September-2026,Serbia
YU-ATC,,Air Serbia,Embraer ERJ195LR,EXPO 2027 (sticker),decal,,active,best-effort,,2026-09-21,airportwebcams.net,site updated 15-September-2026,Serbia
F-OPFN,,Air Tahiti,ATR 72-600,Tuamoto Archipelago,livery,,active,best-effort,,2026-09-21,airportwebcams.net,site updated 15-September-2026,French Polynesia
F-OPFS,,Air Tahiti,ATR 72-600,Birds of Tahiti,livery,,active,best-effort,,2026-09-21,airportwebcams.net,site updated 15-September-2026,French Polynesia
F-ORVR,,Air Tahiti,ATR 72-600,60 Years,livery,,active,best-effort,,2026-09-21,airportwebcams.net,site updated 15-September-2026,French Polynesia
F-ORVX,,Air Tahiti,ATR 72-600,Tatau,livery,,active,best-effort,,2026-09-21,airportwebcams.net,site updated 15-September-2026,French Polynesia
C-GOKG,,Air Transat,Airbus A321neo,CF Montreal football team,livery,,active,best-effort,,2026-09-21,airportwebcams.net,site updated 15-September-2026,Canada
B-303M,,Air Travel,Airbus A320,Chasing Financial,livery,,active,best-effort,,2026-09-21,airportwebcams.net,site updated 15-September-2026,China
B-305L,,Air Travel,Airbus A319,Jiugui Liquor,livery,,active,best-effort,,2026-09-21,airportwebcams.net,site updated 15-September-2026,China
B-30A2,,Air Travel,Airbus A320neo,Happy Changsha - Charming Star City (sticker),decal,,active,best-effort,,2026-09-21,airportwebcams.net,site updated 15-September-2026,China
B-30AM,,Air Travel,Airbus A320neo,Tongcheng Travel,livery,,active,best-effort,,2026-09-21,airportwebcams.net,site updated 15-September-2026,China
B-30AN,,Air Travel,Airbus A320neo,Tongcheng Travel,livery,,active,best-effort,,2026-09-21,airportwebcams.net,site updated 15-September-2026,China
B-30EH,,Air Travel,Airbus A320neo,Spicy Girls In Hunan,livery,,active,best-effort,,2026-09-21,airportwebcams.net,site updated 15-September-2026,China
N426AW,,Air Wisconsin,Bombardier CRJ200,Retro,retro,,active,best-effort,,2026-09-21,airportwebcams.net,site updated 15-September-2026,USA
N428AW,,Air Wisconsin,Bombardier CRJ200,Retro,retro,,active,best-effort,,2026-09-21,airportwebcams.net,site updated 15-September-2026,USA
N442AW,,Air Wisconsin,Bombardier CRJ200,Retro,retro,,active,best-effort,,2026-09-21,airportwebcams.net,site updated 15-September-2026,USA
N454AW,,Air Wisconsin,Bombardier CRJ200,Retro,retro,,active,best-effort,,2026-09-21,airportwebcams.net,site updated 15-September-2026,USA
N460AW,,Air Wisconsin,Bombardier CRJ200LR,Retro,retro,,active,best-effort,,2026-09-21,airportwebcams.net,site updated 15-September-2026,USA
N465AW,,Air Wisconsin,Bombardier CRJ200,Retro,retro,,active,best-effort,,2026-09-21,airportwebcams.net,site updated 15-September-2026,USA
N466AW,,Air Wisconsin,Bombardier CRJ200,Retro,retro,,active,best-effort,,2026-09-21,airportwebcams.net,site updated 15-September-2026,USA
N469AW,,Air Wisconsin,Bombardier CRJ200,Retro,retro,,active,best-effort,,2026-09-21,airportwebcams.net,site updated 15-September-2026,USA
N471ZW,,Air Wisconsin,Bombardier CRJ200LR,Retro,retro,,active,best-effort,,2026-09-21,airportwebcams.net,site updated 15-September-2026,USA
9M-AFD,,AirAsia,Airbus A320,Allstar,livery,,active,best-effort,,2026-09-21,airportwebcams.net,site updated 15-September-2026,Malaysia
9M-AFF,,AirAsia,Airbus A320,Persona 5 Royal video game,livery,,active,best-effort,,2026-09-21,airportwebcams.net,site updated 15-September-2026,Malaysia
9M-AGA,,AirAsia,Airbus A320neo,Resorts World Genting,livery,,active,best-effort,,2026-09-21,airportwebcams.net,site updated 15-September-2026,Malaysia
9M-AGE,,AirAsia,Airbus A320neo,Sunrisers Hyderabad cricket team,livery,,active,best-effort,,2026-09-21,airportwebcams.net,site updated 15-September-2026,Malaysia
9M-AGF,,AirAsia,Airbus A320neo,ASEAN Malaysia 2025 (sticker),decal,,active,best-effort,,2026-09-21,airportwebcams.net,site updated 15-September-2026,Malaysia
9M-AGJ,,AirAsia,Airbus A320,Sea You In Malaysia / Visit Malaysia Truly Asia 2026 (sticker),decal,,active,best-effort,,2026-09-21,airportwebcams.net,site updated 15-September-2026,Malaysia
9M-AGL,,AirAsia,Airbus A320neo,Discover Wildlife Wonder / Visit Truly Asia Malaysia 2026 (sticker),decal,,active,best-effort,,2026-09-21,airportwebcams.net,site updated 15-September-2026,Malaysia
9M-AGM,,AirAsia,Airbus A320,Malaysia's Heritage. Game On / Visit Truly Asia Malaysia 2026 (sticker),decal,,active,best-effort,,2026-09-21,airportwebcams.net,site updated 15-September-2026,Malaysia
9M-AGN,,AirAsia,Airbus A320neo,"Just coastin' in Malaysia"" special colours / Visit Truly Asia Malaysia 2026 (sticker)",decal,,active,best-effort,,2026-09-21,airportwebcams.net,site updated 15-September-2026,Malaysia
9M-AGP,,AirAsia,Airbus A320,Visit Malaysia Truly Asia 2026 (sticker),decal,,active,best-effort,,2026-09-21,airportwebcams.net,site updated 15-September-2026,Malaysia
9M-AGQ,,AirAsia,Airbus A320neo,Malaysia Rainforest / Visit Truly Asia Malaysia 2026 (sticker),decal,,active,best-effort,,2026-09-21,airportwebcams.net,site updated 15-September-2026,Malaysia
9M-AGT,,AirAsia,Airbus A320,Malaysia's Heritage. Game On / Visit Truly Asia Malaysia 2026 (sticker),decal,,active,best-effort,,2026-09-21,airportwebcams.net,site updated 15-September-2026,Malaysia
9M-AGV,,AirAsia,Airbus A320neo,Find Yourself In Malaysia / Visit Truly Asia Malaysia 2026 (sticker),decal,,active,best-effort,,2026-09-21,airportwebcams.net,site updated 15-September-2026,Malaysia
9M-AGY,,AirAsia,Airbus A320,Experience Macao (sticker),decal,,active,best-effort,,2026-09-21,airportwebcams.net,site updated 15-September-2026,Malaysia
9M-AHJ,,AirAsia,Airbus A320,ASEAN Malaysia 2025 (sticker),decal,,active,best-effort,,2026-09-21,airportwebcams.net,site updated 15-September-2026,Malaysia
9M-AHL,,AirAsia,Airbus A320,AirAsia Super App / ASEAN Malaysia 2025 (sticker),decal,,active,best-effort,,2026-09-21,airportwebcams.net,site updated 15-September-2026,Malaysia
9M-AHR,,AirAsia,Airbus A320,Hyrox Fitness Racing,livery,,active,best-effort,,2026-09-21,airportwebcams.net,site updated 15-September-2026,Malaysia
9M-AHX,,AirAsia,Airbus A320,Watsons Personal Care,livery,,active,best-effort,,2026-09-21,airportwebcams.net,site updated 15-September-2026,Malaysia
9M-AHY,,AirAsia,Airbus A320,BIG Duty Free,livery,,active,best-effort,,2026-09-21,airportwebcams.net,site updated 15-September-2026,Malaysia
9M-AHZ,,AirAsia,Airbus A320,Singapore - Passion Made Possible,livery,,active,best-effort,,2026-09-21,airportwebcams.net,site updated 15-September-2026,Malaysia
9M-AJA,,AirAsia,Airbus A320,LongJack,livery,,active,best-effort,,2026-09-21,airportwebcams.net,site updated 15-September-2026,Malaysia
9M-AJD,,AirAsia,Airbus A320,Sarawak: More To Discover,livery,,active,best-effort,,2026-09-21,airportwebcams.net,site updated 15-September-2026,Malaysia
9M-AJE,,AirAsia,Airbus A320,UTM (University of Technology Malaysia),livery,,active,best-effort,,2026-09-21,airportwebcams.net,site updated 15-September-2026,Malaysia
9M-AJH,,AirAsia,Airbus A320,ASEAN Malaysia 2025 (sticker),decal,,active,best-effort,,2026-09-21,airportwebcams.net,site updated 15-September-2026,Malaysia
9M-AJJ,,AirAsia,Airbus A320,ASEAN Malaysia 2025 (sticker),decal,,active,best-effort,,2026-09-21,airportwebcams.net,site updated 15-September-2026,Malaysia
9M-AJN,,AirAsia,Airbus A320,ASEAN Malaysia 2025 (sticker),decal,,active,best-effort,,2026-09-21,airportwebcams.net,site updated 15-September-2026,Malaysia
9M-AJP,,AirAsia,Airbus A320,I Love Kelantan,livery,,active,best-effort,,2026-09-21,airportwebcams.net,site updated 15-September-2026,Malaysia
9M-AJS,,AirAsia,Airbus A320,Let's Fly To Terengganu,livery,,active,best-effort,,2026-09-21,airportwebcams.net,site updated 15-September-2026,Malaysia
9M-AJZ,,AirAsia,Airbus A320,'How To Train Your Dragon' movie,livery,,active,best-effort,,2026-09-21,airportwebcams.net,site updated 15-September-2026,Malaysia
9M-AQA,,AirAsia,Airbus A320,AirAsia Move / ASEAN Malaysia 2025 (sticker),decal,,active,best-effort,,2026-09-21,airportwebcams.net,site updated 15-September-2026,Malaysia
9M-AQB,,AirAsia,Airbus A320,General Electric,livery,,active,best-effort,,2026-09-21,airportwebcams.net,site updated 15-September-2026,Malaysia
9M-AQC,,AirAsia,Airbus A320,BIG Duty Free,livery,,active,best-effort,,2026-09-21,airportwebcams.net,site updated 15-September-2026,Malaysia
9M-AQD,,AirAsia,Airbus A320,Universiti Putra Malaysia,livery,,active,best-effort,,2026-09-21,airportwebcams.net,site updated 15-September-2026,Malaysia
9M-AQF,,AirAsia,Airbus A320,We Are All Champions,livery,,active,best-effort,,2026-09-21,airportwebcams.net,site updated 15-September-2026,Malaysia
9M-AQG,,AirAsia,Airbus A320,Malaysia tourism / Visit Truly Asia Malaysia 2026 (sticker),decal,,active,best-effort,,2026-09-21,airportwebcams.net,site updated 15-September-2026,Malaysia
9M-AQH,,AirAsia,Airbus A320,100th Awesome Plane,livery,,active,best-effort,,2026-09-21,airportwebcams.net,site updated 15-September-2026,Malaysia
9M-AQI,,AirAsia,Airbus A320,AirAsia Foundation / ASEAN Malaysia 2025 (sticker),decal,,active,best-effort,,2026-09-21,airportwebcams.net,site updated 15-September-2026,Malaysia
9M-AQM,,AirAsia,Airbus A320,Xandra Perfume / Scents Of Life,livery,,active,best-effort,,2026-09-21,airportwebcams.net,site updated 15-September-2026,Malaysia
9M-AQZ,,AirAsia,Airbus A320,Save Our Malayan  Tiger,livery,,active,best-effort,,2026-09-21,airportwebcams.net,site updated 15-September-2026,Malaysia
9M-RAH,,AirAsia,Airbus A320neo,Discover Malaysia's Wildlife Wonders,livery,,active,best-effort,,2026-09-21,airportwebcams.net,site updated 15-September-2026,Malaysia
9M-RAJ,,AirAsia,Airbus A320neo,ASEAN Malaysia 2025 (sticker),decal,,active,best-effort,,2026-09-21,airportwebcams.net,site updated 15-September-2026,Malaysia
9M-RAN,,AirAsia,Airbus A320,Tasty Malaysia Treat / Visit Truly Asia Malaysia 2026 (sticker),decal,,active,best-effort,,2026-09-21,airportwebcams.net,site updated 15-September-2026,Malaysia
9M-RAQ,,AirAsia,Airbus A320neo,"Still Winning, Still Gold - SkyTrax Awards",livery,,active,best-effort,,2026-09-21,airportwebcams.net,site updated 15-September-2026,Malaysia
9M-RAR,,AirAsia,Airbus A320neo,Chase the Thrills in Malaysia / Visit Truly Asia Malaysia 2026 (sticker),decal,,active,best-effort,,2026-09-21,airportwebcams.net,site updated 15-September-2026,Malaysia
9M-RAW,,AirAsia,Airbus A320,Sea You In Malaysia / Visit Malaysia Truly Asia 2026 (sticker),decal,,active,best-effort,,2026-09-21,airportwebcams.net,site updated 15-September-2026,Malaysia
9M-VAA,,AirAsia,Airbus A321neo,"3, 2, 1 Take-Off",livery,,active,best-effort,,2026-09-21,airportwebcams.net,site updated 15-September-2026,Malaysia
XU-818,,AirAsia Cambodia,Airbus A320,Cambodia (sticker),decal,,active,best-effort,,2026-09-21,airportwebcams.net,site updated 15-September-2026,Cambodia
XU-819,,AirAsia Cambodia,Airbus A320,The World's Best is now in Cambodia,livery,,active,best-effort,,2026-09-21,airportwebcams.net,site updated 15-September-2026,Cambodia
9M-XBF,,AirAsia X,Airbus A330-300,Visit Malaysia 2026 Truly Asia (sticker),decal,,active,best-effort,,2026-09-21,airportwebcams.net,site updated 15-September-2026,Malaysia
9M-XXD,,AirAsia X,Airbus A330-300,UFC,livery,,active,best-effort,,2026-09-21,airportwebcams.net,site updated 15-September-2026,Malaysia
9M-XXF,,AirAsia X,Airbus A330-300,10 Xciting Years,livery,,active,best-effort,,2026-09-21,airportwebcams.net,site updated 15-September-2026,Malaysia
YL-AAU,,airBaltic,Airbus A220-300,100th Airbus A220 (sticker),decal,,active,best-effort,,2026-09-21,airportwebcams.net,site updated 15-September-2026,Latvia
YL-ABN,,airBaltic,Airbus A220-300,Latvija,livery,,active,best-effort,,2026-09-21,airportwebcams.net,site updated 15-September-2026,Latvia
YL-ABX,,airBaltic,Airbus A220-300,Baltic Heritage,retro,,active,best-effort,,2026-09-21,airportwebcams.net,site updated 15-September-2026,Latvia
YL-CSJ,,airBaltic,Airbus A220-300,Estonian Flag,livery,,active,best-effort,,2026-09-21,airportwebcams.net,site updated 15-September-2026,Latvia
YL-CSK,,airBaltic,Airbus A220-300,Lithuanian Flag,livery,,active,best-effort,,2026-09-21,airportwebcams.net,site updated 15-September-2026,Latvia
YL-CSL,,airBaltic,Airbus A220-300,Latvian Flag / Latvija / Winter Olympics,livery,,active,best-effort,,2026-09-21,airportwebcams.net,site updated 15-September-2026,Latvia
F-GSTC,,Airbus Transport International,Airbus A300ST Beluga,Think Mobility.../Join Us,livery,,active,best-effort,,2026-09-21,airportwebcams.net,site updated 15-September-2026,France
F-GXLO,,Airbus Transport International,Airbus A330 Beluga XL,Outsized Cargo/ Beating Heart of Airbus (stickers),livery,,active,best-effort,,2026-09-21,airportwebcams.net,site updated 15-September-2026,France
ZS-TGC,,Airlink,Embraer ERJ135,Skybucks,livery,,active,best-effort,,2026-09-21,airportwebcams.net,site updated 15-September-2026,South Africa
ZS-YAE,,Airlink,Embraer ERJ190SR,Rugby's Greatest Rivalry / 2026 NZ v SA rugby tour,livery,,active,best-effort,,2026-09-21,airportwebcams.net,site updated 15-September-2026,South Africa
ZS-YDB,,Airlink,Embraer ERJ195,30 Years (sticker),decal,,active,best-effort,,2026-09-21,airportwebcams.net,site updated 15-September-2026,South Africa
ZS-YDE,,Airlink,Embraer ERJ195,Skybucks,livery,,active,best-effort,,2026-09-21,airportwebcams.net,site updated 15-September-2026,South Africa
AP-BPN,,AirSial,Airbus A320,10th Aircraft (sticker),decal,,active,best-effort,,2026-09-21,airportwebcams.net,site updated 15-September-2026; flagged NEW by site,Pakistan
4L-GTI,,Airzena Georgian Airways,Boeing 737-700,30 Years (sticker),decal,,active,best-effort,,2026-09-21,airportwebcams.net,site updated 15-September-2026,Georgia
4L-GTN,,Airzena Georgian Airways,Boeing 737-800,30 Years (sticker),decal,,active,best-effort,,2026-09-21,airportwebcams.net,site updated 15-September-2026,Georgia
TC-JFH,,AJet,Boeing 737-800,Ada Kibris (sticker),decal,,active,best-effort,,2026-09-21,airportwebcams.net,site updated 15-September-2026,Turkey
N265AK,,Alaska Airlines,Boeing 737-900,Honoring Those Who Serve,livery,,active,best-effort,,2026-09-21,airportwebcams.net,site updated 15-September-2026,USA
N318AS,,Alaska Airlines,B739,Spirit of Disneyland,partnership,,unverified,best-effort,,2026-09-21,https://www.airportspotting.com/alaska-airlines-and-their-special-livery-aircraft/,older livery; may be repainted,
N486AS,,Alaska Airlines,Boeing 737-900,Oneworld,alliance,,active,best-effort,,2026-09-21,airportwebcams.net,site updated 15-September-2026,USA
N487AS,,Alaska Airlines,Boeing 737-900,Oneworld,alliance,,active,best-effort,,2026-09-21,airportwebcams.net,site updated 15-September-2026,USA
N491AS,,Alaska Airlines,Boeing 737-900,Oneworld,alliance,,active,best-effort,,2026-09-21,airportwebcams.net,site updated 15-September-2026,USA
N492AS,,Alaska Airlines,Boeing 737-900,UNCF - Education can change the World,livery,,active,best-effort,,2026-09-21,airportwebcams.net,site updated 15-September-2026,USA
N512AS,,Alaska Airlines,B738,Spirit of Seattle (Boeing),partnership,,unverified,best-effort,,2026-09-21,https://www.airportspotting.com/alaska-airlines-and-their-special-livery-aircraft/,may be retired/repainted,
N537AS,,Alaska Airlines,Boeing 737-800,Friendship and Beyond at Disneyland Resort - Pixar Pier,livery,,active,best-effort,,2026-09-21,airportwebcams.net,site updated 15-September-2026,USA
N538AS,,Alaska Airlines,B738,Star Wars: Galaxy's Edge,partnership,,unverified,best-effort,,2026-09-21,https://www.airportspotting.com/alaska-airlines-and-their-special-livery-aircraft/;airportwebcams.net,,USA
N559AS,,Alaska Airlines,B738,Salmon-Thirty-Salmon,livery,,retired,best-effort,,2026-09-21,https://www.airportspotting.com/alaska-airlines-and-their-special-livery-aircraft/,retired from revenue service,USA
N565AS,,Alaska Airlines,Boeing 737-800,Toontown,livery,,active,best-effort,,2026-09-21,airportwebcams.net,site updated 15-September-2026,USA
N570AS,,Alaska Airlines,Boeing 737-800,Honoring Those Who Serve,livery,,active,best-effort,,2026-09-21,airportwebcams.net,site updated 15-September-2026,USA
N596AS,,Alaska Airlines,Boeing 737-800,Tiana's Bayou Adventure,livery,,active,best-effort,,2026-09-21,airportwebcams.net,site updated 15-September-2026,USA
N651QX,,Alaska Airlines,Embraer ERJ170,Honoring Those Who Serve,livery,,active,best-effort,,2026-09-21,airportwebcams.net,site updated 15-September-2026,USA
N652MK,,Alaska Airlines,Embraer ERJ175LR,Horizon Air Retro,retro,,active,best-effort,,2026-09-21,airportwebcams.net,site updated 15-September-2026,USA
N661QX,,Alaska Airlines,Embraer ERJ175LR,Washington State Cougars American Football Team,livery,,active,best-effort,,2026-09-21,airportwebcams.net,site updated 15-September-2026,USA
N662QX,,Alaska Airlines,Embraer ERJ175LR,Washington Huskies American Football Team,livery,,active,best-effort,,2026-09-21,airportwebcams.net,site updated 15-September-2026,USA
N710AL,,Alaska Airlines,B739,Seattle Mariners,partnership,,unverified,best-effort,,2026-09-21,https://www.alaskaair.com/content/travel-info/our-aircraft/737-9-max-mariners;airportwebcams.net,,USA
N806AK,,Alaska Airlines,Boeing 737 MAX 8,Honoring Those Who Serve,livery,,active,best-effort,,2026-09-21,airportwebcams.net,site updated 15-September-2026,USA
N915AK,,Alaska Airlines,B739,Seattle Kraken,partnership,,unverified,best-effort,,2026-09-21,https://www.alaskaair.com/content/travel-info/our-aircraft/737-9-max-seattle-kraken,,
N932AK,,Alaska Airlines,Boeing 737 MAX 9,West Coast Wonders (Orca),livery,,active,best-effort,,2026-09-21,airportwebcams.net,site updated 15-September-2026,USA
N933AK,,Alaska Airlines,Boeing 737 MAX 9,Seattle Kraken ice hockey team,livery,,active,best-effort,,2026-09-21,airportwebcams.net,site updated 15-September-2026,USA
N985AK,,Alaska Airlines,Boeing 737 MAX 9,Seattle World Cup 2026 Host City Supporter (sticker),decal,,active,best-effort,,2026-09-21,airportwebcams.net,site updated 15-September-2026,USA
N659QX,,Alaska Airlines / Horizon Air,Embraer ERJ175,'Toy Story 5' movie (sticker),decal,,active,best-effort,,2026-09-21,airportwebcams.net,site updated 15-September-2026,USA
JA381A,,All Nippon Airways,Airbus A380,Flying Honu Sea Turtle (Hawaiian Blue),livery,,active,best-effort,,2026-09-21,airportwebcams.net,site updated 15-September-2026,Japan
JA382A,,All Nippon Airways,Airbus A380,Flying Honu Sea Turtle (Hawaiian Ocean),livery,,active,best-effort,,2026-09-21,airportwebcams.net,site updated 15-September-2026,Japan
JA383A,,All Nippon Airways,Airbus A380,Flying Honu Sea Turtle (Hawaiian Sunset),livery,,active,best-effort,,2026-09-21,airportwebcams.net,site updated 15-September-2026,Japan
JA58AN,,All Nippon Airways,Boeing 737-800,Furusato Jet,livery,,active,best-effort,,2026-09-21,airportwebcams.net,site updated 15-September-2026,Japan
JA614A,,All Nippon Airways,Boeing 767-300ER,Star Alliance,alliance,,active,best-effort,,2026-09-21,airportwebcams.net,site updated 15-September-2026,Japan
JA784A,,All Nippon Airways,Boeing 777-300ER,Pokemon Eevee Jet,livery,,active,best-effort,,2026-09-21,airportwebcams.net,site updated 15-September-2026,Japan
JA819A,,All Nippon Airways,Boeing 787-8,Red Pokemon Jet,livery,,active,best-effort,,2026-09-21,airportwebcams.net,site updated 15-September-2026,Japan
JA871A,,All Nippon Airways,Boeing 787-9,ANA Future Promise,livery,,active,best-effort,,2026-09-21,airportwebcams.net,site updated 15-September-2026,Japan
JA872A,,All Nippon Airways,Boeing 787-9,Star Alliance,alliance,,active,best-effort,,2026-09-21,airportwebcams.net,site updated 15-September-2026,Japan
JA874A,,All Nippon Airways,Boeing 787-8,ANA Future Promise,livery,,active,best-effort,,2026-09-21,airportwebcams.net,site updated 15-September-2026,Japan
JA875A,,All Nippon Airways,Boeing 787-9,Star Alliance,alliance,,active,best-effort,,2026-09-21,airportwebcams.net,site updated 15-September-2026,Japan
JA880A,,All Nippon Airways,Boeing 787-9,Star Alliance,alliance,,active,best-effort,,2026-09-21,airportwebcams.net,site updated 15-September-2026,Japan
JA882A,,All Nippon Airways,Boeing 787-9,ANA's 50th 787 (sticker),decal,,active,best-effort,,2026-09-21,airportwebcams.net,site updated 15-September-2026,Japan
JA894A,,All Nippon Airways,Boeing 787-9,Pokemon,livery,,active,best-effort,,2026-09-21,airportwebcams.net,site updated 15-September-2026,Japan
JA899A,,All Nippon Airways,Boeing 787-9,Star Alliance,alliance,,active,best-effort,,2026-09-21,airportwebcams.net,site updated 15-September-2026,Japan
JA921A,,All Nippon Airways,Boeing 787-9,Pokemon Monster Ball (sticker),decal,,active,best-effort,,2026-09-21,airportwebcams.net,site updated 15-September-2026,Japan
N194NV,,Allegiant Air,Airbus A320,Anna Maria Island Florida,livery,,active,best-effort,,2026-09-21,airportwebcams.net,site updated 15-September-2026,USA
N197NV,,Allegiant Air,Airbus A320,Together We Fly,livery,,active,best-effort,,2026-09-21,airportwebcams.net,site updated 15-September-2026,USA
N198NV,,Allegiant Air,Airbus A320,Insomniac / Electric Daisy Carnival,livery,,active,best-effort,,2026-09-21,airportwebcams.net,site updated 15-September-2026,USA
N218NV,,Allegiant Air,Airbus A320,Make-A-Wish Foundation,livery,,active,best-effort,,2026-09-21,airportwebcams.net,site updated 15-September-2026,USA
N256NV,,Allegiant Air,Airbus A320,Celebrating America Since 1776,livery,,active,best-effort,,2026-09-21,airportwebcams.net,site updated 15-September-2026,USA
N271NV,,Allegiant Air,Airbus A320,Winter the Dolphin,livery,,active,best-effort,,2026-09-21,airportwebcams.net,site updated 15-September-2026,USA
N302NV,,Allegiant Air,Airbus A319,Vegas Golden Knights ice hockey team,livery,,active,best-effort,,2026-09-21,airportwebcams.net,site updated 15-September-2026,USA
N328NV,,Allegiant Air,Airbus A319,Las Vegas Raiders American football team,livery,,active,best-effort,,2026-09-21,airportwebcams.net,site updated 15-September-2026,USA
VH-A2N,,Alliance Airlines,Embraer ERJ190,Sir Jack Brabham F1 Driver's Champion 1959/60/66,livery,,active,best-effort,,2026-09-21,airportwebcams.net,site updated 15-September-2026,Australia
VH-FGB,,Alliance Airlines,Fokker 100,90th Anniversary - First Trans-Pacific Flight,livery,,active,best-effort,,2026-09-21,airportwebcams.net,site updated 15-September-2026,Australia
VH-NKQ,,Alliance Airlines,Fokker 70,Reds (rugby union team) Official Airline Partner (sticker),decal,,active,best-effort,,2026-09-21,airportwebcams.net,site updated 15-September-2026,Australia
VH-NUU,,Alliance Airlines,Fokker 70,Breast Cancer Network Australia,livery,,active,best-effort,,2026-09-21,airportwebcams.net,site updated 15-September-2026,Australia
VH-QQW,,Alliance Airlines,Fokker 70,100th Anniversary: 1st Aerial Flight England - Australia,livery,,active,best-effort,,2026-09-21,airportwebcams.net,site updated 15-September-2026,Australia
VH-UQC,,Alliance Airlines,Fokker 100,Brisbane Airport Hotels (sticker),decal,,active,best-effort,,2026-09-21,airportwebcams.net,site updated 15-September-2026,Australia
VH-UQG,,Alliance Airlines,Fokker 100,Charles Kingsford Smith - Southern Cross Minor,livery,,active,best-effort,,2026-09-21,airportwebcams.net,site updated 15-September-2026,Australia
OY-CLY,,Alsie Express,ATR 72-500,Goto Sonderborg / 10 Years (sticker),decal,,active,best-effort,,2026-09-21,airportwebcams.net,site updated 15-September-2026,Denmark
OY-CLZ,,Alsie Express,ATR 72-500,Goto Sonderborg (sticker),decal,,active,best-effort,,2026-09-21,airportwebcams.net,site updated 15-September-2026,Denmark
N162AA,,American Airlines,Airbus A321,Stand up to Cancer,livery,,active,best-effort,,2026-09-21,airportwebcams.net,site updated 15-September-2026,USA
N167AN,,American Airlines,Airbus A321,Medal of Honor,livery,,active,best-effort,,2026-09-21,airportwebcams.net,site updated 15-September-2026,USA
N578UW,,American Airlines,A321,US Airways heritage,retro,,unverified,best-effort,,2026-09-21,https://simpleflying.com/american-special-liveries/;https://www.airportspotting.com/a-guide-to-american-airlines-special-aircraft-liveries/;airportwebcams.net,planned A321 heritage set; tail-to-livery mapping unconfirmed,USA
N579UW,,American Airlines,A321,Allegheny heritage,retro,,unverified,best-effort,,2026-09-21,https://simpleflying.com/american-special-liveries/;https://www.airportspotting.com/a-guide-to-american-airlines-special-aircraft-liveries/;airportwebcams.net,planned A321 heritage set; tail-to-livery mapping unconfirmed,USA
N580UW,,American Airlines,A321,America West heritage,retro,,unverified,best-effort,,2026-09-21,https://simpleflying.com/american-special-liveries/;https://www.airportspotting.com/a-guide-to-american-airlines-special-aircraft-liveries/;airportwebcams.net,planned A321 heritage set; tail-to-livery mapping unconfirmed,USA
N581UW,,American Airlines,A321,Piedmont heritage,retro,,unverified,best-effort,,2026-09-21,https://simpleflying.com/american-special-liveries/;https://www.airportspotting.com/a-guide-to-american-airlines-special-aircraft-liveries/;airportwebcams.net,planned A321 heritage set; tail-to-livery mapping unconfirmed,USA
N582UW,,American Airlines,A321,PSA heritage,retro,,unverified,best-effort,,2026-09-21,https://simpleflying.com/american-special-liveries/;https://www.airportspotting.com/a-guide-to-american-airlines-special-aircraft-liveries/;airportwebcams.net,planned A321 heritage set; tail-to-livery mapping unconfirmed,USA
N735AT,,American Airlines,Boeing 777-300ER,Flagship Retro AA Centenary 1926-2026,retro,,active,best-effort,,2026-09-21,airportwebcams.net,site updated 15-September-2026,USA
N745VJ,,American Airlines,A319,Allegheny heritage,retro,,unverified,best-effort,,2026-09-21,https://simpleflying.com/american-special-liveries/;https://www.airportspotting.com/a-guide-to-american-airlines-special-aircraft-liveries/,another listing gave N579UW for Allegheny; unresolved,
N791AN,,American Airlines,Boeing 777-200ER,Oneworld,alliance,,active,best-effort,,2026-09-21,airportwebcams.net,site updated 15-September-2026,USA
N796AN,,American Airlines,Boeing 777-200ER,Oneworld,alliance,,active,best-effort,,2026-09-21,airportwebcams.net,site updated 15-September-2026,USA
N837NN,,American Airlines,Boeing 737-800,Oneworld,alliance,,active,best-effort,,2026-09-21,airportwebcams.net,site updated 15-September-2026,USA
N840NN,,American Airlines,Boeing 737-800,100 Years,livery,,active,best-effort,,2026-09-21,airportwebcams.net,site updated 15-September-2026,USA
N844NN,,American Airlines,Boeing 737-800,FIFA World Cup 2026,livery,,active,best-effort,,2026-09-21,airportwebcams.net,site updated 15-September-2026,USA
N905NN,,American Airlines,B738,AstroJet retro,retro,,unverified,best-effort,,2026-09-21,https://simpleflying.com/american-special-liveries/;https://www.airportspotting.com/a-guide-to-american-airlines-special-aircraft-liveries/;airportwebcams.net,,USA
N915NN,,American Airlines,B738,TWA heritage,retro,,unverified,best-effort,,2026-09-21,https://simpleflying.com/american-special-liveries/;https://www.airportspotting.com/a-guide-to-american-airlines-special-aircraft-liveries/;airportwebcams.net,,USA
N916NN,,American Airlines,B738,Reno Air heritage,retro,,unverified,best-effort,,2026-09-21,https://simpleflying.com/american-special-liveries/;https://www.airportspotting.com/a-guide-to-american-airlines-special-aircraft-liveries/;airportwebcams.net,,USA
N917NN,,American Airlines,B738,AirCal heritage,retro,,unverified,best-effort,,2026-09-21,https://simpleflying.com/american-special-liveries/;https://www.airportspotting.com/a-guide-to-american-airlines-special-aircraft-liveries/;airportwebcams.net,,USA
N919NN,,American Airlines,Boeing 737-800,Oneworld,alliance,,active,best-effort,,2026-09-21,airportwebcams.net,site updated 15-September-2026,USA
N921NN,,American Airlines,B738,Polished aluminum retro,retro,,unverified,best-effort,,2026-09-21,https://simpleflying.com/american-special-liveries/;https://www.airportspotting.com/a-guide-to-american-airlines-special-aircraft-liveries/,one source labelled this 'bare metal / pre-US Airways merger',USA
N934AA,,American Airlines,Airbus A321,7500th Airbus A320 Family Aircraft (sticker),decal,,active,best-effort,,2026-09-21,airportwebcams.net,site updated 15-September-2026,USA
N953NN,,American Airlines,Boeing 737-800,America250 (sticker),decal,,active,best-effort,,2026-09-21,airportwebcams.net,site updated 15-September-2026,USA
N973AN,,American Airlines,Boeing 737-800,Oneworld,alliance,,active,best-effort,,2026-09-21,airportwebcams.net,site updated 15-September-2026,USA
N316GS,,American Eagle / Envoy,Embraer ERJ175,Gary Sinise Foundation (sticker),decal,,active,best-effort,,2026-09-21,airportwebcams.net,site updated 15-September-2026,USA
N341MB,,American Eagle / Envoy,Embraer ERJ175,America250,livery,,active,best-effort,,2026-09-21,airportwebcams.net,site updated 15-September-2026,USA
N760MQ,,American Eagle / Envoy,Embraer ERJ170,American Eagle Retro,retro,,active,best-effort,,2026-09-21,airportwebcams.net,site updated 15-September-2026,USA
N573G,,Ameriflight,Swearingen Merlin,PetFinder (sticker),decal,,active,best-effort,,2026-09-21,airportwebcams.net,site updated 15-September-2026,USA
JA461A,,ANA Wings,DHC Dash 8-400,ANA Future Promise,livery,,active,best-effort,,2026-09-21,airportwebcams.net,site updated 15-September-2026,Japan
RA-82073,,Antonov Airlines,Antonov An-124,Be Brave Like Irpin (sticker),decal,,active,best-effort,,2026-09-21,airportwebcams.net,site updated 15-September-2026,Ukraine
UR-82007,,Antonov Airlines,Antonov An-124,Be Brave Like Mykolaiv (sticker),decal,,active,best-effort,,2026-09-21,airportwebcams.net,site updated 15-September-2026,Ukraine
UR-82008,,Antonov Airlines,Antonov An-124,Be Brave Like Okhtyrka (sticker),decal,,active,best-effort,,2026-09-21,airportwebcams.net,site updated 15-September-2026,Ukraine
UR-82027,,Antonov Airlines,Antonov An-124,Be Brave Like Kharkiv (sticker),decal,,active,best-effort,,2026-09-21,airportwebcams.net,site updated 15-September-2026,Ukraine
UR-82029,,Antonov Airlines,Antonov An-124,Be Brave Like Bucha (sticker),decal,,active,best-effort,,2026-09-21,airportwebcams.net,site updated 15-September-2026,Ukraine
UR-82072,,Antonov Airlines,Antonov An-124,Be Brave Like Kherson (sticker),decal,,active,best-effort,,2026-09-21,airportwebcams.net,site updated 15-September-2026,Ukraine
HI1101,,Arajet,Boeing 737 MAX 8,Dominican Republic Flag,livery,,active,best-effort,,2026-09-21,airportwebcams.net,site updated 15-September-2026,Dominican Republic
4X-EMC,,Arkia - Israeli Airlines,Embraer ERJ195,Fly Wherever You Want (sticker),decal,,active,best-effort,,2026-09-21,airportwebcams.net,site updated 15-September-2026,Israel
HL7732,,Asiana Airlines,Boeing 777-200ER,Star Alliance,alliance,,active,best-effort,,2026-09-21,airportwebcams.net,site updated 15-September-2026,South Korea
HL8071,,Asiana Airlines,Airbus A321,Star Alliance,alliance,,active,best-effort,,2026-09-21,airportwebcams.net,site updated 15-September-2026,South Korea
OE-IFM,,ASL Airlines Belgium,Boeing 747-400F,25 Years of Excellence (sticker),decal,,active,best-effort,,2026-09-21,airportwebcams.net,site updated 15-September-2026,Belgium
N249BA,,Atlas Air,Boeing 747-400LCF,Boeing Dreamlifter,livery,,active,best-effort,,2026-09-21,airportwebcams.net,site updated 15-September-2026,USA
N322SG,,Atlas Air,Boeing 747-400,America250 (sticker),decal,,active,best-effort,,2026-09-21,airportwebcams.net,site updated 15-September-2026,USA
N418MC,,Atlas Air,Boeing 747-400F,America250 (sticker),decal,,active,best-effort,,2026-09-21,airportwebcams.net,site updated 15-September-2026,USA
N419MC,,Atlas Air,Boeing 747-400F,Apex Logistics (sticker),decal,,active,best-effort,,2026-09-21,airportwebcams.net,site updated 15-September-2026,USA
N480MC,,Atlas Air,Boeing 747-400,America250 (sticker),decal,,active,best-effort,,2026-09-21,airportwebcams.net,site updated 15-September-2026,USA
N481MC,,Atlas Air,Boeing 747-400,America250 (sticker),decal,,active,best-effort,,2026-09-21,airportwebcams.net,site updated 15-September-2026,USA
N482MC,,Atlas Air,Boeing 747-400,America250 (sticker),decal,,active,best-effort,,2026-09-21,airportwebcams.net,site updated 15-September-2026,USA
N485MC,,Atlas Air,Boeing 747-400F,Flexport,livery,,active,best-effort,,2026-09-21,airportwebcams.net,site updated 15-September-2026,USA
N486MC,,Atlas Air,Boeing 747-400F,Apex Logistics (sticker),decal,,active,best-effort,,2026-09-21,airportwebcams.net,site updated 15-September-2026,USA
N640GT,,Atlas Air,Boeing 767-300ER,America250 (sticker),decal,,active,best-effort,,2026-09-21,airportwebcams.net,site updated 15-September-2026,USA
N641GT,,Atlas Air,Boeing 767-300ER,America250 (sticker),decal,,active,best-effort,,2026-09-21,airportwebcams.net,site updated 15-September-2026,USA
N645GT,,Atlas Air,Boeing 767-300ER,America250 (sticker),decal,,active,best-effort,,2026-09-21,airportwebcams.net,site updated 15-September-2026,USA
N664GT,,Atlas Air,Boeing 767-300ER,30th Anniversary / America250 (stickers),livery,,active,best-effort,,2026-09-21,airportwebcams.net,site updated 15-September-2026,USA
N704GT,,Atlas Air,Boeing 777F,YunExpress (sticker),decal,,active,best-effort,,2026-09-21,airportwebcams.net,site updated 15-September-2026,USA
N718BA,,Atlas Air,Boeing 747-400LCF,Boeing Dreamlifter,livery,,active,best-effort,,2026-09-21,airportwebcams.net,site updated 15-September-2026,USA
N747BC,,Atlas Air,Boeing 747-400LCF,Boeing Dreamlifter,livery,,active,best-effort,,2026-09-21,airportwebcams.net,site updated 15-September-2026,USA
N780BA,,Atlas Air,Boeing 747-400LCF,Boeing Dreamlifter,livery,,active,best-effort,,2026-09-21,airportwebcams.net,site updated 15-September-2026,USA
N856GT,,Atlas Air,Boeing 747-8F,In Memory Of Rogier Fetter (sticker),decal,,active,best-effort,,2026-09-21,airportwebcams.net,site updated 15-September-2026,USA
N860GT,,Atlas Air,Boeing 747-8F,30th Anniversary (sticker),decal,,active,best-effort,,2026-09-21,airportwebcams.net,site updated 15-September-2026,USA
N861GT,,Atlas Air,Boeing 747-8F,30th Anniversary (sticker),decal,,active,best-effort,,2026-09-21,airportwebcams.net,site updated 15-September-2026,USA
N862GT,,Atlas Air,Boeing 747-8F,Inspire 747 / 30th Anniversary / Kuehne+Nagel (stickers),livery,,active,best-effort,,2026-09-21,airportwebcams.net,site updated 15-September-2026,USA
N863GT,,Atlas Air,Boeing 747-8F,Joe Sutter - Forever Incredible / Apex Logistics (stickers),livery,,active,best-effort,,2026-09-21,airportwebcams.net,site updated 15-September-2026,USA
EP-SAJ,,Atlas Air Iran,Antonov An-26B,Rasul Gamzatov (sticker),decal,,active,best-effort,,2026-09-21,airportwebcams.net,site updated 15-September-2026,Iran
OE-LBO,,Austrian Airlines,Airbus A320,1980s Retro,retro,,active,best-effort,,2026-09-21,airportwebcams.net,site updated 15-September-2026,Austria
OE-LBY,,Austrian Airlines,Airbus A320,Star Alliance,alliance,,active,best-effort,,2026-09-21,airportwebcams.net,site updated 15-September-2026,Austria
OE-LBZ,,Austrian Airlines,Airbus A320,Star Alliance,alliance,,active,best-effort,,2026-09-21,airportwebcams.net,site updated 15-September-2026,Austria
OE-LPF,,Austrian Airlines,Boeing 777-200ER,Johann Strauss (sticker),decal,,active,best-effort,,2026-09-21,airportwebcams.net,site updated 15-September-2026,Austria
OE-LWH,,Austrian Airlines,Embraer ERJ190,Star Alliance,alliance,,active,best-effort,,2026-09-21,airportwebcams.net,site updated 15-September-2026,Austria
OE-LZN,,Austrian Airlines,Airbus A320neo,"Less Noise, Less CO2 / #makechangefly (sticker)",decal,,active,best-effort,,2026-09-21,airportwebcams.net,site updated 15-September-2026,Austria
OE-LZO,,Austrian Airlines,Airbus A320neo,"Less noise. Less CO2, #makechangefly (sticker)",decal,,active,best-effort,,2026-09-21,airportwebcams.net,site updated 15-September-2026,Austria
OE-LZP,,Austrian Airlines,Airbus A320neo,Less noise. Less CO2. #makechangefly (sticker),decal,,active,best-effort,,2026-09-21,airportwebcams.net,site updated 15-September-2026,Austria
OE-LZQ,,Austrian Airlines,Airbus A320neo,"Less Noise, Less CO2 / #makechangefly (sticker)",decal,,active,best-effort,,2026-09-21,airportwebcams.net,site updated 15-September-2026,Austria
OE-LZR,,Austrian Airlines,Airbus A320neo,Less noise. Less CO2. #makechangefly (sticker),decal,,active,best-effort,,2026-09-21,airportwebcams.net,site updated 15-September-2026,Austria
N195AV,,Avianca,Airbus A320,Star Alliance,alliance,,active,best-effort,,2026-09-21,airportwebcams.net,site updated 15-September-2026,Colombia
N284AV,,Avianca,Airbus A320,Retro (100 Years),retro,,active,best-effort,,2026-09-21,airportwebcams.net,site updated 15-September-2026,Colombia
N398AV,,Avianca,Airbus A320,Aviateca Heritage Retro,retro,,active,best-effort,,2026-09-21,airportwebcams.net,site updated 15-September-2026,Colombia
N454AV,,Avianca,Airbus A320,Star Alliance,alliance,,active,best-effort,,2026-09-21,airportwebcams.net,site updated 15-September-2026,Colombia
N477AV,,Avianca,Airbus A320,Star Alliance,alliance,,active,best-effort,,2026-09-21,airportwebcams.net,site updated 15-September-2026,Colombia
N519AV,,Avianca,Airbus A319,Star Alliance,alliance,,active,best-effort,,2026-09-21,airportwebcams.net,site updated 15-September-2026,Colombia
N536AV,,Avianca,Airbus A320,Star Alliance,alliance,,active,best-effort,,2026-09-21,airportwebcams.net,site updated 15-September-2026,Colombia
N567AV,,Avianca,Airbus A320,TACA Heritage retro,retro,,active,best-effort,,2026-09-21,airportwebcams.net,site updated 15-September-2026,Colombia
N688TA,,Avianca,Airbus A320,Star Alliance,alliance,,active,best-effort,,2026-09-21,airportwebcams.net,site updated 15-September-2026,Colombia
N799AV,,Avianca,Boeing 787-8,Unidos por la Biodiversidad,livery,,active,best-effort,,2026-09-21,airportwebcams.net,site updated 15-September-2026,Colombia
N821AV,,Avianca,Airbus A320,LACSA Heritage Retro,retro,,active,best-effort,,2026-09-21,airportwebcams.net,site updated 15-September-2026,Colombia
N330QT,,Avianca Cargo,Airbus A330-200F,Valentine's Day Flowers (sticker),decal,,active,best-effort,,2026-09-21,airportwebcams.net,site updated 15-September-2026,Colombia
N331QT,,Avianca Cargo,Airbus A330-200F,Green (Sustainability Initiative) / Excellence In Logistics (sticker),decal,,active,best-effort,,2026-09-21,airportwebcams.net,site updated 15-September-2026,Colombia
N332QT,,Avianca Cargo,Airbus A330-200F,We are doing it for you (sticker),decal,,active,best-effort,,2026-09-21,airportwebcams.net,site updated 15-September-2026,Colombia
N338QT,,Avianca Cargo Mexico,Airbus A330-300P2F,Green / Excellence In Logistics (sticker),decal,,active,best-effort,,2026-09-21,airportwebcams.net,site updated 15-September-2026,Mexico
N426AV,,Avianca Colombia,Airbus A320,Aerolinea Oficial de las Selecciones Colombia (FIFA Football World Cup 2026),livery,,active,best-effort,,2026-09-21,airportwebcams.net,site updated 15-September-2026,Colombia
N781AV,,Avianca Colombia,Boeing 787-8,Aerolínea Oficial de las Selecciones Colombia / Colombia national football team (World Cup 2026),livery,,active,best-effort,,2026-09-21,airportwebcams.net,site updated 15-September-2026,Colombia
N906AV,,Avianca Colombia,Airbus A320neo,Official Airline Colombia football team / FIFA World Cup 2026,livery,,active,best-effort,,2026-09-21,airportwebcams.net,site updated 15-September-2026,Colombia
N689TA,,Avianca Costa Rica,Airbus A320,Star Alliance,alliance,,active,best-effort,,2026-09-21,airportwebcams.net,site updated 15-September-2026,Costa Rica
N920AV,,Avianca Costa Rica,Airbus A320neo,Guatemala (sticker),decal,,active,best-effort,,2026-09-21,airportwebcams.net,site updated 15-September-2026,Costa Rica
HC-CJW,,Avianca Ecuador,Airbus A320,Star Alliance,alliance,,active,best-effort,,2026-09-21,airportwebcams.net,site updated 15-September-2026,Ecuador
N776AV,,Avianca Ecuador,Airbus A320neo,AeroGal Heritage,retro,,active,best-effort,,2026-09-21,airportwebcams.net,site updated 15-September-2026,Ecuador
N686TA,,Avianca El Salvador,Airbus A320,Surf City El Salvador,livery,,active,best-effort,,2026-09-21,airportwebcams.net,site updated 15-September-2026,El Salvador
N724AV,,Avianca Express,Airbus A320,Rainbow / Pride,livery,,active,best-effort,,2026-09-21,airportwebcams.net,site updated 15-September-2026,Colombia
RA-64051,,Aviastar-Tu Air Company,Tupolev Tu-204,Russian Post,livery,,active,best-effort,,2026-09-21,airportwebcams.net,site updated 15-September-2026,Russia
RA-64052,,Aviastar-Tu Air Company,Tupolev Tu-204,Russian Post,livery,,active,best-effort,,2026-09-21,airportwebcams.net,site updated 15-September-2026,Russia
RA-89080,,Azimuth Airlines,Yakovlev Superjet 100,Free Don: Visit Rostov Region,livery,,active,best-effort,,2026-09-21,airportwebcams.net,site updated 15-September-2026,Russia
RA-89094,,Azimuth Airlines,Yakovlev Superjet 100,100 Years Mineralnye Vody (sticker),decal,,active,best-effort,,2026-09-21,airportwebcams.net,site updated 15-September-2026,Russia
RA-89189,,Azimuth Airlines,Yakovlev Superjet 100,100 Years regular flights from Yakutia (sticker),decal,,active,best-effort,,2026-09-21,airportwebcams.net,site updated 15-September-2026,Russia
RA-89191,,Azimuth Airlines,Yakovlev Superjet 100,100 Years regular flights from Rostov-on-Don (sticker),decal,,active,best-effort,,2026-09-21,airportwebcams.net,site updated 15-September-2026,Russia
CS-TKP,,Azores Airlines,Airbus A320,Dream,livery,,active,best-effort,,2026-09-21,airportwebcams.net,site updated 15-September-2026,Portugal
CS-TKQ,,Azores Airlines,Airbus A320,Natural,livery,,active,best-effort,,2026-09-21,airportwebcams.net,site updated 15-September-2026,Portugal
CS-TSF,,Azores Airlines,Airbus A321neo,Breathe,livery,,active,best-effort,,2026-09-21,airportwebcams.net,site updated 15-September-2026,Portugal
CS-TSG,,Azores Airlines,Airbus A321neo,Wonder,livery,,active,best-effort,,2026-09-21,airportwebcams.net,site updated 15-September-2026,Portugal
CS-TSH,,Azores Airlines,Airbus A321neo,Magical,livery,,active,best-effort,,2026-09-21,airportwebcams.net,site updated 15-September-2026,Portugal
CS-TSI,,Azores Airlines,Airbus A321neo,Inspire,livery,,active,best-effort,,2026-09-21,airportwebcams.net,site updated 15-September-2026,Portugal
CS-TSJ,,Azores Airlines,Airbus A321neo,Peaceful,livery,,active,best-effort,,2026-09-21,airportwebcams.net,site updated 15-September-2026,Portugal
CS-TSK,,Azores Airlines,Airbus A320neo,Pure,livery,,active,best-effort,,2026-09-21,airportwebcams.net,site updated 15-September-2026,Portugal
CS-TSM,,Azores Airlines,Airbus A320neo,Natural,livery,,active,best-effort,,2026-09-21,airportwebcams.net,site updated 15-September-2026,Portugal
PS-CNA,,Azul Conecta,Cessna 208 Grand Caravan,Breast Cancer Awareness,livery,,active,best-effort,,2026-09-21,airportwebcams.net,site updated 15-September-2026,Brazil
PT-MED,,Azul Conecta,Cessna 208 Grand Caravan,Breast Cancer Awareness,livery,,active,best-effort,,2026-09-21,airportwebcams.net,site updated 15-September-2026,Brazil
PT-MEO,,Azul Conecta,Cessna 208 Grand Caravan,Natural Brazil,livery,,active,best-effort,,2026-09-21,airportwebcams.net,site updated 15-September-2026,Brazil
PR-AIU,,Azul Linhas Aereas,Airbus A330-200,Azul Viagens,livery,,active,best-effort,,2026-09-21,airportwebcams.net,site updated 15-September-2026,Brazil
PR-AIV,,Azul Linhas Aereas,Airbus A330-200,Brazilian Flag,livery,,active,best-effort,,2026-09-21,airportwebcams.net,site updated 15-September-2026,Brazil
PR-AKF,,Azul Linhas Aereas,ATR 72-600,Pink Ribbon,livery,,active,best-effort,,2026-09-21,airportwebcams.net,site updated 15-September-2026,Brazil
PR-AKO,,Azul Linhas Aereas,ATR 72-600,Brazilian Flag,livery,,active,best-effort,,2026-09-21,airportwebcams.net,site updated 15-September-2026,Brazil
PR-ANV,,Azul Linhas Aereas,Airbus A330-900neo,FEMAMA Pink Ribbon,livery,,active,best-effort,,2026-09-21,airportwebcams.net,site updated 15-September-2026,Brazil
PR-AQJ,,Azul Linhas Aereas,ATR 72-600,Parintins Folklore Festival (sticker),decal,,active,best-effort,,2026-09-21,airportwebcams.net,site updated 15-September-2026,Brazil
PR-AUF,,Azul Linhas Aereas,Embraer ERJ195LR,Controlador de Trafego Aereo (sticker),decal,,active,best-effort,,2026-09-21,airportwebcams.net,site updated 15-September-2026,Brazil
PR-AXH,,Azul Linhas Aereas,Embraer ERJ190,50 Cities,livery,,active,best-effort,,2026-09-21,airportwebcams.net,site updated 15-September-2026,Brazil
PR-AXZ,,Azul Linhas Aereas,Embraer ERJ195LR,Visite o Parana (sticker),decal,,active,best-effort,,2026-09-21,airportwebcams.net,site updated 15-September-2026,Brazil
PR-AYX,,Azul Linhas Aereas,Embraer ERJ190,Azul Sustentabilidade,livery,,active,best-effort,,2026-09-21,airportwebcams.net,site updated 15-September-2026,Brazil
PR-AYY,,Azul Linhas Aereas,Embraer ERJ190,Azul Viagens,livery,,active,best-effort,,2026-09-21,airportwebcams.net,site updated 15-September-2026,Brazil
PR-PJN,,Azul Linhas Aereas,Embraer ERJ195-E2,Blue - Company Values,livery,,active,best-effort,,2026-09-21,airportwebcams.net,site updated 15-September-2026,Brazil
PR-YJE,,Azul Linhas Aereas,Airbus A321neo,Brazilian Flag,livery,,active,best-effort,,2026-09-21,airportwebcams.net,site updated 15-September-2026,Brazil
PR-YJF,,Azul Linhas Aereas,Airbus A321neo,Minnie Mouse - Walt Disney World,livery,,active,best-effort,,2026-09-21,airportwebcams.net,site updated 15-September-2026,Brazil
PR-YRI,,Azul Linhas Aereas,Airbus A320neo,Localiza (sticker),decal,,active,best-effort,,2026-09-21,airportwebcams.net,site updated 15-September-2026,Brazil
PR-YRK,,Azul Linhas Aereas,Airbus A320neo,Tem ponto Azul no ceu (sticker),decal,,active,best-effort,,2026-09-21,airportwebcams.net,site updated 15-September-2026,Brazil
PR-YRO,,Azul Linhas Aereas,Airbus A320neo,Clube Azul (sticker),decal,,active,best-effort,,2026-09-21,airportwebcams.net,site updated 15-September-2026,Brazil
PR-YRQ,,Azul Linhas Aereas,Airbus A320neo,Um mundo novo a cada compra (sticker),decal,,active,best-effort,,2026-09-21,airportwebcams.net,site updated 15-September-2026,Brazil
PR-YRS,,Azul Linhas Aereas,Airbus A320neo,"Pink - Breast Cancer Awareness / Quem se cuida, voa+longe 15 anos (sticker)",decal,,active,best-effort,,2026-09-21,airportwebcams.net,site updated 15-September-2026,Brazil
PR-YRT,,Azul Linhas Aereas,Airbus A320neo,Taua Resort Joao Pessoa (sticker),decal,,active,best-effort,,2026-09-21,airportwebcams.net,site updated 15-September-2026,Brazil
PR-YSB,,Azul Linhas Aereas,Airbus A320neo,Fortaleza. Sem Igual. (sticker),decal,,active,best-effort,,2026-09-21,airportwebcams.net,site updated 15-September-2026,Brazil
PR-YSH,,Azul Linhas Aereas,Airbus A320neo,Mickey Mouse - Walt Disney World,livery,,active,best-effort,,2026-09-21,airportwebcams.net,site updated 15-September-2026,Brazil
PR-YSI,,Azul Linhas Aereas,Airbus A320neo,Donald Duck - Walt Disney World,livery,,active,best-effort,,2026-09-21,airportwebcams.net,site updated 15-September-2026,Brazil
PR-YSK,,Azul Linhas Aereas,Airbus A320neo,Daisy Duck - Walt Disney World,livery,,active,best-effort,,2026-09-21,airportwebcams.net,site updated 15-September-2026,Brazil
PR-YSQ,,Azul Linhas Aereas,Airbus A320neo,Paraiba (sticker),decal,,active,best-effort,,2026-09-21,airportwebcams.net,site updated 15-September-2026,Brazil
PR-YSR,,Azul Linhas Aereas,Airbus A320neo,Goofy - Walt Disney World,livery,,active,best-effort,,2026-09-21,airportwebcams.net,site updated 15-September-2026,Brazil
PR-YYF,,Azul Linhas Aereas,Airbus A320neo,Para / Conheça o Brasil Voando (sticker),decal,,active,best-effort,,2026-09-21,airportwebcams.net,site updated 15-September-2026,Brazil
PS-ADD,,Azul Linhas Aereas,Embraer ERJ195-E2,Sergipe State (sticker),decal,,active,best-effort,,2026-09-21,airportwebcams.net,site updated 15-September-2026,Brazil
PS-ADQ,,Azul Linhas Aereas,Embraer E195-E2,2000th E-Jet (sticker),decal,,active,best-effort,,2026-09-21,airportwebcams.net,site updated 15-September-2026; flagged NEW by site,Brazil
PS-AEA,,Azul Linhas Aereas,Embraer ERJ195,Pink Ribbon,livery,,active,best-effort,,2026-09-21,airportwebcams.net,site updated 15-September-2026,Brazil
PS-AEF,,Azul Linhas Aereas,Embraer ERJ195-E2,Tropical / Spix's Macaw,livery,,active,best-effort,,2026-09-21,airportwebcams.net,site updated 15-September-2026,Brazil
PS-AEO,,Azul Linhas Aereas,Embraer ERJ195-E2,Santos Dumont 150 Years,livery,,active,best-effort,,2026-09-21,airportwebcams.net,site updated 15-September-2026,Brazil
PS-AEX,,Azul Linhas Aereas,Embraer ERJ195-E2,Gigante Natureza (sticker),decal,,active,best-effort,,2026-09-21,airportwebcams.net,site updated 15-September-2026,Brazil
PS-AEY,,Azul Linhas Aereas,Embraer E195-E2,Brazilian Flag,livery,,active,best-effort,,2026-09-21,airportwebcams.net,site updated 15-September-2026,Brazil
RA-73029,,Azur Air,Boeing 757-200,Lujo Hotels,livery,,active,best-effort,,2026-09-21,airportwebcams.net,site updated 15-September-2026,Russia
RA-73034,,Azur Air,Boeing 767-300ER,80th anniversary - Victory Great Patriotic War (sticker),decal,,active,best-effort,,2026-09-21,airportwebcams.net,site updated 15-September-2026,Russia
VN-A596,,Bamboo Airways,Airbus A320neo,Fly Green,livery,,active,best-effort,,2026-09-21,airportwebcams.net,site updated 15-September-2026,Vietnam
HS-PGW,,Bangkok Airways,Airbus A320,Visit Koh Samui,livery,,active,best-effort,,2026-09-21,airportwebcams.net,site updated 15-September-2026,Thailand
HS-PZH,,Bangkok Airways,ATR 72-600,Sea & Palm Trees,livery,,active,best-effort,,2026-09-21,airportwebcams.net,site updated 15-September-2026,Thailand
HS-PZJ,,Bangkok Airways,ATR 72-600,Visit Koh Samui,livery,,active,best-effort,,2026-09-21,airportwebcams.net,site updated 15-September-2026,Thailand
PK-BKG,,Batik Air,Airbus A320,Book Cabin (sticker),decal,,active,best-effort,,2026-09-21,airportwebcams.net,site updated 15-September-2026,Indonesia
PK-BKJ,,Batik Air,Airbus A320,Book Cabin (sticker),decal,,active,best-effort,,2026-09-21,airportwebcams.net,site updated 15-September-2026,Indonesia
PK-LAF,,Batik Air,Airbus A320,Book Cabin (sticker),decal,,active,best-effort,,2026-09-21,airportwebcams.net,site updated 15-September-2026,Indonesia
PK-LAI,,Batik Air,Airbus A320,Book Cabin (sticker),decal,,active,best-effort,,2026-09-21,airportwebcams.net,site updated 15-September-2026,Indonesia
PK-LAJ,,Batik Air,Airbus A320,Book Cabin (sticker),decal,,active,best-effort,,2026-09-21,airportwebcams.net,site updated 15-September-2026,Indonesia
PK-LAM,,Batik Air,Airbus A320,Book Cabin (sticker),decal,,active,best-effort,,2026-09-21,airportwebcams.net,site updated 15-September-2026,Indonesia
PK-LAW,,Batik Air,Airbus A320,Book Cabin (sticker),decal,,active,best-effort,,2026-09-21,airportwebcams.net,site updated 15-September-2026,Indonesia
PK-LAY,,Batik Air,Airbus A320,Book Cabin (sticker),decal,,active,best-effort,,2026-09-21,airportwebcams.net,site updated 15-September-2026,Indonesia
PK-LUF,,Batik Air,Airbus A320,Book Cabin,livery,,active,best-effort,,2026-09-21,airportwebcams.net,site updated 15-September-2026,Indonesia
PK-LUG,,Batik Air,Airbus A320,Book Cabin,livery,,active,best-effort,,2026-09-21,airportwebcams.net,site updated 15-September-2026,Indonesia
PK-LUP,,Batik Air,Airbus A320,Book Cabin,livery,,active,best-effort,,2026-09-21,airportwebcams.net,site updated 15-September-2026,Indonesia
PK-LUU,,Batik Air,Airbus A320,"Say No To Drugs, Say Yes To Travel (sticker)",decal,,active,best-effort,,2026-09-21,airportwebcams.net,site updated 15-September-2026,Indonesia
PK-LUV,,Batik Air,Airbus A320,"Say No To Drugs, Say Yes To Travel (sticker)",decal,,active,best-effort,,2026-09-21,airportwebcams.net,site updated 15-September-2026,Indonesia
PK-LUY,,Batik Air,Airbus A320,Book Cabin (sticker),decal,,active,best-effort,,2026-09-21,airportwebcams.net,site updated 15-September-2026,Indonesia
PK-LZM,,Batik Air,Boeing 737-800,Lion Group 178th Aircraft,livery,,active,best-effort,,2026-09-21,airportwebcams.net,site updated 15-September-2026,Indonesia
9M-LCM,,Batik Air Malaysia,Boeing 737-800,ASEAN Malaysia 2025 (sticker),decal,,active,best-effort,,2026-09-21,airportwebcams.net,site updated 15-September-2026,Malaysia
9M-LCP,,Batik Air Malaysia,Boeing 737-800,ASEAN Malaysia 2025 (sticker),decal,,active,best-effort,,2026-09-21,airportwebcams.net,site updated 15-September-2026,Malaysia
9M-LCU,,Batik Air Malaysia,Boeing 737-800,ASEAN Malaysia 2025 (sticker),decal,,active,best-effort,,2026-09-21,airportwebcams.net,site updated 15-September-2026,Malaysia
9M-LCW,,Batik Air Malaysia,Boeing 737-800,ASEAN Malaysia 2025 (sticker),decal,,active,best-effort,,2026-09-21,airportwebcams.net,site updated 15-September-2026,Malaysia
9M-LRK,,Batik Air Malaysia,Boeing 737 MAX 8,Visit Malaysia Truly Asia 2026,livery,,active,best-effort,,2026-09-21,airportwebcams.net,site updated 15-September-2026,Malaysia
9M-LRL,,Batik Air Malaysia,Boeing 737 MAX 8,Visit Malaysia Truly Asia 2026,livery,,active,best-effort,,2026-09-21,airportwebcams.net,site updated 15-September-2026,Malaysia
9M-LRM,,Batik Air Malaysia,Boeing 737 MAX 8,Visit Malaysia Truly Asia 2026,livery,,active,best-effort,,2026-09-21,airportwebcams.net,site updated 15-September-2026,Malaysia
9M-LRV,,Batik Air Malaysia,Boeing 737 MAX 8,Visit Malaysia Truly Asia 2026,livery,,active,best-effort,,2026-09-21,airportwebcams.net,site updated 15-September-2026,Malaysia
EW-400PO,,Belavia,Embraer ERJ195,HC Dinamo Minsk hockey team,livery,,active,best-effort,,2026-09-21,airportwebcams.net,site updated 15-September-2026,Belarus
5A-BRA,,Berniq Airways,Airbus A320,BCD Digital Banking,livery,,active,best-effort,,2026-09-21,airportwebcams.net,site updated 15-September-2026,Libya
EC-OAN,,Binter Canarias,ATR 72-600,Policia Nacional 200 Anos (sticker),decal,,active,best-effort,,2026-09-21,airportwebcams.net,site updated 15-September-2026,Spain
N836BA,,Boeing Executive,Boeing 737-700 BBJ,Celebrating America's 250th (sticker),decal,,active,best-effort,,2026-09-21,airportwebcams.net,site updated 15-September-2026,USA
G-BNLY,,British Airways,B744,Landor retro,retro,,retired,best-effort,,2026-09-21,https://www.airportspotting.com/where-are-the-british-airways-special-livery-planes-now/,preserved at Dunsfold,
G-BYGC,,British Airways,B744,BOAC retro,retro,,retired,best-effort,,2026-09-21,https://www.airportspotting.com/where-are-the-british-airways-special-livery-planes-now/,747 fleet retired; aircraft preserved,
G-EUPJ,,British Airways,A319,BEA retro,retro,,unverified,best-effort,,2026-09-21,https://www.airportspotting.com/where-are-the-british-airways-special-livery-planes-now/;airportwebcams.net,,UK
G-EUUR,,British Airways,Airbus A320,Comic Relief / Red Nose Day 2025,livery,,active,best-effort,,2026-09-21,airportwebcams.net,site updated 15-September-2026,UK
G-EUYP,,British Airways,A320,oneworld,other,,unverified,best-effort,,2026-09-21,https://en.wikipedia.org/wiki/British_Airways_fleet;airportwebcams.net,,UK
G-EUYR,,British Airways,A320,oneworld,other,,unverified,best-effort,,2026-09-21,https://en.wikipedia.org/wiki/British_Airways_fleet;airportwebcams.net,,UK
G-EUYS,,British Airways,A320,oneworld,other,,unverified,best-effort,,2026-09-21,https://en.wikipedia.org/wiki/British_Airways_fleet;airportwebcams.net,,UK
G-STBN,,British Airways,Boeing 777-300ER,Great Futures (sticker),decal,,active,best-effort,,2026-09-21,airportwebcams.net,site updated 15-September-2026,UK
G-TTNA,,British Airways,Airbus A320neo,BA Better World/Sustainable Aviation Fuel,livery,,active,best-effort,,2026-09-21,airportwebcams.net,site updated 15-September-2026,UK
G-YMME,,British Airways,Boeing 777-200ER,Oneworld,alliance,,active,best-effort,,2026-09-21,airportwebcams.net,site updated 15-September-2026,UK
G-YMMF,,British Airways,Boeing 777-200ER,Oneworld,alliance,,active,best-effort,,2026-09-21,airportwebcams.net,site updated 15-September-2026,UK
G-YMMR,,British Airways,Boeing 777-200ER,Oneworld,alliance,,active,best-effort,,2026-09-21,airportwebcams.net,site updated 15-September-2026,UK
G-YMMT,,British Airways,Boeing 777-200ER,Oneworld,alliance,,active,best-effort,,2026-09-21,airportwebcams.net,site updated 15-September-2026,UK
G-YMMU,,British Airways,Boeing 777-200ER,Oneworld,alliance,,active,best-effort,,2026-09-21,airportwebcams.net,site updated 15-September-2026,UK
G-LCYN,,British Airways / BA CityFlyer,Embraer ERJ190,700th E-Jet,livery,,active,best-effort,,2026-09-21,airportwebcams.net,site updated 15-September-2026,UK
OO-SBA,,Brussels Airlines,Airbus A320neo,Less CO2. Less Fuel. Less Noise (sticker),decal,,active,best-effort,,2026-09-21,airportwebcams.net,site updated 15-September-2026,Belgium
OO-SBB,,Brussels Airlines,Airbus A320neo,Belgian Icons - Tomorrowland,livery,,active,best-effort,,2026-09-21,airportwebcams.net,site updated 15-September-2026,Belgium
OO-SFB,,Brussels Airlines,Airbus A330-300,100 Years of connecting with Africa (sticker),decal,,active,best-effort,,2026-09-21,airportwebcams.net,site updated 15-September-2026,Belgium
OO-SFC,,Brussels Airlines,Airbus A330-300,100 Years of connecting with Africa (sticker),decal,,active,best-effort,,2026-09-21,airportwebcams.net,site updated 15-September-2026,Belgium
OO-SFD,,Brussels Airlines,Airbus A330-300,100 Years of connecting with Africa (sticker),decal,,active,best-effort,,2026-09-21,airportwebcams.net,site updated 15-September-2026,Belgium
OO-SFE,,Brussels Airlines,Airbus A330-300,100 Years of connecting with Africa (sticker),decal,,active,best-effort,,2026-09-21,airportwebcams.net,site updated 15-September-2026,Belgium
OO-SFF,,Brussels Airlines,Airbus A330-300,100 Years of connecting with Africa (sticker),decal,,active,best-effort,,2026-09-21,airportwebcams.net,site updated 15-September-2026,Belgium
OO-SFG,,Brussels Airlines,Airbus A330-300,100 Years of connecting with Africa (sticker),decal,,active,best-effort,,2026-09-21,airportwebcams.net,site updated 15-September-2026,Belgium
OO-SFH,,Brussels Airlines,Airbus A330-300,100 Years of connecting with Africa (sticker),decal,,active,best-effort,,2026-09-21,airportwebcams.net,site updated 15-September-2026,Belgium
OO-SFJ,,Brussels Airlines,Airbus A330-300,100 Years of connecting with Africa (sticker),decal,,active,best-effort,,2026-09-21,airportwebcams.net,site updated 15-September-2026,Belgium
OO-SFP,,Brussels Airlines,Airbus A330-300,100 Years of connecting with Africa (sticker),decal,,active,best-effort,,2026-09-21,airportwebcams.net,site updated 15-September-2026,Belgium
OO-SFQ,,Brussels Airlines,Airbus A330-300,100 Years of connecting with Africa (sticker),decal,,active,best-effort,,2026-09-21,airportwebcams.net,site updated 15-September-2026,Belgium
OO-SFX,,Brussels Airlines,Airbus A330-300,100 Years of connecting with Africa (sticker),decal,,active,best-effort,,2026-09-21,airportwebcams.net,site updated 15-September-2026,Belgium
OO-SNB,,Brussels Airlines,Airbus A320,Belgian Icons - Tintin,livery,,active,best-effort,,2026-09-21,airportwebcams.net,site updated 15-September-2026,Belgium
OO-SNJ,,Brussels Airlines,Airbus A320,Belgian Icons - Tintin Explorers on the Moon,livery,,active,best-effort,,2026-09-21,airportwebcams.net,site updated 15-September-2026,Belgium
OO-SNM,,Brussels Airlines,Airbus A320,Belgian Icons - The Atomium,livery,,active,best-effort,,2026-09-21,airportwebcams.net,site updated 15-September-2026,Belgium
OO-SNO,,Brussels Airlines,Airbus A320,Belgian Icons - Red Devils / Red Flames Belgium national football team,livery,,active,best-effort,,2026-09-21,airportwebcams.net,site updated 15-September-2026,Belgium
OO-SNP,,Brussels Airlines,Airbus A320,Star Alliance,alliance,,active,best-effort,,2026-09-21,airportwebcams.net,site updated 15-September-2026,Belgium
OO-SNQ,,Brussels Airlines,Airbus A320,Star Alliance,alliance,,active,best-effort,,2026-09-21,airportwebcams.net,site updated 15-September-2026,Belgium
OO-SSY,,Brussels Airlines,Airbus A319,Star Alliance,alliance,,active,best-effort,,2026-09-21,airportwebcams.net,site updated 15-September-2026,Belgium
LZ-ROM,,Bulgaria Air,Airbus A220-300,Armeec Insurance (sticker),decal,,active,best-effort,,2026-09-21,airportwebcams.net,site updated 15-September-2026,Bulgaria
SP-RNB,,Buzz,Boeing 737-800,visitazores.com (sticker),decal,,active,best-effort,,2026-09-21,airportwebcams.net,site updated 15-September-2026,Poland
D4-CCJ,,Cabo Verde Airlines,Boeing 737 MAX 8,Cabo Verde Na Copa / Cape Verde national football team (World Cup 2026),livery,,active,best-effort,,2026-09-21,airportwebcams.net,site updated 15-September-2026,Cape Verde
C-FDFK,,Calm Air,ATR 72-500,Northern Lights,livery,,active,best-effort,,2026-09-21,airportwebcams.net,site updated 15-September-2026,Canada
TJ-QDD,,Camair,DHC Dash 8-400,Africa Cup of Nations (sticker),decal,,active,best-effort,,2026-09-21,airportwebcams.net,site updated 15-September-2026,Cameroon
4L-CMA,,CAMEX Airlines,Boeing 737-800F,Honest Express Aviation Services (sticker),decal,,active,best-effort,,2026-09-21,airportwebcams.net,site updated 15-September-2026,Georgia
4L-CMX,,CAMEX Airlines,Boeing 737-800BCF,Honest Express Aviation Services / Xi'an Airport New City (stickers),livery,,active,best-effort,,2026-09-21,airportwebcams.net,site updated 15-September-2026,Georgia
C-GPNL,,Canadian North,Boeing 737-300,Celebrity Cruises,livery,,active,best-effort,,2026-09-21,airportwebcams.net,site updated 15-September-2026,Canada
N247GS,,Cape Air,Cessna 402,Rainbow Pride,livery,,active,best-effort,,2026-09-21,airportwebcams.net,site updated 15-September-2026,USA
N530BN,,Cape Air,Britten-Norman BN-2B Islander,Caribbean Spirit,livery,,active,best-effort,,2026-09-21,airportwebcams.net,site updated 15-September-2026,USA
N570BN,,Cape Air,Britten-Norman BN-2B Islander,Caribbean Spirit,livery,,active,best-effort,,2026-09-21,airportwebcams.net,site updated 15-September-2026,USA
B-1810,,Capital Airlines,Airbus A320,Beijing/Daxing Airport Shopping (sticker),decal,,active,best-effort,,2026-09-21,airportwebcams.net,site updated 15-September-2026,China
B-6178,,Capital Airlines,Airbus A319,CAISSA Touristic (sticker),decal,,active,best-effort,,2026-09-21,airportwebcams.net,site updated 15-September-2026,China
B-6402,,Capital Airlines,Airbus A319,Jiangxi Yichun (sticker),decal,,active,best-effort,,2026-09-21,airportwebcams.net,site updated 15-September-2026,China
B-6710,,Capital Airlines,Airbus A320,Jiangxi Yichun (sticker),decal,,active,best-effort,,2026-09-21,airportwebcams.net,site updated 15-September-2026,China
B-6725,,Capital Airlines,Airbus A320,Meizhou Pomelo,livery,,active,best-effort,,2026-09-21,airportwebcams.net,site updated 15-September-2026,China
B-6958,,Capital Airlines,Airbus A320,Bestune T99,livery,,active,best-effort,,2026-09-21,airportwebcams.net,site updated 15-September-2026,China
B-8019,,Capital Airlines,Airbus A330-200,Jiangxi Financial Holding (sticker),decal,,active,best-effort,,2026-09-21,airportwebcams.net,site updated 15-September-2026,China
B-8107,,Capital Airlines,Airbus A321,Sanxingduihao,livery,,active,best-effort,,2026-09-21,airportwebcams.net,site updated 15-September-2026,China
B-8169,,Capital Airlines,Airbus A320,"Authentic Erguotou, Authentic Beijing Flavour (sticker)",decal,,active,best-effort,,2026-09-21,airportwebcams.net,site updated 15-September-2026,China
B-8553,,Capital Airlines,Airbus A321,WFJ Duty Free (sticker),decal,,active,best-effort,,2026-09-21,airportwebcams.net,site updated 15-September-2026,China
B-8981,,Capital Airlines,Airbus A330-200,Beijing Daxing,livery,,active,best-effort,,2026-09-21,airportwebcams.net,site updated 15-September-2026,China
B-8982,,Capital Airlines,Airbus A330-200,Guermas,livery,,active,best-effort,,2026-09-21,airportwebcams.net,site updated 15-September-2026,China
B-9962,,Capital Airlines,Airbus A320,Guermas,livery,,active,best-effort,,2026-09-21,airportwebcams.net,site updated 15-September-2026,China
LX-NCL,,Cargolux,Boeing 747-400F,1970s Retro,retro,,active,best-effort,,2026-09-21,airportwebcams.net,site updated 15-September-2026,Luxembourg
LX-VCA,,Cargolux,Boeing 747-8F,Powered by CEVA Logistics (sticker),decal,,active,best-effort,,2026-09-21,airportwebcams.net,site updated 15-September-2026,Luxembourg
LX-VCC,,Cargolux,Boeing 747-8F,"50th Anniversary / Air Silk Road / 1 Million Tons, 10 Years (stickers)",livery,,active,best-effort,,2026-09-21,airportwebcams.net,site updated 15-September-2026,Luxembourg
LX-VCF,,Cargolux,Boeing 747-8F,Expeditors (sticker) / Not Without My Mask,decal,,active,best-effort,,2026-09-21,airportwebcams.net,site updated 15-September-2026,Luxembourg
LX-VCL,,Cargolux,Boeing 747-8F,Joe Sutter: Father of the 747 (sticker),decal,,active,best-effort,,2026-09-21,airportwebcams.net,site updated 15-September-2026,Luxembourg
B-LJE,,Cathay Cargo,Boeing 747-8F,80th Anniversary Retro,retro,,active,best-effort,,2026-09-21,airportwebcams.net,site updated 15-September-2026,China/Hong Kong
B-HLR,,Cathay Pacific,Airbus A330-300,Monitoring for Climate Change (sticker),decal,,active,best-effort,,2026-09-21,airportwebcams.net,site updated 15-September-2026,China/Hong Kong
B-KPD,,Cathay Pacific,Boeing 777-300ER,Oneworld,alliance,,active,best-effort,,2026-09-21,airportwebcams.net,site updated 15-September-2026,China/Hong Kong
B-KQI,,Cathay Pacific,Boeing 777-300ER,Oneworld,alliance,,active,best-effort,,2026-09-21,airportwebcams.net,site updated 15-September-2026,China/Hong Kong
B-KQL,,Cathay Pacific,Boeing 777-300ER,Oneworld,alliance,,active,best-effort,,2026-09-21,airportwebcams.net,site updated 15-September-2026,China/Hong Kong
B-KQM,,Cathay Pacific,Boeing 777-300ER,Oneworld,alliance,,active,best-effort,,2026-09-21,airportwebcams.net,site updated 15-September-2026,China/Hong Kong
B-KQN,,Cathay Pacific,Boeing 777-300ER,Oneworld,alliance,,active,best-effort,,2026-09-21,airportwebcams.net,site updated 15-September-2026,China/Hong Kong
B-KQU,,Cathay Pacific,Boeing 777-300ER,Spirit of Hong Kong - 80th Anniversary Edition,livery,,active,best-effort,,2026-09-21,airportwebcams.net,site updated 15-September-2026,China/Hong Kong
B-LRJ,,Cathay Pacific,Airbus A350-900,80th Anniversary Retro,retro,,active,best-effort,,2026-09-21,airportwebcams.net,site updated 15-September-2026,China/Hong Kong
WHOLEFLEET,,Cathay Pacific / Cathay Cargo,Various,80 Years Together (sticker),decal,,active,best-effort,,2026-09-21,airportwebcams.net,site updated 15-September-2026,China/Hong Kong
VP-CIW,,Cayman Airways,Boeing 737 MAX 8,1st 737-8 in the Caribbean (sticker),decal,,active,best-effort,,2026-09-21,airportwebcams.net,site updated 15-September-2026,Cayman Islands
VP-CIX,,Cayman Airways,Boeing 737 MAX 8,1st 737-8 in the Caribbean (sticker),decal,,active,best-effort,,2026-09-21,airportwebcams.net,site updated 15-September-2026,Cayman Islands
VP-CIY,,Cayman Airways,Boeing 737 MAX 8,1st 737-8 in the Caribbean (sticker),decal,,active,best-effort,,2026-09-21,airportwebcams.net,site updated 15-September-2026,Cayman Islands
VP-CIZ,,Cayman Airways,Boeing 737 MAX 8,1st 737-8 in the Caribbean (sticker),decal,,active,best-effort,,2026-09-21,airportwebcams.net,site updated 15-September-2026,Cayman Islands
RP-C3900,,Cebu Pacific,Airbus A330-900neo,25 Years (sticker),decal,,active,best-effort,,2026-09-21,airportwebcams.net,site updated 15-September-2026,Philippines
RP-C4156,,Cebu Pacific,Airbus A320,Let's Fly Every Juan,livery,,active,best-effort,,2026-09-21,airportwebcams.net,site updated 15-September-2026,Philippines
RP-C4160,,Cebu Pacific,Airbus A320,Let's Fly Every Juan,livery,,active,best-effort,,2026-09-21,airportwebcams.net,site updated 15-September-2026,Philippines
RP-C4268,,Cebu Pacific,Airbus A320,Let's Fly Every Juan,livery,,active,best-effort,,2026-09-21,airportwebcams.net,site updated 15-September-2026,Philippines
ZS-CMB,,CemAir,Bombardier CRJ100,20 Years (sticker),decal,,active,best-effort,,2026-09-21,airportwebcams.net,site updated 15-September-2026,South Africa
ZS-CMF,,CemAir,Bombardier CRJ200ER,20 Years (sticker),decal,,active,best-effort,,2026-09-21,airportwebcams.net,site updated 15-September-2026,South Africa
ZS-CMM,,CemAir,Bombardier CRJ900,Avis Rent-A-Car (sticker),decal,,active,best-effort,,2026-09-21,airportwebcams.net,site updated 15-September-2026,South Africa
ZS-CMZ,,CemAir,Bombardier CRJ100,20 Years (sticker),decal,,active,best-effort,,2026-09-21,airportwebcams.net,site updated 15-September-2026,South Africa
ZS-DHA,,CemAir,DHC Dash 8-300,20 Years (sticker),decal,,active,best-effort,,2026-09-21,airportwebcams.net,site updated 15-September-2026,South Africa
ZS-DHG,,CemAir,DHC Dash 8-400,20 Years (sticker),decal,,active,best-effort,,2026-09-21,airportwebcams.net,site updated 15-September-2026,South Africa
B-223R,,Central Airlines,Boeing 737-800BCF,BST Logistics (sticker),decal,,active,best-effort,,2026-09-21,airportwebcams.net,site updated 15-September-2026,China
B-227W,,Central Airlines,Boeing 777F,Cargo City Katowice Airport (sticker),decal,,active,best-effort,,2026-09-21,airportwebcams.net,site updated 15-September-2026,China
B-321Y,,Chengdu Airlines,Airbus A320,Djambulak (sticker),decal,,active,best-effort,,2026-09-21,airportwebcams.net,site updated 15-September-2026,China
B-603P,,Chengdu Airlines,COMAC ARJ21-700,Chinese Dream,livery,,active,best-effort,,2026-09-21,airportwebcams.net,site updated 15-September-2026,China
B-604A,,Chengdu Airlines,COMAC ARJ21-700,Hulunbuir Tourism (sticker),decal,,active,best-effort,,2026-09-21,airportwebcams.net,site updated 15-September-2026; flagged NEW by site,China
B-604C,,Chengdu Airlines,COMAC ARJ21-700,Liupan Mountains (sticker),decal,,active,best-effort,,2026-09-21,airportwebcams.net,site updated 15-September-2026,China
B-651P,,Chengdu Airlines,COMAC ARJ21-700,Barkol (sticker),decal,,active,best-effort,,2026-09-21,airportwebcams.net,site updated 15-September-2026,China
B-651R,,Chengdu Airlines,COMAC ARJ21-700,Forest City Yichun (sticker),decal,,active,best-effort,,2026-09-21,airportwebcams.net,site updated 15-September-2026,China
B-651S,,Chengdu Airlines,COMAC ARJ21-700,Sanxingdui Archaeological Sites (sticker),decal,,active,best-effort,,2026-09-21,airportwebcams.net,site updated 15-September-2026,China
B-651T,,Chengdu Airlines,COMAC ARJ21-700,Space,livery,,active,best-effort,,2026-09-21,airportwebcams.net,site updated 15-September-2026,China
B-652F,,Chengdu Airlines,COMAC ARJ21-700,Turpan Grapes (sticker),decal,,active,best-effort,,2026-09-21,airportwebcams.net,site updated 15-September-2026,China
B-653E,,Chengdu Airlines,COMAC ARJ21-700,Tiger (sticker),decal,,active,best-effort,,2026-09-21,airportwebcams.net,site updated 15-September-2026,China
B-656C,,Chengdu Airlines,COMAC C909,Pamir Mountains (sticker),decal,,active,best-effort,,2026-09-21,airportwebcams.net,site updated 15-September-2026,China
B-656D,,Chengdu Airlines,COMAC ARJ21-700,Panmerit (sticker),decal,,active,best-effort,,2026-09-21,airportwebcams.net,site updated 15-September-2026,China
B-658A,,Chengdu Airlines,COMAC ARJ21-700,Bayin Buluke (sticker),decal,,active,best-effort,,2026-09-21,airportwebcams.net,site updated 15-September-2026,China
B-658C,,Chengdu Airlines,COMAC ARJ21-700,Beautiful Xinjiang,livery,,active,best-effort,,2026-09-21,airportwebcams.net,site updated 15-September-2026,China
B-18007,,China Airlines,Boeing 777-300ER,Boeing,livery,,active,best-effort,,2026-09-21,airportwebcams.net,site updated 15-September-2026,China/Taiwan
B-18101,,China Airlines,Airbus A321neo,Pokemon Pikachu Jet,livery,,active,best-effort,,2026-09-21,airportwebcams.net,site updated 15-September-2026,China/Taiwan
B-18311,,China Airlines,Airbus A330-300,SkyTeam,alliance,,active,best-effort,,2026-09-21,airportwebcams.net,site updated 15-September-2026,China/Taiwan
B-18916,,China Airlines,Airbus A350-900,Pokemon Pikachu Jet CI2,livery,,active,best-effort,,2026-09-21,airportwebcams.net,site updated 15-September-2026,China/Taiwan
B-18918,,China Airlines,Airbus A350-900,Airbus/Carbon Fibre,livery,,active,best-effort,,2026-09-21,airportwebcams.net,site updated 15-September-2026,China/Taiwan
B-220F,,China Cargo Airlines,Boeing 777F,China Eastern Cold Chain (sticker),decal,,active,best-effort,,2026-09-21,airportwebcams.net,site updated 15-September-2026,China
B-221S,,China Cargo Airlines,Boeing 777F,Shanghai Museum,livery,,active,best-effort,,2026-09-21,airportwebcams.net,site updated 15-September-2026,China
B-228S,,China Cargo Airlines,Boeing 777F,Fresh Flash,livery,,active,best-effort,,2026-09-21,airportwebcams.net,site updated 15-September-2026,China
B-1316,,China Eastern Airlines,Boeing 737-800,Shanghai Disneyland Resort - Duffy and Friends,livery,,active,best-effort,,2026-09-21,airportwebcams.net,site updated 15-September-2026,China
B-1317,,China Eastern Airlines,Boeing 737-800,Shanghai Disney Resort: Frozen,livery,,active,best-effort,,2026-09-21,airportwebcams.net,site updated 15-September-2026,China
B-1788,,China Eastern Airlines,Boeing 737-800,Yunnan Peacock,livery,,active,best-effort,,2026-09-21,airportwebcams.net,site updated 15-September-2026,China
B-1789,,China Eastern Airlines,Boeing 737-800,Yunnan Peacock,livery,,active,best-effort,,2026-09-21,airportwebcams.net,site updated 15-September-2026,China
B-1790,,China Eastern Airlines,Boeing 737-800,Yunnan Peacock,livery,,active,best-effort,,2026-09-21,airportwebcams.net,site updated 15-September-2026,China
B-1792,,China Eastern Airlines,Boeing 737-800,Yunnan Peacock,livery,,active,best-effort,,2026-09-21,airportwebcams.net,site updated 15-September-2026,China
B-1837,,China Eastern Airlines,Airbus A321,SkyTeam,alliance,,active,best-effort,,2026-09-21,airportwebcams.net,site updated 15-September-2026,China
B-1838,,China Eastern Airlines,Airbus A321,SkyTeam,alliance,,active,best-effort,,2026-09-21,airportwebcams.net,site updated 15-September-2026,China
B-2002,,China Eastern Airlines,Boeing 777-300ER,China International Import Expo,livery,,active,best-effort,,2026-09-21,airportwebcams.net,site updated 15-September-2026,China
B-323H,,China Eastern Airlines,Airbus A350-900,1st A350 delivered from China (sticker),decal,,active,best-effort,,2026-09-21,airportwebcams.net,site updated 15-September-2026,China
B-32EP,,China Eastern Airlines,Airbus A320neo,Pop Mart DIMOO - Special Friend of China-Thailand Golden Jubilee (sticker),decal,,active,best-effort,,2026-09-21,airportwebcams.net,site updated 15-September-2026,China
B-5243,,China Eastern Airlines,Boeing 737-700,Yunnan Peacock,livery,,active,best-effort,,2026-09-21,airportwebcams.net,site updated 15-September-2026,China
B-5276,,China Eastern Airlines,Boeing 737-700,Yunnan Peacock,livery,,active,best-effort,,2026-09-21,airportwebcams.net,site updated 15-September-2026,China
B-5293,,China Eastern Airlines,Boeing 737-700,Yunnan Peacock,livery,,active,best-effort,,2026-09-21,airportwebcams.net,site updated 15-September-2026,China
B-5802,,China Eastern Airlines,Boeing 737-700,Yunnan Peacock,livery,,active,best-effort,,2026-09-21,airportwebcams.net,site updated 15-September-2026,China
B-5807,,China Eastern Airlines,Boeing 737-700,Yunnan Peacock,livery,,active,best-effort,,2026-09-21,airportwebcams.net,site updated 15-September-2026,China
B-5809,,China Eastern Airlines,Boeing 737-700,Yunnan Peacock,livery,,active,best-effort,,2026-09-21,airportwebcams.net,site updated 15-September-2026,China
B-5817,,China Eastern Airlines,Boeing 737-700,Yunnan Peacock,livery,,active,best-effort,,2026-09-21,airportwebcams.net,site updated 15-September-2026,China
B-5819,,China Eastern Airlines,Boeing 737-700,Yunnan Peacock,livery,,active,best-effort,,2026-09-21,airportwebcams.net,site updated 15-September-2026,China
B-5828,,China Eastern Airlines,Boeing 737-700,Yunnan Peacock,livery,,active,best-effort,,2026-09-21,airportwebcams.net,site updated 15-September-2026,China
B-5908,,China Eastern Airlines,Airbus A330-200,SkyTeam,alliance,,active,best-effort,,2026-09-21,airportwebcams.net,site updated 15-September-2026,China
B-5920,,China Eastern Airlines,Airbus A330-200,WorldSkills Shanghai 2026,livery,,active,best-effort,,2026-09-21,airportwebcams.net,site updated 15-September-2026,China
B-5931,,China Eastern Airlines,Airbus A330-200,People's Daily Online,livery,,active,best-effort,,2026-09-21,airportwebcams.net,site updated 15-September-2026,China
B-5937,,China Eastern Airlines,Airbus A330-200,Harbin 2025 Asian Winter Games,livery,,active,best-effort,,2026-09-21,airportwebcams.net,site updated 15-September-2026,China
B-5942,,China Eastern Airlines,Airbus A330-200,60th Anniversary (sticker),decal,,active,best-effort,,2026-09-21,airportwebcams.net,site updated 15-September-2026,China
B-5943,,China Eastern Airlines,Airbus A330-200,eastday.com,livery,,active,best-effort,,2026-09-21,airportwebcams.net,site updated 15-September-2026,China
B-5949,,China Eastern Airlines,Airbus A330-200,SkyTeam,alliance,,active,best-effort,,2026-09-21,airportwebcams.net,site updated 15-September-2026,China
B-5969,,China Eastern Airlines,Airbus A330-300,China Telecom (sticker),decal,,active,best-effort,,2026-09-21,airportwebcams.net,site updated 15-September-2026,China
B-5976,,China Eastern Airlines,Airbus A330-300,Pixar Toy Story Land/Disneyland Shanghai,livery,,active,best-effort,,2026-09-21,airportwebcams.net,site updated 15-September-2026,China
B-6141,,China Eastern Airlines,Boeing 737-700,Yunnan Peacock,livery,,active,best-effort,,2026-09-21,airportwebcams.net,site updated 15-September-2026,China
B-6143,,China Eastern Airlines,Boeing 737-800,Yunnan Peacock,livery,,active,best-effort,,2026-09-21,airportwebcams.net,site updated 15-September-2026,China
B-6452,,China Eastern Airlines,Airbus A319,Magnificent Qinghai,livery,,active,best-effort,,2026-09-21,airportwebcams.net,site updated 15-September-2026,China
B-6458,,China Eastern Airlines,Airbus A319,Magnificent Qinghai,livery,,active,best-effort,,2026-09-21,airportwebcams.net,site updated 15-September-2026,China
B-6507,,China Eastern Airlines,Airbus A330-300,Shanghai Disney Resort,livery,,active,best-effort,,2026-09-21,airportwebcams.net,site updated 15-September-2026,China
B-6538,,China Eastern Airlines,Airbus A330-200,SkyTeam,alliance,,active,best-effort,,2026-09-21,airportwebcams.net,site updated 15-September-2026,China
B-657T,,China Eastern Airlines,COMAC C919,Shining Chinese Red,livery,,active,best-effort,,2026-09-21,airportwebcams.net,site updated 15-September-2026,China
B-658E,,China Eastern Airlines,COMAC C919,Shining Chinese Red (sticker),decal,,active,best-effort,,2026-09-21,airportwebcams.net,site updated 15-September-2026,China
B-6635,,China Eastern Airlines,Airbus A320,Shanghai Disney Resort,livery,,active,best-effort,,2026-09-21,airportwebcams.net,site updated 15-September-2026,China
B-7349,,China Eastern Airlines,Boeing 777-300ER,Shanghai Museum,livery,,active,best-effort,,2026-09-21,airportwebcams.net,site updated 15-September-2026,China
B-7882,,China Eastern Airlines,Boeing 777-300ER,National Museum of China,livery,,active,best-effort,,2026-09-21,airportwebcams.net,site updated 15-September-2026,China
B-8119,,China Eastern Airlines,Airbus A320,Shanghai Disney Resort: Zootopia,livery,,active,best-effort,,2026-09-21,airportwebcams.net,site updated 15-September-2026,China
B-8393,,China Eastern Airlines,Airbus A320,Harbin 2025 Asian Winter Games,livery,,active,best-effort,,2026-09-21,airportwebcams.net,site updated 15-September-2026,China
B-8976,,China Eastern Airlines,Airbus A321,SkyTeam,alliance,,active,best-effort,,2026-09-21,airportwebcams.net,site updated 15-September-2026,China
B-8977,,China Eastern Airlines,Airbus A321,SkyTeam,alliance,,active,best-effort,,2026-09-21,airportwebcams.net,site updated 15-September-2026,China
B-919A,,China Eastern Airlines,COMAC C919,The World's First C919 (sticker),decal,,active,best-effort,,2026-09-21,airportwebcams.net,site updated 15-September-2026,China
B-9942,,China Eastern Airlines,Airbus A320,Magnificent Qinghai,livery,,active,best-effort,,2026-09-21,airportwebcams.net,site updated 15-September-2026,China
B-9943,,China Eastern Airlines,Airbus A320,Magnificent Qinghai,livery,,active,best-effort,,2026-09-21,airportwebcams.net,site updated 15-September-2026,China
B-30AY,,China Express Airlines,Airbus A320,DMBJ / Grave Robbers' Chronicles (sticker),decal,,active,best-effort,,2026-09-21,airportwebcams.net,site updated 15-September-2026,China
B-324E,,China Express Airlines,Airbus A320neo,Oriental Smoked Road (sticker),decal,,active,best-effort,,2026-09-21,airportwebcams.net,site updated 15-September-2026,China
B-328G,,China Express Airlines,Airbus A320neo,"Fenjiu, Hometown of 'Heroes of Luliang'",livery,,active,best-effort,,2026-09-21,airportwebcams.net,site updated 15-September-2026,China
B-32E8,,China Express Airlines,Airbus A320neo,Xinjiang Barkol (sticker),decal,,active,best-effort,,2026-09-21,airportwebcams.net,site updated 15-September-2026,China
B-32HM,,China Express Airlines,Airbus A320neo,Xinjiang Investment (sticker),decal,,active,best-effort,,2026-09-21,airportwebcams.net,site updated 15-September-2026,China
B-3382,,China Express Airlines,Bombardier CRJ900,20th CRJ900 (sticker),decal,,active,best-effort,,2026-09-21,airportwebcams.net,site updated 15-September-2026,China
B-657V,,China Express Airlines,COMAC ARJ21-700,20 Years (sticker),decal,,active,best-effort,,2026-09-21,airportwebcams.net,site updated 15-September-2026; flagged NEW by site,China
B-1168,,China Southern Airlines,Boeing 787-9,787th Boeing 787,livery,,active,best-effort,,2026-09-21,airportwebcams.net,site updated 15-September-2026,China
B-1200,,China Southern Airlines,Boeing 737 MAX 8,China's Snow Capital: My Altay,livery,,active,best-effort,,2026-09-21,airportwebcams.net,site updated 15-September-2026,China
B-1625,,China Southern Airlines,Airbus A321,China International Consumer Products Expo,livery,,active,best-effort,,2026-09-21,airportwebcams.net,site updated 15-September-2026,China
B-1700,,China Southern Airlines,Boeing 737-800,Zhuhai City Of Youth,livery,,active,best-effort,,2026-09-21,airportwebcams.net,site updated 15-September-2026,China
B-1781,,China Southern Airlines,Boeing 737-800,Energetic Zhuhai,livery,,active,best-effort,,2026-09-21,airportwebcams.net,site updated 15-September-2026,China
B-1832,,China Southern Airlines,Airbus A321,Hainan Island International Film Festival,livery,,active,best-effort,,2026-09-21,airportwebcams.net,site updated 15-September-2026,China
B-1979,,China Southern Airlines,Boeing 737-800,Hometown Henan,livery,,active,best-effort,,2026-09-21,airportwebcams.net,site updated 15-September-2026,China
B-2007,,China Southern Airlines,Boeing 777-300ER,WorldSkills Shanghai 2022,livery,,active,best-effort,,2026-09-21,airportwebcams.net,site updated 15-September-2026,China
B-308T,,China Southern Airlines,Airbus A350-900,15th National Games – Vibrant Bay Area,livery,,active,best-effort,,2026-09-21,airportwebcams.net,site updated 15-September-2026,China
B-30AL,,China Southern Airlines,Airbus A350-900,Guizhou Moutai,livery,,active,best-effort,,2026-09-21,airportwebcams.net,site updated 15-September-2026; flagged NEW by site,China
B-5598,,China Southern Airlines,Boeing 737-800,CAEXPO,livery,,active,best-effort,,2026-09-21,airportwebcams.net,site updated 15-September-2026,China
B-5940,,China Southern Airlines,Airbus A330-300,China International Import Expo,livery,,active,best-effort,,2026-09-21,airportwebcams.net,site updated 15-September-2026,China
B-6068,,China Southern Airlines,Boeing 737-800,Guizhou Province,livery,,active,best-effort,,2026-09-21,airportwebcams.net,site updated 15-September-2026,China
B-6069,,China Southern Airlines,Boeing 737-800,Guizhou,livery,,active,best-effort,,2026-09-21,airportwebcams.net,site updated 15-September-2026,China
B-658W,,China Southern Airlines,COMAC C919,15th National Games – Vibrant Bay Area,livery,,active,best-effort,,2026-09-21,airportwebcams.net,site updated 15-September-2026,China
B-7996,,China Southern Airlines,Boeing 737-800,Xinjiang Hotan Rural Revitalisation,livery,,active,best-effort,,2026-09-21,airportwebcams.net,site updated 15-September-2026,China
B-1151,,China United Airlines,Boeing 737-800,A Thousand Miles of Rivers and Mountains - ctrip.com,livery,,active,best-effort,,2026-09-21,airportwebcams.net,site updated 15-September-2026,China
B-1310,,China United Airlines,Boeing 737-800,Daxingbao (sticker),decal,,active,best-effort,,2026-09-21,airportwebcams.net,site updated 15-September-2026,China
B-1425,,China United Airlines,Boeing 737-800,A Thousand Miles of Rivers and Mountains - Zhengding,livery,,active,best-effort,,2026-09-21,airportwebcams.net,site updated 15-September-2026,China
B-1426,,China United Airlines,Boeing 737-800,Game For Peace / Peace,livery,,active,best-effort,,2026-09-21,airportwebcams.net,site updated 15-September-2026,China
B-1427,,China United Airlines,Boeing 737-800,A Thousand Miles of Rivers and Mountains - Fliggy Travel,livery,,active,best-effort,,2026-09-21,airportwebcams.net,site updated 15-September-2026,China
B-1465,,China United Airlines,Boeing 737-800,A Thousand Miles of Rivers and Mountains - City of Tianjin,livery,,active,best-effort,,2026-09-21,airportwebcams.net,site updated 15-September-2026,China
B-1470,,China United Airlines,Boeing 737-800,A Thousand Miles of Rivers and Mountains,livery,,active,best-effort,,2026-09-21,airportwebcams.net,site updated 15-September-2026,China
B-1573,,China United Airlines,Boeing 737-800,A Thousand Miles of Rivers and Mountains - Tongcheng Travel,livery,,active,best-effort,,2026-09-21,airportwebcams.net,site updated 15-September-2026,China
B-208U,,China United Airlines,Boeing 737-800,City of Chengdu,livery,,active,best-effort,,2026-09-21,airportwebcams.net,site updated 15-September-2026,China
B-208Y,,China United Airlines,Boeing 737-800,City of Foshan,livery,,active,best-effort,,2026-09-21,airportwebcams.net,site updated 15-September-2026,China
B-208Z,,China United Airlines,Boeing 737-800,District of Daxing,livery,,active,best-effort,,2026-09-21,airportwebcams.net,site updated 15-September-2026,China
B-20A9,,China United Airlines,Boeing 737-800,City of Ordos,livery,,active,best-effort,,2026-09-21,airportwebcams.net,site updated 15-September-2026,China
B-20AD,,China United Airlines,Boeing 737-800,Flower Welcome,livery,,active,best-effort,,2026-09-21,airportwebcams.net,site updated 15-September-2026,China
B-5448,,China United Airlines,Boeing 737-800,Anshun Huangguoshu Waterfalls,livery,,active,best-effort,,2026-09-21,airportwebcams.net,site updated 15-September-2026,China
B-5665,,China United Airlines,Boeing 737-800,Baotou Dream Build,livery,,active,best-effort,,2026-09-21,airportwebcams.net,site updated 15-September-2026,China
B-7371,,China United Airlines,Boeing 737-800,City of Wuhu,livery,,active,best-effort,,2026-09-21,airportwebcams.net,site updated 15-September-2026,China
B-7561,,China United Airlines,Boeing 737-800,Xingyi,livery,,active,best-effort,,2026-09-21,airportwebcams.net,site updated 15-September-2026,China
B-7563,,China United Airlines,Boeing 737-800,City of Wenzhou,livery,,active,best-effort,,2026-09-21,airportwebcams.net,site updated 15-September-2026,China
B-30E8,,Chongqing Airlines,Airbus A321neo,Perfect Wonderful Wulong,livery,,active,best-effort,,2026-09-21,airportwebcams.net,site updated 15-September-2026,China
B-6576,,Chongqing Airlines,Airbus A320,Happy Chongqing,livery,,active,best-effort,,2026-09-21,airportwebcams.net,site updated 15-September-2026,China
B-6761,,Chongqing Airlines,Airbus A320,Beautiful In Chongqing,livery,,active,best-effort,,2026-09-21,airportwebcams.net,site updated 15-September-2026,China
B-8987,,Chongqing Airlines,Airbus A320,Chongqing Times,livery,,active,best-effort,,2026-09-21,airportwebcams.net,site updated 15-September-2026,China
RA-67287,,Chukotavia,DHC-6 Twin Otter,Chukchi Culture,livery,,active,best-effort,,2026-09-21,airportwebcams.net,site updated 15-September-2026,Russia
PK-GLL,,Citilink,Airbus A320,Traveloka (sticker),decal,,active,best-effort,,2026-09-21,airportwebcams.net,site updated 15-September-2026,Indonesia
PK-GLW,,Citilink,Airbus A320,Amar Bank (sticker),decal,,active,best-effort,,2026-09-21,airportwebcams.net,site updated 15-September-2026,Indonesia
PK-GLY,,Citilink,Airbus A320,Semangat Gerak x Aqua,livery,,active,best-effort,,2026-09-21,airportwebcams.net,site updated 15-September-2026,Indonesia
PK-GQG,,Citilink,Airbus A320,SiCepat Ekspres (sticker),decal,,active,best-effort,,2026-09-21,airportwebcams.net,site updated 15-September-2026,Indonesia
PK-GQI,,Citilink,Airbus A320,Floral Retro,retro,,active,best-effort,,2026-09-21,airportwebcams.net,site updated 15-September-2026,Indonesia
PK-GTF,,Citilink,Airbus A320neo,50th A320,livery,,active,best-effort,,2026-09-21,airportwebcams.net,site updated 15-September-2026,Indonesia
PK-GTI,,Citilink,Airbus A320neo,"Say NO to Drugs, Say YES to Travel (sticker)",decal,,active,best-effort,,2026-09-21,airportwebcams.net,site updated 15-September-2026,Indonesia
HK-5293,,Clic,ATR 72-600,Tribute to Henry Cubides,livery,,active,best-effort,,2026-09-21,airportwebcams.net,site updated 15-September-2026,Colombia
HK-5321,,Clic,ATR 42-600,Narino / 5 Worlds to Discover (sticker),decal,,active,best-effort,,2026-09-21,airportwebcams.net,site updated 15-September-2026,Colombia
B-327Q,,Colorful Guizhou Airlines,Airbus A320neo,Guizhou Moutai,livery,,active,best-effort,,2026-09-21,airportwebcams.net,site updated 15-September-2026,China
B-329J,,Colorful Guizhou Airlines,Airbus A320neo,Guizhou Moutai,livery,,active,best-effort,,2026-09-21,airportwebcams.net,site updated 15-September-2026,China
B-32AT,,Colorful Guizhou Airlines,Airbus A320neo,Moutai 1935 (sticker),decal,,active,best-effort,,2026-09-21,airportwebcams.net,site updated 15-September-2026,China
B-001Q,,COMAC,COMAC ARJ21-700,SAF (sticker),decal,,active,best-effort,,2026-09-21,airportwebcams.net,site updated 15-September-2026,China
B-3322,,COMAC Express,COMAC ARJ21-700,Fudan University Eye & ENT Hospital (sticker),decal,,active,best-effort,,2026-09-21,airportwebcams.net,site updated 15-September-2026,China
B-603Q,,COMAC Express,COMAC ARJ21-700,Green,livery,,active,best-effort,,2026-09-21,airportwebcams.net,site updated 15-September-2026,China
P4-787,,Comlux Aruba,Boeing 787-8,Solidaire,livery,,active,best-effort,,2026-09-21,airportwebcams.net,site updated 15-September-2026,Aruba
D-AICH,,Condor,Airbus A320,Retro,retro,,active,best-effort,,2026-09-21,airportwebcams.net,site updated 15-September-2026,Germany
D-AICS,,Condor,Airbus A320,Breast Cancer Awareness,livery,,active,best-effort,,2026-09-21,airportwebcams.net,site updated 15-September-2026,Germany
D-ASGE,,Condor,Airbus A320,Eintracht Frankfurt football team,livery,,active,best-effort,,2026-09-21,airportwebcams.net,site updated 15-September-2026,Germany
9S-ALU,,Congo Airways,Airbus A320,Premier Ministre Héros National (sticker),decal,,active,best-effort,,2026-09-21,airportwebcams.net,site updated 15-September-2026,D R Congo
YV2913,,Conviasa,Embraer ERJ190,Viva Mexico (sticker),decal,,active,best-effort,,2026-09-21,airportwebcams.net,site updated 15-September-2026,Venezuela
YV2944,,Conviasa,Embraer ERJ190AR,Plan Vuelta a la Patria (sticker),decal,,active,best-effort,,2026-09-21,airportwebcams.net,site updated 15-September-2026,Venezuela
YV3071,,Conviasa,Embraer ERJ190AR,Plan Vuelta a la Patria (sticker),decal,,active,best-effort,,2026-09-21,airportwebcams.net,site updated 15-September-2026,Venezuela
YV3554,,Conviasa,Airbus A340-200,Plan Vuelta a la Patria (sticker),decal,,active,best-effort,,2026-09-21,airportwebcams.net,site updated 15-September-2026,Venezuela
HP-1728CMP,,Copa Airlines,Boeing 737-800,Star Alliance,alliance,,active,best-effort,,2026-09-21,airportwebcams.net,site updated 15-September-2026,Panama
HP-1823CMP,,Copa Airlines,Boeing 737-800,Star Alliance,alliance,,active,best-effort,,2026-09-21,airportwebcams.net,site updated 15-September-2026,Panama
HP-1830CMP,,Copa Airlines,Boeing 737-800,Star Alliance,alliance,,active,best-effort,,2026-09-21,airportwebcams.net,site updated 15-September-2026,Panama
HP-1841CMP,,Copa Airlines,Boeing 737-800,Retro,retro,,active,best-effort,,2026-09-21,airportwebcams.net,site updated 15-September-2026,Panama
HP-1849CMP,,Copa Airlines,Boeing 737-800,connectmiles.com,livery,,active,best-effort,,2026-09-21,airportwebcams.net,site updated 15-September-2026,Panama
HP-1853CMP,,Copa Airlines,Boeing 737-800,Star Alliance,alliance,,active,best-effort,,2026-09-21,airportwebcams.net,site updated 15-September-2026,Panama
HP-9816CMP,,Copa Airlines,Boeing 737 MAX 8,Star Alliance,alliance,,active,best-effort,,2026-09-21,airportwebcams.net,site updated 15-September-2026,Panama
HP-9819CMP,,Copa Airlines,Boeing 737 MAX 8,Panama national football team,livery,,active,best-effort,,2026-09-21,airportwebcams.net,site updated 15-September-2026,Panama
HP-9926CMP,,Copa Airlines,Boeing 737 MAX 9,Hazlo a Tiempo / Breast Cancer Awareness,livery,,active,best-effort,,2026-09-21,airportwebcams.net,site updated 15-September-2026,Panama
HP-9927CMP,,Copa Airlines,Boeing 737 MAX 9,Panama: Live For More,livery,,active,best-effort,,2026-09-21,airportwebcams.net,site updated 15-September-2026,Panama
TC-TJY,,Corendon Airlines,Boeing 737-800,Antalyaspor,livery,,active,best-effort,,2026-09-21,airportwebcams.net,site updated 15-September-2026,Turkey
9H-CXG,,Corendon Airlines Europe,Boeing 737-800,Hull City Football Club,livery,,active,best-effort,,2026-09-21,airportwebcams.net,site updated 15-September-2026,Malta
9A-CAS,,Croatia Airlines,Airbus A220-300,Star Alliance,alliance,,active,best-effort,,2026-09-21,airportwebcams.net,site updated 15-September-2026,Croatia
N527DN,,Delta Air Lines,A359,Delta 100 Centennial,livery,,unverified,best-effort,,2026-09-21,https://liveandletsfly.com/delta-air-lines-centennial-livery/,tail per one source only,USA
N589DT,,Delta Air Lines,A21N,Delta 100 Centennial,livery,,unverified,best-effort,2025-03,2026-09-21,https://liveandletsfly.com/delta-air-lines-centennial-livery/,,USA
N191DN,,Delta Airlines,Boeing 767-300ER,Delta 100 Years (sticker),decal,,active,best-effort,,2026-09-21,airportwebcams.net,site updated 15-September-2026,USA
N3746H,,Delta Airlines,Boeing 737-800,World Series Champions 2021 (sticker),decal,,active,best-effort,,2026-09-21,airportwebcams.net,site updated 15-September-2026,USA
N3758Y,,Delta Airlines,Boeing 737-800,SkyTeam,alliance,,active,best-effort,,2026-09-21,airportwebcams.net,site updated 15-September-2026,USA
N3761R,,Delta Airlines,Boeing 737-800,SkyTeam,alliance,,active,best-effort,,2026-09-21,airportwebcams.net,site updated 15-September-2026,USA
N381DN,,Delta Airlines,Boeing 737-800,SkyTeam,alliance,,active,best-effort,,2026-09-21,airportwebcams.net,site updated 15-September-2026,USA
N391DN,,Delta Airlines,Airbus A321,Thank You / Employees' Names,livery,,active,best-effort,,2026-09-21,airportwebcams.net,site updated 15-September-2026,USA
N411DX,,Delta Airlines,Airbus A330-900neo,#TeamUSA Beijing Winter Olympics (sticker),decal,,active,best-effort,,2026-09-21,airportwebcams.net,site updated 15-September-2026,USA
N502DN,,Delta Airlines,Airbus A350-900,The Delta Spirit (sticker),decal,,active,best-effort,,2026-09-21,airportwebcams.net,site updated 15-September-2026,USA
N521DN,,Delta Airlines,Airbus A350-900,Team USA Olympic & Paralympic team,livery,,active,best-effort,,2026-09-21,airportwebcams.net,site updated 15-September-2026,USA
N522DZ,,Delta Airlines,Airbus A350-900,#LA28 Los Angeles Olympic Games 2028,livery,,active,best-effort,,2026-09-21,airportwebcams.net,site updated 15-September-2026,USA
N531DN,,Delta Airlines,Airbus A350-900,Team USA Olympic & Paralympic team,livery,,active,best-effort,,2026-09-21,airportwebcams.net,site updated 15-September-2026,USA
N553NW,,Delta Airlines,Boeing 757-200,America250 (sticker),decal,,active,best-effort,,2026-09-21,airportwebcams.net,site updated 15-September-2026,USA
N6712B,,Delta Airlines,Boeing 757-200,Atlanta - Where You Belong (sticker),decal,,active,best-effort,,2026-09-21,airportwebcams.net,site updated 15-September-2026,USA
N694DL,,Delta Airlines,Boeing 757-200,The Spirit of Freedom (sticker),decal,,active,best-effort,,2026-09-21,airportwebcams.net,site updated 15-September-2026,USA
N841MH,,Delta Airlines,Boeing 767-400ER,Relay For Life (sticker),decal,,active,best-effort,,2026-09-21,airportwebcams.net,site updated 15-September-2026,USA
N845MH,,Delta Airlines,Boeing 767-400ER,Breast Cancer Research Foundation,livery,,active,best-effort,,2026-09-21,airportwebcams.net,site updated 15-September-2026,USA
LZ-CGB,,DHL Aviation / Cargo Air,Boeing 737-800F,10 Years Partnership (sticker),decal,,active,best-effort,,2026-09-21,airportwebcams.net,site updated 15-September-2026,Germany / Bulgaria
HP-1910DAE,,DHL Aviation / DHL Aero Expreso,Boeing 757-200F,No.1 Best Workplace (sticker),decal,,active,best-effort,,2026-09-21,airportwebcams.net,site updated 15-September-2026,Germany / Panama
OE-LNZ,,DHL Aviation / DHL Air Austria,Boeing 757-200F,Servus Austria / Hello Austria! (sticker),decal,,active,best-effort,,2026-09-21,airportwebcams.net,site updated 15-September-2026,Germany / Austria
G-DHLV,,DHL Aviation / DHL Air UK,Boeing 777F,Official Logistics Partner of Formula 1 (sticker),decal,,active,best-effort,,2026-09-21,airportwebcams.net,site updated 15-September-2026,Germany / UK
G-DHLW,,DHL Aviation / DHL Air UK,Boeing 777F,As One Against Cancer (sticker),decal,,active,best-effort,,2026-09-21,airportwebcams.net,site updated 15-September-2026,Germany / UK
N774CK,,DHL Aviation / Kalitta Air,Boeing 777F,Health Logistics,livery,,active,best-effort,,2026-09-21,airportwebcams.net,site updated 15-September-2026,Germany / USA
N777SA,,DHL Aviation / Polar Air Cargo,Boeing 777F,30 Years (sticker),decal,,active,best-effort,,2026-09-21,airportwebcams.net,site updated 15-September-2026,Germany / USA
N855GT,,DHL Aviation / Polar Air Cargo,Boeing 747-8F,30 Years (sticker),decal,,active,best-effort,,2026-09-21,airportwebcams.net,site updated 15-September-2026,Germany / USA
9H-CGA,,DHL Aviation / SmartLynx Malta,Airbus A321F,Less Fuel Burn. Flying Greener (sticker),decal,,active,best-effort,,2026-09-21,airportwebcams.net,site updated 15-September-2026,Germany / Malta
TU-TRN,,DHL Aviation / Solenta Aviation Cote D-Ivoire,ATR 72-200F,No.1 Best Workplace (sticker),decal,,active,best-effort,,2026-09-21,airportwebcams.net,site updated 15-September-2026,Germany / Cote D'Ivoire
YV638T,,DHL Aviation / Vensecar International,ATR 42-300F,Delivered With Pride / As One Against Cancer (stickers),livery,,active,best-effort,,2026-09-21,airportwebcams.net,site updated 15-September-2026,Germany / Venezuela
A9C-DHY,,DHL International Aviation,Boeing 767-300ER(BCF),As One Against Cancer (sticker),decal,,active,best-effort,,2026-09-21,airportwebcams.net,site updated 15-September-2026,Germany / Bahrain
PJ-DVD,,Divi Divi Air,DHC-6 Twin Otter,Blue Wave / Curacao national football team (World Cup 2026),livery,,active,best-effort,,2026-09-21,airportwebcams.net,site updated 15-September-2026,Netherlands Antilles
PJ-DVH,,Divi Divi Air,DHC-6 Twin Otter,Flamingo,livery,,active,best-effort,,2026-09-21,airportwebcams.net,site updated 15-September-2026,Netherlands Antilles
B-227N,,Donghai Airlines,Boeing 737-800,Donghai Family,livery,,active,best-effort,,2026-09-21,airportwebcams.net,site updated 15-September-2026,China
B-7300,,Donghai Airlines,Boeing 737-800,Shiyan Wudang,livery,,active,best-effort,,2026-09-21,airportwebcams.net,site updated 15-September-2026,China
N313XA,,Eastern Air Express,Boeing 737-400,Don Omar Tour,livery,,active,best-effort,,2026-09-21,airportwebcams.net,site updated 15-September-2026,USA
G-UZHS,,easyJet,Airbus A320neo,Eurovision Song Contest 2025 Official Airline (sticker),decal,,active,best-effort,,2026-09-21,airportwebcams.net,site updated 15-September-2026,UK
G-UZLF,,easyJet,Airbus A320neo,Europcar,livery,,active,best-effort,,2026-09-21,airportwebcams.net,site updated 15-September-2026,UK
G-UZLV,,easyJet,Airbus A320neo,NEO,livery,,active,best-effort,,2026-09-21,airportwebcams.net,site updated 15-September-2026,UK
G-UZLW,,easyJet,Airbus A320neo,NEO,livery,,active,best-effort,,2026-09-21,airportwebcams.net,site updated 15-September-2026,UK
G-UZLX,,easyJet,Airbus A320neo,NEO,livery,,active,best-effort,,2026-09-21,airportwebcams.net,site updated 15-September-2026,UK
G-UZMA,,easyJet,Airbus A321neo,NEO,livery,,active,best-effort,,2026-09-21,airportwebcams.net,site updated 15-September-2026,UK
OE-INI,,easyJet Europe,Airbus A320,Berlin,livery,,active,best-effort,,2026-09-21,airportwebcams.net,site updated 15-September-2026,Austria
OE-ISH,,easyJet Europe,Airbus A321neo,400th Airbus,livery,,active,best-effort,,2026-09-21,airportwebcams.net,site updated 15-September-2026,Austria
OE-IVA,,easyJet Europe,Airbus A320,Austria,livery,,active,best-effort,,2026-09-21,airportwebcams.net,site updated 15-September-2026,Austria
OE-LSF,,easyJet Europe,Airbus A320neo,NEO,livery,,active,best-effort,,2026-09-21,airportwebcams.net,site updated 15-September-2026,Austria
OE-LSM,,easyJet Europe,Airbus A320neo,NEO,livery,,active,best-effort,,2026-09-21,airportwebcams.net,site updated 15-September-2026,Austria
OE-LSN,,easyJet Europe,Airbus A320neo,NEO,livery,,active,best-effort,,2026-09-21,airportwebcams.net,site updated 15-September-2026,Austria
OE-LSO,,easyJet Europe,Airbus A320neo,NEO,livery,,active,best-effort,,2026-09-21,airportwebcams.net,site updated 15-September-2026,Austria
OE-LSP,,easyJet Europe,Airbus A320neo,NEO,livery,,active,best-effort,,2026-09-21,airportwebcams.net,site updated 15-September-2026,Austria
OE-LSU,,easyJet Europe,Airbus A320neo,NEO,livery,,active,best-effort,,2026-09-21,airportwebcams.net,site updated 15-September-2026,Austria
OE-LSV,,easyJet Europe,Airbus A320neo,NEO,livery,,active,best-effort,,2026-09-21,airportwebcams.net,site updated 15-September-2026,Austria
HB-AYE,,easyJet Switzerland,Airbus A320neo,NEO,livery,,active,best-effort,,2026-09-21,airportwebcams.net,site updated 15-September-2026,Switzerland
HB-AYM,,easyJet Switzerland,Airbus A320neo,Basel [left side] / Mulhouse [right side] (stickers),livery,,active,best-effort,,2026-09-21,airportwebcams.net,site updated 15-September-2026,Switzerland
HB-AYN,,easyJet Switzerland,Airbus A320neo,NEO,livery,,active,best-effort,,2026-09-21,airportwebcams.net,site updated 15-September-2026,Switzerland
HB-AYO,,easyJet Switzerland,Airbus A320neo,NEO,livery,,active,best-effort,,2026-09-21,airportwebcams.net,site updated 15-September-2026,Switzerland
HB-AYQ,,easyJet Switzerland,Airbus A320neo,NEO,livery,,active,best-effort,,2026-09-21,airportwebcams.net,site updated 15-September-2026,Switzerland
HB-JLT,,Edelweiss Air,Airbus A320,Help Alliance,livery,,active,best-effort,,2026-09-21,airportwebcams.net,site updated 15-September-2026,Switzerland
SU-GCK,,EgyptAir,Airbus A330-200,Star Alliance,alliance,,active,best-effort,,2026-09-21,airportwebcams.net,site updated 15-September-2026,Egypt
SU-GCS,,EgyptAir,Boeing 737-800,Star Alliance,alliance,,active,best-effort,,2026-09-21,airportwebcams.net,site updated 15-September-2026,Egypt
SU-GCZ,,Egyptair,Boeing 737-800,Grand Egyptian Museum,livery,,active,best-effort,,2026-09-21,airportwebcams.net,site updated 15-September-2026,Egypt
SU-GET,,Egyptair,Boeing 787-9,Egyptian Football Association (sticker),decal,,active,best-effort,,2026-09-21,airportwebcams.net,site updated 15-September-2026,Egypt
SU-GGB,,EgyptAir,Boeing 737-800,95 Years of Heritage,retro,,active,best-effort,,2026-09-21,airportwebcams.net,site updated 15-September-2026,Egypt
SU-GGH,,EgyptAir,Airbus A350-900,El Alamein Air Show (sticker),decal,,active,best-effort,,2026-09-21,airportwebcams.net,site updated 15-September-2026; flagged NEW by site,Egypt
4X-EDF,,El Al,Boeing 787-9,Retro (1960s),retro,,active,best-effort,,2026-09-21,airportwebcams.net,site updated 15-September-2026,Israel
4X-EDM,,El Al,Boeing 787-9,Jerusalem of Gold / 2028 Olympics / Israel IOC Official Airline (sticker),decal,,active,best-effort,,2026-09-21,airportwebcams.net,site updated 15-September-2026,Israel
4X-ERB,,El Al,Boeing 787-8,Official Airline of the Olympic Committee of Israel (sticker),decal,,active,best-effort,,2026-09-21,airportwebcams.net,site updated 15-September-2026,Israel
N767CJ,,Elan Express,Boeing 767-200ER,Air Drake,livery,,active,best-effort,,2026-09-21,airportwebcams.net,site updated 15-September-2026,USA
LZ-EAE,,Electra Airways,Airbus A320,Air 001,livery,,active,best-effort,,2026-09-21,airportwebcams.net,site updated 15-September-2026,Bulgaria
LZ-EAF,,Elektra Airways,Airbus A320,Air 001,livery,,active,best-effort,,2026-09-21,airportwebcams.net,site updated 15-September-2026,Bulgaria
LZ-EAG,,Elektra Airways,Airbus A321,Air 001,livery,,active,best-effort,,2026-09-21,airportwebcams.net,site updated 15-September-2026,Bulgaria
LZ-EAK,,Elektra Airways,Airbus A320,Air 001,livery,,active,best-effort,,2026-09-21,airportwebcams.net,site updated 15-September-2026,Bulgaria
LZ-EAL,,Elektra Airways,Airbus A320,Air 001,livery,,active,best-effort,,2026-09-21,airportwebcams.net,site updated 15-September-2026,Bulgaria
PR-ZFU,,Embraer,Embraer ERJ190-E2,Tiger,livery,,active,best-effort,,2026-09-21,airportwebcams.net,site updated 15-September-2026,Brazil
PR-ZGQ,,Embraer,Embraer ERJ190,Profit Hunter (Shark),livery,,active,best-effort,,2026-09-21,airportwebcams.net,site updated 15-September-2026,Brazil
PR-ZIJ,,Embraer,Embraer ERJ195-E2,Profit Hunter (Eagle),livery,,active,best-effort,,2026-09-21,airportwebcams.net,site updated 15-September-2026,Brazil
PR-ZIQ,,Embraer,Embraer ERJ195-E2,Profit Hunter (Tech Eagle),livery,,active,best-effort,,2026-09-21,airportwebcams.net,site updated 15-September-2026,Brazil
A6-EES,,Emirates,Airbus A380,Destination Dubai (was Dubai Expo2020),livery,,active,best-effort,,2026-09-21,airportwebcams.net,site updated 15-September-2026,UAE
A6-EET,,Emirates,Airbus A380,Emirates Courier Express,livery,,active,best-effort,,2026-09-21,airportwebcams.net,site updated 15-September-2026,UAE
A6-EEU,,Emirates,Airbus A380,Destination Dubai (was Dubai Expo2020),livery,,active,best-effort,,2026-09-21,airportwebcams.net,site updated 15-September-2026,UAE
A6-EEW,,Emirates,Airbus A380,Destination Dubai (was Dubai Expo2020),livery,,active,best-effort,,2026-09-21,airportwebcams.net,site updated 15-September-2026,UAE
A6-EOD,,Emirates,Airbus A380,NBA Official Partner,livery,,active,best-effort,,2026-09-21,airportwebcams.net,site updated 15-September-2026,UAE
A6-EOE,,Emirates,Airbus A380,Arsenal Champions,livery,,active,best-effort,,2026-09-21,airportwebcams.net,site updated 15-September-2026,UAE
A6-EOT,,Emirates,Airbus A380,Destination Dubai (was Dubai Expo2020),livery,,active,best-effort,,2026-09-21,airportwebcams.net,site updated 15-September-2026,UAE
A6-EQH,,Emirates,Boeing 777-300ER,This Flag Will Always Fly,livery,,active,best-effort,,2026-09-21,airportwebcams.net,site updated 15-September-2026,UAE
A6-EUE,,Emirates,Airbus A380,Emirates Skywards 25th Anniversary,livery,,active,best-effort,,2026-09-21,airportwebcams.net,site updated 15-September-2026,UAE
A6-EUH,,Emirates,Airbus A380,Proud Partner of Grand Slam Tennis,livery,,active,best-effort,,2026-09-21,airportwebcams.net,site updated 15-September-2026,UAE
A6-EVG,,Emirates,Airbus A380,This Flag Will Always Fly,livery,,active,best-effort,,2026-09-21,airportwebcams.net,site updated 15-September-2026,UAE
A6-EXR,,Emirates,Airbus A350-900,This Flag Will Always Fly,livery,,active,best-effort,,2026-09-21,airportwebcams.net,site updated 15-September-2026,UAE
ET-APU,,Ethiopian Airlines,Boeing 777F,Cainio Logistics (sticker),decal,,active,best-effort,,2026-09-21,airportwebcams.net,site updated 15-September-2026,Ethiopia
ET-AQN,,Ethiopian Airlines,Boeing 737-800,Star Alliance,alliance,,active,best-effort,,2026-09-21,airportwebcams.net,site updated 15-September-2026,Ethiopia
ET-ARK,,Ethiopian Airlines,Boeing 777F,Pharma Wing (sticker),decal,,active,best-effort,,2026-09-21,airportwebcams.net,site updated 15-September-2026,Ethiopia
ET-ATG,,Ethiopian Airlines,Boeing 787-8,Star Alliance,alliance,,active,best-effort,,2026-09-21,airportwebcams.net,site updated 15-September-2026,Ethiopia
ET-AVT,,Ethiopian Airlines,Boeing 777F,Pharma Wing (sticker),decal,,active,best-effort,,2026-09-21,airportwebcams.net,site updated 15-September-2026,Ethiopia
ET-AYN,,Ethiopian Airlines,Airbus A350-900,Star Alliance,alliance,,active,best-effort,,2026-09-21,airportwebcams.net,site updated 15-September-2026,Ethiopia
ET-BAW,,Ethiopian Airlines,Airbus A350-1000,1st Airbus A350-1000 in Africa (sticker),decal,,active,best-effort,,2026-09-21,airportwebcams.net,site updated 15-September-2026,Ethiopia
A6-AEN,,Etihad Airways,Airbus A321neo,20 Years,livery,,active,best-effort,,2026-09-21,airportwebcams.net,site updated 15-September-2026,UAE
A6-BLV,,Etihad Airways,Boeing 787-9,Abu Dhabi Grand Prix 2021,livery,,active,best-effort,,2026-09-21,airportwebcams.net,site updated 15-September-2026,UAE
A6-BMA,,Etihad Airways,Boeing 787-10,Warner Bros. World Abu Dhabi,livery,,active,best-effort,,2026-09-21,airportwebcams.net,site updated 15-September-2026,UAE
A6-BMH,,Etihad Airways,Boeing 787-10,Greenliner,livery,,active,best-effort,,2026-09-21,airportwebcams.net,site updated 15-September-2026,UAE
A6-BND,,Etihad Airways,Boeing 787-9,Manchester City Football Club,livery,,active,best-effort,,2026-09-21,airportwebcams.net,site updated 15-September-2026,UAE
A6-EJB,,Etihad Airways,Airbus A320neo,Chennai Super Kings cricket team,livery,,active,best-effort,,2026-09-21,airportwebcams.net,site updated 15-September-2026,UAE
D-AEEA,,Eurowings,Airbus A321neo,Eurowings Holidays / #makechangefly (sticker),decal,,active,best-effort,,2026-09-21,airportwebcams.net,site updated 15-September-2026,Germany
D-AEEB,,Eurowings,Airbus A321neo,#makechangefly (sticker),decal,,active,best-effort,,2026-09-21,airportwebcams.net,site updated 15-September-2026,Germany
D-AEEC,,Eurowings,Airbus A321neo,"Less Noise, Less CO2 / #makechangefly (sticker)",decal,,active,best-effort,,2026-09-21,airportwebcams.net,site updated 15-September-2026,Germany
D-AEED,,Eurowings,Airbus A321neo,#makechangefly (sticker),decal,,active,best-effort,,2026-09-21,airportwebcams.net,site updated 15-September-2026,Germany
D-AEEE,,Eurowings,Airbus A321neo,#makechangefly (sticker),decal,,active,best-effort,,2026-09-21,airportwebcams.net,site updated 15-September-2026,Germany
D-AENA,,Eurowings,Airbus A320neo,#makechangefly (sticker),decal,,active,best-effort,,2026-09-21,airportwebcams.net,site updated 15-September-2026,Germany
D-AENC,,Eurowings,Airbus A320neo,"Less Noise, Less Fuel, Less CO2 (sticker)",decal,,active,best-effort,,2026-09-21,airportwebcams.net,site updated 15-September-2026,Germany
D-AENF,,Eurowings,Airbus A320neo,#makechangefly (sticker),decal,,active,best-effort,,2026-09-21,airportwebcams.net,site updated 15-September-2026,Germany
D-AENG,,Eurowings,Airbus A320neo,#makechangefly (sticker),decal,,active,best-effort,,2026-09-21,airportwebcams.net,site updated 15-September-2026,Germany
D-AENH,,Eurowings,Airbus A320neo,#makechangefly (sticker),decal,,active,best-effort,,2026-09-21,airportwebcams.net,site updated 15-September-2026,Germany
D-AENI,,Eurowings,Airbus A320neo,#makechangefly (sticker),decal,,active,best-effort,,2026-09-21,airportwebcams.net,site updated 15-September-2026,Germany
D-AEWM,,Eurowings,Airbus A320,Borussia Dortmund football club Mannschaftsairbus (was Fanairbus),livery,,active,best-effort,,2026-09-21,airportwebcams.net,site updated 15-September-2026,Germany
D-AEWP,,Eurowings,Airbus A320,Salzburger Land,livery,,active,best-effort,,2026-09-21,airportwebcams.net,site updated 15-September-2026,Germany
9H-ENB,,Eurowings Europe Malta,Airbus A320neo,#makechangefly (sticker),decal,,active,best-effort,,2026-09-21,airportwebcams.net,site updated 15-September-2026,Malta
9H-EUM,,Eurowings Europe Malta,Airbus A320,Europa Park,livery,,active,best-effort,,2026-09-21,airportwebcams.net,site updated 15-September-2026,Malta
B-16217,,EVA Air,Airbus A321,Hello Kitty - Pinky Jet,livery,,active,best-effort,,2026-09-21,airportwebcams.net,site updated 15-September-2026,China/Taiwan
B-16332,,EVA Air,Airbus A330-300,Sanrio Joyful Dream,livery,,active,best-effort,,2026-09-21,airportwebcams.net,site updated 15-September-2026,China/Taiwan
B-16333,,EVA Air,Airbus A330-300,Hello Kitty - Sanrio Characters,livery,,active,best-effort,,2026-09-21,airportwebcams.net,site updated 15-September-2026,China/Taiwan
B-16715,,EVA Air,Boeing 777-300ER,Star Alliance,alliance,,active,best-effort,,2026-09-21,airportwebcams.net,site updated 15-September-2026,China/Taiwan
B-16722,,EVA Air,Boeing 777-300ER,Hello Kitty - My Melody and Kuromi,livery,,active,best-effort,,2026-09-21,airportwebcams.net,site updated 15-September-2026,China/Taiwan
B-16740,,EVA Air,Boeing 777-300ER,Hello Kitty - Lolly Jet,livery,,active,best-effort,,2026-09-21,airportwebcams.net,site updated 15-September-2026,China/Taiwan
B-17812,,EVA Air,Boeing 787-10,Star Alliance,alliance,,active,best-effort,,2026-09-21,airportwebcams.net,site updated 15-September-2026,China/Taiwan
N244FE,,FedEx Express,Boeing 767-300F,150th Boeing 767 FedEx (sticker),decal,,active,best-effort,,2026-09-21,airportwebcams.net,site updated 15-September-2026,USA
N245FE,,FedEx Express,Boeing 767-300F,America250 (sticker),decal,,active,best-effort,,2026-09-21,airportwebcams.net,site updated 15-September-2026,USA
N277FE,,FedEx Express,Boeing 767-300ER(F),100th Boeing 767 (sticker),decal,,active,best-effort,,2026-09-21,airportwebcams.net,site updated 15-September-2026,USA
N867FD,,FedEx Express,Boeing 777F,FedEx founder F W Smith (sticker; underside/belly),decal,,active,best-effort,,2026-09-21,airportwebcams.net,site updated 15-September-2026,USA
N870FD,,FedEx Express,Boeing 777F,"FedEx 50 (sticker, underside)",decal,,active,best-effort,,2026-09-21,airportwebcams.net,site updated 15-September-2026,USA
N872FD,,FedEx Express,Boeing 777F,FedEx founder F W Smith (sticker; underside/belly),decal,,active,best-effort,,2026-09-21,airportwebcams.net,site updated 15-September-2026,USA
N874FD,,FedEx Express,Boeing 777F,FedEx 50th Boeing 777 (sticker),decal,,active,best-effort,,2026-09-21,airportwebcams.net,site updated 15-September-2026,USA
N884FD,,FedEx Express,Boeing 777F,Retro,retro,,active,best-effort,,2026-09-21,airportwebcams.net,site updated 15-September-2026,USA
N899FD,,FedEx Express,Boeing 777F,FedEx founder F W Smith (sticker; underside/belly),decal,,active,best-effort,,2026-09-21,airportwebcams.net,site updated 15-September-2026,USA
DQ-FAM,,Fiji Airways,Airbus A350-900,'Survivor 50' TV series (sticker),decal,,active,best-effort,,2026-09-21,airportwebcams.net,site updated 15-September-2026,Fiji
DQ-FJU,,Fiji Airways,Airbus A330-200,Oneworld,alliance,,active,best-effort,,2026-09-21,airportwebcams.net,site updated 15-September-2026,Fiji
OH-LKN,,Finnair,Embraer ERJ190,Oneworld,alliance,,active,best-effort,,2026-09-21,airportwebcams.net,site updated 15-September-2026,Finland
OH-LTO,,Finnair,Airbus A330-300,Marimekko Unikko,livery,,active,best-effort,,2026-09-21,airportwebcams.net,site updated 15-September-2026,Finland
OH-LVD,,Finnair,Airbus A319,Oneworld,alliance,,active,best-effort,,2026-09-21,airportwebcams.net,site updated 15-September-2026,Finland
OH-LWA,,Finnair,Airbus A350-900,Santa Claus Finland (sticker),decal,,active,best-effort,,2026-09-21,airportwebcams.net,site updated 15-September-2026,Finland
OH-LWB,,Finnair,Airbus A350-900,Oneworld,alliance,,active,best-effort,,2026-09-21,airportwebcams.net,site updated 15-September-2026,Finland
OH-LWL,,Finnair,Airbus A350-900,Marimekko Kivet,livery,,active,best-effort,,2026-09-21,airportwebcams.net,site updated 15-September-2026,Finland
OH-LWR,,Finnair,Airbus A350-900,Bringing Us Together Since 1923 (sticker),decal,,active,best-effort,,2026-09-21,airportwebcams.net,site updated 15-September-2026,Finland
9M-FYD,,Firefly,ATR 72-500,50 Years Tourism Malaysia / Visit Malaysia Truly Asia 2026 (stickers),livery,,active,best-effort,,2026-09-21,airportwebcams.net,site updated 15-September-2026,Malaysia
9M-FYI,,Firefly,ATR 72-500,Visit Malaysia Truly Asia 2026 (sticker),decal,,active,best-effort,,2026-09-21,airportwebcams.net,site updated 15-September-2026,Malaysia
9M-FYJ,,Firefly,ATR 72-200,Jom Jalan,livery,,active,best-effort,,2026-09-21,airportwebcams.net,site updated 15-September-2026,Malaysia
9M-FYK,,Firefly,ATR 72-500,Visit Malaysia Truly Asia 2026 (sticker),decal,,active,best-effort,,2026-09-21,airportwebcams.net,site updated 15-September-2026,Malaysia
9M-FYL,,Firefly,ATR 72-500,Visit Malaysia Truly Asia 2026 (sticker),decal,,active,best-effort,,2026-09-21,airportwebcams.net,site updated 15-September-2026,Malaysia
9M-MLG,,Firefly,Boeing 737-800,Visit Malaysia Truly Asia 2026 (sticker),decal,,active,best-effort,,2026-09-21,airportwebcams.net,site updated 15-September-2026,Malaysia
9M-MLH,,Firefly,Boeing 737-800,Visit Malaysia Truly Asia 2026,livery,,active,best-effort,,2026-09-21,airportwebcams.net,site updated 15-September-2026,Malaysia
9M-MLJ,,Firefly,Boeing 737-800,Visit Malaysia Truly Asia 2026 (sticker),decal,,active,best-effort,,2026-09-21,airportwebcams.net,site updated 15-September-2026,Malaysia
C-GFOF,,Flair Airlines,Boeing 737 MAX 8,Canada's Most Reliable Airline (sticker),decal,,active,best-effort,,2026-09-21,airportwebcams.net,site updated 15-September-2026,Canada
A6-MVA,,Fly Vaayu,Airbus A320P2F,Providing Green Cargo Solutions (sticker),decal,,active,best-effort,,2026-09-21,airportwebcams.net,site updated 15-September-2026,UAE
HZ-FAU,,flyadeal,Airbus A320neo,5 Years (sticker),decal,,active,best-effort,,2026-09-21,airportwebcams.net,site updated 15-September-2026,Saudi Arabia
HZ-FAZ,,flyadeal,Airbus A320neo,5 Years (sticker),decal,,active,best-effort,,2026-09-21,airportwebcams.net,site updated 15-September-2026,Saudi Arabia
HZ-FBD,,flyadeal,Airbus A320neo,30th Star (sticker),decal,,active,best-effort,,2026-09-21,airportwebcams.net,site updated 15-September-2026,Saudi Arabia
LV-HKN,,Flybondi,Boeing 737-800,La libertad de volar,livery,,active,best-effort,,2026-09-21,airportwebcams.net,site updated 15-September-2026,Argentina
HZ-NS35,,flynas,Airbus A320neo,Al-Hilal football team,livery,,active,best-effort,,2026-09-21,airportwebcams.net,site updated 15-September-2026,Saudi Arabia
HZ-NS36,,flynas,Airbus A320neo,Year of Arabic Calligraphy 2021,livery,,active,best-effort,,2026-09-21,airportwebcams.net,site updated 15-September-2026,Saudi Arabia
HZ-NS49,,flynas,Airbus A320neo,Asir Region (sticker),decal,,active,best-effort,,2026-09-21,airportwebcams.net,site updated 15-September-2026,Saudi Arabia
HZ-NS52,,flynas,Airbus A320neo,Year of Saudi Coffee,livery,,active,best-effort,,2026-09-21,airportwebcams.net,site updated 15-September-2026,Saudi Arabia
HZ-NS66,,flynas,Airbus A320neo,Asir Region (sticker),decal,,active,best-effort,,2026-09-21,airportwebcams.net,site updated 15-September-2026,Saudi Arabia
ER-00004,,FLYONE,Airbus A320,10 Years (sticker),decal,,active,best-effort,,2026-09-21,airportwebcams.net,site updated 15-September-2026,Moldova
EK-FOG,,FLYONE Armenia,Airbus A320,Sil Capital (sticker),decal,,active,best-effort,,2026-09-21,airportwebcams.net,site updated 15-September-2026,Armenia
ER-00017,,FLYONE Armenia,Airbus A321,Sil Capital (sticker),decal,,active,best-effort,,2026-09-21,airportwebcams.net,site updated 15-September-2026,Armenia
ZS-DMI,,FlySafair,Boeing 737-400,Springboks rugby union team,livery,,active,best-effort,,2026-09-21,airportwebcams.net,site updated 15-September-2026,South Africa
ZS-FGC,,FlySafair,Boeing 737-800,10 Years (sticker),decal,,active,best-effort,,2026-09-21,airportwebcams.net,site updated 15-September-2026,South Africa
ZS-FGZ,,FlySafair,Boeing 737-800,Springboks rugby union team,livery,,active,best-effort,,2026-09-21,airportwebcams.net,site updated 15-September-2026,South Africa
ZS-SJU,,FlySafair,Boeing 737-800,Springboks rugby union team,livery,,active,best-effort,,2026-09-21,airportwebcams.net,site updated 15-September-2026,South Africa
ZS-ZWO,,FlySafair,Boeing 737-800,Springboks rugby union team,livery,,active,best-effort,,2026-09-21,airportwebcams.net,site updated 15-September-2026,South Africa
ZS-ZWV,,FlySafair,Boeing 737-800,Proteas Domestic Carrier (sticker),decal,,active,best-effort,,2026-09-21,airportwebcams.net,site updated 15-September-2026,South Africa
TC-FBO,,Freebird Airlines,Airbus A320,25 Years in the Skies (sticker),decal,,active,best-effort,,2026-09-21,airportwebcams.net,site updated 15-September-2026,Turkey
TC-FBV,,Freebird Airlines,Airbus A320,25 Years in the Skies (sticker),decal,,active,best-effort,,2026-09-21,airportwebcams.net,site updated 15-September-2026,Turkey
TC-FHC,,Freebird Airlines,Airbus A320,25 Years in the Skies (sticker),decal,,active,best-effort,,2026-09-21,airportwebcams.net,site updated 15-September-2026,Turkey
TC-FHF,,Freebird Airlines,Airbus A320,Republic of Turkey 100th Anniversary / 25 Years in the Skies (stickers),livery,,active,best-effort,,2026-09-21,airportwebcams.net,site updated 15-September-2026,Turkey
TC-FHG,,Freebird Airlines,Airbus A320,25 Years in the Skies (sticker),decal,,active,best-effort,,2026-09-21,airportwebcams.net,site updated 15-September-2026,Turkey
TC-FHL,,Freebird Airlines,Airbus A320,25 Years in the Skies (sticker),decal,,active,best-effort,,2026-09-21,airportwebcams.net,site updated 15-September-2026,Turkey
TC-FHM,,Freebird Airlines,Airbus A320,25 Years in the Skies (sticker),decal,,active,best-effort,,2026-09-21,airportwebcams.net,site updated 15-September-2026,Turkey
TC-FHN,,Freebird Airlines,Airbus A320,25 Years in the Skies (sticker),decal,,active,best-effort,,2026-09-21,airportwebcams.net,site updated 15-September-2026,Turkey
TC-FHP,,Freebird Airlines,Airbus A320,25 Years in the Skies (sticker),decal,,active,best-effort,,2026-09-21,airportwebcams.net,site updated 15-September-2026,Turkey
TC-FHZ,,Freebird Airlines,Airbus A320,25 Years in the Skies (sticker),decal,,active,best-effort,,2026-09-21,airportwebcams.net,site updated 15-September-2026,Turkey
N603FR,,Frontier Airlines,A21N,America's Greenest Airline (Frederick the Bald Eagle),livery,,unverified,best-effort,2022-09,2026-09-21,https://worldairlinenews.com/2022/09/21/frontier-airlines-celebrates-its-americas-greenest-airline-title-with-a-special-livery-on-its-first-airbus-a321neo/,,USA
N604FR,,Frontier Airlines,Airbus A321neo,America's Green Airline,livery,,active,best-effort,,2026-09-21,airportwebcams.net,site updated 15-September-2026,USA
N605FR,,Frontier Airlines,Airbus A321neo,America's Green Airline,livery,,active,best-effort,,2026-09-21,airportwebcams.net,site updated 15-September-2026,USA
JA03FJ,,Fuji Dream Airlines,Embraer ERJ170,Chibi Maruko Chan Land (sticker),decal,,active,best-effort,,2026-09-21,airportwebcams.net,site updated 15-September-2026,Japan
JA05FJ,,Fuji Dream Airlines,Embraer ERJ170,Have A Nice Trip! (sticker),decal,,active,best-effort,,2026-09-21,airportwebcams.net,site updated 15-September-2026,Japan
JA07FJ,,Fuji Dream Airlines,Embraer ERJ175,Shimanekko (sticker),decal,,active,best-effort,,2026-09-21,airportwebcams.net,site updated 15-September-2026,Japan
JA09FJ,,Fuji Dream Airlines,Embraer ERJ170,Iwate Prefecture / Sachiko Iwate (sticker),decal,,active,best-effort,,2026-09-21,airportwebcams.net,site updated 15-September-2026,Japan
JA11FJ,,Fuji Dream Airlines,Embraer ERJ175,Matsumoto City 'Alp Chan' (Sticker),decal,,active,best-effort,,2026-09-21,airportwebcams.net,site updated 15-September-2026,Japan
JA13FJ,,Fuji Dream Airlines,Embraer ERJ175,Jupiter Hagoromo 6 (sticker),decal,,active,best-effort,,2026-09-21,airportwebcams.net,site updated 15-September-2026,Japan
JA16FJ,,Fuji Dream Airlines,Embraer ERJ170,Yupiteru Lei Kirishima (sticker),decal,,active,best-effort,,2026-09-21,airportwebcams.net,site updated 15-September-2026,Japan
PK-GFM,,Garuda Indonesia,Boeing 737-800,Garuda Retro,retro,,active,best-effort,,2026-09-21,airportwebcams.net,site updated 15-September-2026,Indonesia
PK-GFQ,,Garuda Indonesia,Boeing 737-800,Ayo Pakai Masker (Wear Masks),livery,,active,best-effort,,2026-09-21,airportwebcams.net,site updated 15-September-2026,Indonesia
PK-GFR,,Garuda Indonesia,Boeing 737-800,81 Years of Indonesian Independence (sticker),decal,,active,best-effort,,2026-09-21,airportwebcams.net,site updated 15-September-2026,Indonesia
PK-GFU,,Garuda Indonesia,Boeing 737-800,81 Years of Indonesian Independence,livery,,active,best-effort,,2026-09-21,airportwebcams.net,site updated 15-September-2026,Indonesia
PK-GFW,,Garuda Indonesia,Boeing 737-800,Indonesia Moto GP (sticker),decal,,active,best-effort,,2026-09-21,airportwebcams.net,site updated 15-September-2026,Indonesia
PK-GFX,,Garuda Indonesia,Boeing 737-800,From Nature To Future - Sustainable Aviation Fuel,livery,,active,best-effort,,2026-09-21,airportwebcams.net,site updated 15-September-2026,Indonesia
PK-GHC,,Garuda Indonesia,Airbus A330-300,Ayo Pakai Masker (Wear Masks),livery,,active,best-effort,,2026-09-21,airportwebcams.net,site updated 15-September-2026,Indonesia
PK-GHD,,Garuda Indonesia,Airbus A330-300,1969 Retro,retro,,active,best-effort,,2026-09-21,airportwebcams.net,site updated 15-September-2026,Indonesia
PK-GHF,,Garuda Indonesia,Airbus A330-900,81 Years of Indonesian Independence (sticker),decal,,active,best-effort,,2026-09-21,airportwebcams.net,site updated 15-September-2026,Indonesia
PK-GHG,,Garuda Indonesia,Airbus A330-900neo,Ayo Pakai Masker (Wear Masks),livery,,active,best-effort,,2026-09-21,airportwebcams.net,site updated 15-September-2026,Indonesia
PK-GIA,,Garuda Indonesia,Boeing 777-300ER,81 Years of Indonesian Independence (sticker),decal,,active,best-effort,,2026-09-21,airportwebcams.net,site updated 15-September-2026; flagged NEW by site,Indonesia
PK-GIC,,Garuda Indonesia,Boeing 777-300ER,81 Years of Indonesian Independence (sticker),decal,,active,best-effort,,2026-09-21,airportwebcams.net,site updated 15-September-2026,Indonesia
PK-GII,,Garuda Indonesia,Boeing 777-300ER,SkyTeam,alliance,,active,best-effort,,2026-09-21,airportwebcams.net,site updated 15-September-2026,Indonesia
PK-GIJ,,Garuda Indonesia,Boeing 777-300ER,Ayo Pakai Masker (Wear Masks),livery,,active,best-effort,,2026-09-21,airportwebcams.net,site updated 15-September-2026,Indonesia
PK-GIK,,Garuda Indonesia,Boeing 777-300ER,1969 Retro,retro,,active,best-effort,,2026-09-21,airportwebcams.net,site updated 15-September-2026,Indonesia
PK-GMC,,Garuda Indonesia,Boeing 737-800,81 Years of Indonesian Independence (sticker),decal,,active,best-effort,,2026-09-21,airportwebcams.net,site updated 15-September-2026,Indonesia
PK-GMM,,Garuda Indonesia,Boeing 737-800,81 Years of Indonesian Independence (sticker),decal,,active,best-effort,,2026-09-21,airportwebcams.net,site updated 15-September-2026,Indonesia
PK-GMU,,Garuda Indonesia,Boeing 737-800,Pikachu Jet GA-1,livery,,active,best-effort,,2026-09-21,airportwebcams.net,site updated 15-September-2026,Indonesia
PK-GMV,,Garuda Indonesia,Boeing 737-800,Bangga Produk Indonesia (sticker),decal,,active,best-effort,,2026-09-21,airportwebcams.net,site updated 15-September-2026,Indonesia
PK-GNE,,Garuda Indonesia,Boeing 737-800,81 Years of Indonesian Independence (sticker),decal,,active,best-effort,,2026-09-21,airportwebcams.net,site updated 15-September-2026,Indonesia
PK-GNN,,Garuda Indonesia,Boeing 737-800,Pocari Sweat sports drink,livery,,active,best-effort,,2026-09-21,airportwebcams.net,site updated 15-September-2026,Indonesia
PK-GNQ,,Garuda Indonesia,Boeing 737-800,UOB Card (sticker),decal,,active,best-effort,,2026-09-21,airportwebcams.net,site updated 15-September-2026,Indonesia
PK-GNR,,Garuda Indonesia,Boeing 737-800,81 Years of Indonesian Independence (sticker),decal,,active,best-effort,,2026-09-21,airportwebcams.net,site updated 15-September-2026; flagged NEW by site,Indonesia
PK-GPA,,Garuda Indonesia,Airbus A330F (temporary),Cargo (sticker),decal,,active,best-effort,,2026-09-21,airportwebcams.net,site updated 15-September-2026,Indonesia
PK-GPD,,Garuda Indonesia,Airbus A330F (temporary),Cargo (sticker),decal,,active,best-effort,,2026-09-21,airportwebcams.net,site updated 15-September-2026,Indonesia
PK-GPX,,Garuda Indonesia,Airbus A330-300,Hana Travelgo Card (sticker),decal,,active,best-effort,,2026-09-21,airportwebcams.net,site updated 15-September-2026,Indonesia
PK-GPY,,Garuda Indonesia,Airbus A330-300,Pokemon Pikachu Jet,livery,,active,best-effort,,2026-09-21,airportwebcams.net,site updated 15-September-2026,Indonesia
PK-GPZ,,Garuda Indonesia,Airbus A330-300,Kembara Angkasa - 74th Anniversary,livery,,active,best-effort,,2026-09-21,airportwebcams.net,site updated 15-September-2026,Indonesia
PK-GUA,,Garuda Indonesia,Boeing 737-800,81 Years of Indonesian Independence (sticker),decal,,active,best-effort,,2026-09-21,airportwebcams.net,site updated 15-September-2026,Indonesia
PK-GUF,,Garuda Indonesia,Boeing 737-800,81 Years of Indonesian Independence (sticker),decal,,active,best-effort,,2026-09-21,airportwebcams.net,site updated 15-September-2026; flagged NEW by site,Indonesia
PK-GUG,,Garuda Indonesia,Boeing 737-800,Tahilalats Sky Explorer,livery,,active,best-effort,,2026-09-21,airportwebcams.net,site updated 15-September-2026,Indonesia
PK-GUH,,Garuda Indonesia,Boeing 737-800,81 Years of Indonesian Independence (sticker),decal,,active,best-effort,,2026-09-21,airportwebcams.net,site updated 15-September-2026,Indonesia
PK-GIF,,Garuda Indonesia / Indonesia Govt.,Boeing 777-300ER,1969-1985 Retro,retro,,active,best-effort,,2026-09-21,airportwebcams.net,site updated 15-September-2026,Indonesia
PK-GIG,,Garuda Indonesia / Indonesia Govt.,Boeing 777-300ER,1969-1985 Retro,retro,,active,best-effort,,2026-09-21,airportwebcams.net,site updated 15-September-2026,Indonesia
B-602W,,Genghis Khan Airlines,COMAC C909,Bank of Inner Mongolia,livery,,active,best-effort,,2026-09-21,airportwebcams.net,site updated 15-September-2026,China
B-606C,,Genghis Khan Airlines,COMAC ARJ21-700,Inner Mongolia Rural Credit Cooperative,livery,,active,best-effort,,2026-09-21,airportwebcams.net,site updated 15-September-2026,China
4L-GEL,,Geosky,Boeing 767-300ER(BCF),Eurasia International Group (sticker),decal,,active,best-effort,,2026-09-21,airportwebcams.net,site updated 15-September-2026,Georgia
D-ACJJ,,German Airways,Embraer ERJ190LR,Herpa Miniaturmodelle 75 Years,livery,,active,best-effort,,2026-09-21,airportwebcams.net,site updated 15-September-2026,Germany
D-AMWO,,German Airways,Embraer ERJ190AR,Deutsche Tourenwagen Masters sports car racing (sticker),decal,,active,best-effort,,2026-09-21,airportwebcams.net,site updated 15-September-2026,Germany
N282GX,,GlobalX Air,Airbus A320,Top Flight Air Charter (sticker),decal,,active,best-effort,,2026-09-21,airportwebcams.net,site updated 15-September-2026,USA
N278GX,,GlobalX Airlines,Airbus A320,Blue,livery,,active,best-effort,,2026-09-21,airportwebcams.net,site updated 15-September-2026,USA
N281GX,,GlobalX Airlines,Airbus A320,Top Flight Air Charters (sticker),decal,,active,best-effort,,2026-09-21,airportwebcams.net,site updated 15-September-2026,USA
N628VA,,GlobalX Airlines,Airbus A320,Top Flight Air Charters (stickers),livery,,active,best-effort,,2026-09-21,airportwebcams.net,site updated 15-September-2026,USA
N630VA,,GlobalX Airlines,Airbus A320,Top Flight Air Charters (sticker),decal,,active,best-effort,,2026-09-21,airportwebcams.net,site updated 15-September-2026,USA
N837VA,,GlobalX Airlines,Airbus A320,Retro,retro,,active,best-effort,,2026-09-21,airportwebcams.net,site updated 15-September-2026,USA
PR-GEH,,GOL Transportes Aereos,Boeing 737-700,Visite o Parana - Foz do Iguacu (sticker),decal,,active,best-effort,,2026-09-21,airportwebcams.net,site updated 15-September-2026,Brazil
PR-GGE,,GOL Transportes Aereos,Boeing 737-800,Visite o Parana / Conheca o Brasil Voando (sticker),decal,,active,best-effort,,2026-09-21,airportwebcams.net,site updated 15-September-2026,Brazil
PR-GTE,,GOL Transportes Aereos,Boeing 737-800,A TV ao vivo embarca com voce (sticker),decal,,active,best-effort,,2026-09-21,airportwebcams.net,site updated 15-September-2026,Brazil
PR-GTG,,GOL Transportes Aereos,Boeing 737-800,Morro do Careca / Conheca o Brasil Voando (sticker),decal,,active,best-effort,,2026-09-21,airportwebcams.net,site updated 15-September-2026,Brazil
PR-GUH,,GOL Transportes Aereos,Boeing 737-800,Espirito Santo / Conheca o Brasil Voando (stickers),livery,,active,best-effort,,2026-09-21,airportwebcams.net,site updated 15-September-2026,Brazil
PR-GUM,,GOL Transportes Aereos,Boeing 737-800,Brazil Football,livery,,active,best-effort,,2026-09-21,airportwebcams.net,site updated 15-September-2026,Brazil
PR-GUX,,GOL Transportes Aereos,Boeing 737-800,25 Anos (sticker),decal,,active,best-effort,,2026-09-21,airportwebcams.net,site updated 15-September-2026,Brazil
PR-GXI,,GOL Transportes Aereos,Boeing 737-800,Smiles,livery,,active,best-effort,,2026-09-21,airportwebcams.net,site updated 15-September-2026,Brazil
PR-GXN,,GOL Transportes Aereos,Boeing 737-800,Clube Smiles,livery,,active,best-effort,,2026-09-21,airportwebcams.net,site updated 15-September-2026,Brazil
PR-GXP,,GOL Transportes Aereos,Boeing 737-800,Shopping Smiles,livery,,active,best-effort,,2026-09-21,airportwebcams.net,site updated 15-September-2026,Brazil
PR-GXR,,GOL Transportes Aereos,Boeing 737-800,Santos Dumont 150 Years,livery,,active,best-effort,,2026-09-21,airportwebcams.net,site updated 15-September-2026,Brazil
PR-GXV,,GOL Transportes Aereos,Boeing 737-800,GOL Smiles,livery,,active,best-effort,,2026-09-21,airportwebcams.net,site updated 15-September-2026,Brazil
PS-GPR,,GOL Transportes Aereos,Boeing 737 MAX 8,Fernando de Noronha / Conheca o Brasil Voando (sticker),decal,,active,best-effort,,2026-09-21,airportwebcams.net,site updated 15-September-2026,Brazil
B-KJB,,Greater Bay Airlines,Boeing 737-800,Greater Bay Area (sticker),decal,,active,best-effort,,2026-09-21,airportwebcams.net,site updated 15-September-2026,China/Hong Kong
B-KJD,,Greater Bay Airlines,Boeing 737-800,Greater Bay Area (sticker),decal,,active,best-effort,,2026-09-21,airportwebcams.net,site updated 15-September-2026,China/Hong Kong
A9C-AD,,Gulf Air,Airbus A320,Bahrain Airshow,livery,,active,best-effort,,2026-09-21,airportwebcams.net,site updated 15-September-2026,Bahrain
A9C-FG,,Gulf Air,Boeing 787-9,1976 Retro,retro,,active,best-effort,,2026-09-21,airportwebcams.net,site updated 15-September-2026,Bahrain
A9C-NB,,Gulf Air,Airbus A321neo,1976 Retro,retro,,active,best-effort,,2026-09-21,airportwebcams.net,site updated 15-September-2026,Bahrain
A9C-NH,,Gulf Air,Airbus A321neo,25 Years HM King Hamad Al Khalifa Reign (sticker),decal,,active,best-effort,,2026-09-21,airportwebcams.net,site updated 15-September-2026,Bahrain
A9C-TB,,Gulf Air,Airbus A320neo,25 Years HM King Hamad Al Khalifa Reign (sticker),decal,,active,best-effort,,2026-09-21,airportwebcams.net,site updated 15-September-2026,Bahrain
A9C-TC,,Gulf Air,Airbus A320neo,25 Years HM King Hamad Al Khalifa Reign (sticker),decal,,active,best-effort,,2026-09-21,airportwebcams.net,site updated 15-September-2026,Bahrain
A9C-XA,,Gulf Air,Airbus A321neo,1976 Retro,retro,,active,best-effort,,2026-09-21,airportwebcams.net,site updated 15-September-2026,Bahrain
A9C-XE,,Gulf Air,Airbus A321neo,25 Years HM King Hamad Al Khalifa Reign (sticker),decal,,active,best-effort,,2026-09-21,airportwebcams.net,site updated 15-September-2026,Bahrain
B-8511,,GX Airlines,Airbus A320,Cultural Jining (sticker),decal,,active,best-effort,,2026-09-21,airportwebcams.net,site updated 15-September-2026,China
B-8733,,GX Airlines,Airbus A320,Cultural Jining (sticker),decal,,active,best-effort,,2026-09-21,airportwebcams.net,site updated 15-September-2026,China
B-1540,,Hainan Airines,Boeing 787-9,Hainan Free Trade Port,livery,,active,best-effort,,2026-09-21,airportwebcams.net,site updated 15-September-2026,China
B-1130,,Hainan Airlines,Boeing 737-800,2026 Asian Beach Games (sticker),decal,,active,best-effort,,2026-09-21,airportwebcams.net,site updated 15-September-2026,China
B-1131,,Hainan Airlines,Boeing 737-800,Mixue Ice Cream,livery,,active,best-effort,,2026-09-21,airportwebcams.net,site updated 15-September-2026,China
B-1141,,Hainan Airlines,Boeing 737-800,Mixue Ice Cream,livery,,active,best-effort,,2026-09-21,airportwebcams.net,site updated 15-September-2026,China
B-1343,,Hainan Airlines,Boeing 787-9,5-Star Airlines Skytrax (sticker),decal,,active,best-effort,,2026-09-21,airportwebcams.net,site updated 15-September-2026,China
B-1499,,Hainan Airlines,Boeing 787-9,Intercontinental Hotel Group,livery,,active,best-effort,,2026-09-21,airportwebcams.net,site updated 15-September-2026,China
B-32MU,,Hainan Airlines,Airbus A330-900,SPDB Leasing (sticker),decal,,active,best-effort,,2026-09-21,airportwebcams.net,site updated 15-September-2026,China
B-6063,,Hainan Airlines,Boeing 737-800,Hainan Free Trade Port,livery,,active,best-effort,,2026-09-21,airportwebcams.net,site updated 15-September-2026,China
B-6520,,Hainan Airlines,Airbus A330-300,2026 Asian Beach Games (sticker),decal,,active,best-effort,,2026-09-21,airportwebcams.net,site updated 15-September-2026,China
B-6998,,Hainan Airlines,Boeing 787-9,Red (ex-Kung Fu Panda),livery,,active,best-effort,,2026-09-21,airportwebcams.net,site updated 15-September-2026,China
C-FDYL,,Harbour Air,DHC-6 Twin Otter,Canadian Flag,livery,,active,best-effort,,2026-09-21,airportwebcams.net,site updated 15-September-2026,Canada
N227HA,,Hawaiian Airlines,Airbus A321neo,'Disney's Moana' movie,livery,,active,best-effort,,2026-09-21,airportwebcams.net,site updated 15-September-2026,USA
N375HA,,Hawaiian Airlines,Airbus A330-200,Oneworld / Aloha a puni ka honua (sticker),alliance,,active,best-effort,,2026-09-21,airportwebcams.net,site updated 15-September-2026,USA
N381HA,,Hawaiian Airlines,Airbus A330-200,'Disney's Moana' movie,livery,,active,best-effort,,2026-09-21,airportwebcams.net,site updated 15-September-2026,USA
N479HA,,Hawaiian Airlines,Boeing 717,'Disney's Moana' movie,livery,,active,best-effort,,2026-09-21,airportwebcams.net,site updated 15-September-2026,USA
B-1328,,Hebei Airlines,Boeing 737-800,Enjoy Hebei (sticker),decal,,active,best-effort,,2026-09-21,airportwebcams.net,site updated 15-September-2026,China
B-1366,,Hebei Airlines,Boeing 737-800,Enjoy Hebei (sticker),decal,,active,best-effort,,2026-09-21,airportwebcams.net,site updated 15-September-2026,China
B-1446,,Hebei Airlines,Boeing 737-800,Enjoy Hebei / 20th Boeing 737 (stickers),livery,,active,best-effort,,2026-09-21,airportwebcams.net,site updated 15-September-2026,China
B-1447,,Hebei Airlines,Boeing 737-800,Enjoy Hebei (sticker),decal,,active,best-effort,,2026-09-21,airportwebcams.net,site updated 15-September-2026,China
B-1930,,Hebei Airlines,Boeing 737-800,Hebei,livery,,active,best-effort,,2026-09-21,airportwebcams.net,site updated 15-September-2026,China
B-5601,,Hebei Airlines,Boeing 737-800,Zhengding,livery,,active,best-effort,,2026-09-21,airportwebcams.net,site updated 15-September-2026,China
B-5753,,Hebei Airlines,Boeing 737-800,Enjoy Hebei (sticker),decal,,active,best-effort,,2026-09-21,airportwebcams.net,site updated 15-September-2026,China
B-5790,,Hebei Airlines,Boeing 737-800,Visit Shijiazhuang,livery,,active,best-effort,,2026-09-21,airportwebcams.net,site updated 15-September-2026,China
YR-HLA,,HelloJets,Boeing 737-800,Blue Style (sticker),decal,,active,best-effort,,2026-09-21,airportwebcams.net,site updated 15-September-2026,Romania
YR-HLB,,HelloJets,Boeing 737-800,Blue Style (sticker),decal,,active,best-effort,,2026-09-21,airportwebcams.net,site updated 15-September-2026,Romania
YR-HLC,,HelloJets,Boeing 737-800,Blue Style (sticker),decal,,active,best-effort,,2026-09-21,airportwebcams.net,site updated 15-September-2026,Romania
HB-AZE,,Helvetic Airways,Embraer E190-E2,1600th E-Jet,livery,,active,best-effort,,2026-09-21,airportwebcams.net,site updated 15-September-2026,Switzerland
LY-MAF,,Heston Airlines,Airbus A320,Wingsafe (sticker),decal,,active,best-effort,,2026-09-21,airportwebcams.net,site updated 15-September-2026,Lithuania
JA11HC,,Hokkaido Air System,ATR 42-600,Nature of Hokkaido,livery,,active,best-effort,,2026-09-21,airportwebcams.net,site updated 15-September-2026,Japan
JA13HC,,Hokkaido Air System,ATR 42-600,Oneworld,alliance,,active,best-effort,,2026-09-21,airportwebcams.net,site updated 15-September-2026,Japan
JA14HC,,Hokkaido Air System,ATR 42-600,ecoProp (sticker),decal,,active,best-effort,,2026-09-21,airportwebcams.net,site updated 15-September-2026,Japan
B-LHR,,Hong Kong Airlines,Airbus A330-300,Ta Kung Pao,livery,,active,best-effort,,2026-09-21,airportwebcams.net,site updated 15-September-2026,China/Hong kong
B-LPP,,Hong Kong Airlines,Airbus A320,Ocean Park Panda Friends,livery,,active,best-effort,,2026-09-21,airportwebcams.net,site updated 15-September-2026,China/Hong Kong
B-KKE,,Hong Kong Express,Airbus A321neo,AXA (sticker),decal,,active,best-effort,,2026-09-21,airportwebcams.net,site updated 15-September-2026,China/Hong Kong
RA-73687,,I-Fly,Airbus A330-200,Visit Sanya (sticker),decal,,active,best-effort,,2026-09-21,airportwebcams.net,site updated 15-September-2026,Russia
EC-JZM,,Iberia,Airbus A321,Cantabria Infinita (sticker),decal,,active,best-effort,,2026-09-21,airportwebcams.net,site updated 15-September-2026,Spain
EC-KHM,,Iberia,Airbus A319,Oneworld,alliance,,active,best-effort,,2026-09-21,airportwebcams.net,site updated 15-September-2026,Spain
EC-MCS,,Iberia,Airbus A320,Descubre Puerto Rico (sticker),decal,,active,best-effort,,2026-09-21,airportwebcams.net,site updated 15-September-2026,Spain
EC-MYA,,Iberia,Airbus A330-200,Oneworld,alliance,,active,best-effort,,2026-09-21,airportwebcams.net,site updated 15-September-2026,Spain
EC-MYX,,Iberia,Airbus A350-900,FIFA Football World Cup 2026,livery,,active,best-effort,,2026-09-21,airportwebcams.net,site updated 15-September-2026,Spain
EC-NFZ,,Iberia,Airbus A320neo,Oneworld,alliance,,active,best-effort,,2026-09-21,airportwebcams.net,site updated 15-September-2026,Spain
EC-NJY,,Iberia,Airbus A320neo,Disneyland Paris,livery,,active,best-effort,,2026-09-21,airportwebcams.net,site updated 15-September-2026,Spain
EC-OES,,Iberia,Airbus A350-900,Centenario de los Grandes Vuelos de la Aviacion Espanola (sticker),decal,,active,best-effort,,2026-09-21,airportwebcams.net,site updated 15-September-2026,Spain
EC-NIA,,Iberia Express,Airbus A321neo,Lanzarote. A unique Island (sticker),decal,,active,best-effort,,2026-09-21,airportwebcams.net,site updated 15-September-2026,Spain
EC-NJI,,Iberia Express,Airbus A321neo,Tenerife despierta emociones (sticker),decal,,active,best-effort,,2026-09-21,airportwebcams.net,site updated 15-September-2026,Spain
EC-NUD,,Iberia Express,Airbus A321neo,Madrid Excelente (sticker),decal,,active,best-effort,,2026-09-21,airportwebcams.net,site updated 15-September-2026,Spain
EC-OAS,,Iberia Express,Airbus A321neo,Cirium 2023 Winner (sticker),decal,,active,best-effort,,2026-09-21,airportwebcams.net,site updated 15-September-2026,Spain
EC-LJX,,Iberia Regional,Bombardier CRJ1000,Destino Castellón (sticker),decal,,active,best-effort,,2026-09-21,airportwebcams.net,site updated 15-September-2026,Spain
EC-LRH,,Iberia Regional,ATR 72-600,Andorra (sticker),decal,,active,best-effort,,2026-09-21,airportwebcams.net,site updated 15-September-2026,Spain
EC-MJO,,Iberia Regional,Bombardier CRJ1000,Reserva La Rioja (sticker),decal,,active,best-effort,,2026-09-21,airportwebcams.net,site updated 15-September-2026,Spain
EC-MJP,,Iberia Regional,Bombardier CRJ1000,Cantabria Infinita (sticker),decal,,active,best-effort,,2026-09-21,airportwebcams.net,site updated 15-September-2026,Spain
EC-MJQ,,Iberia Regional,Bombardier CRJ1000,La Rioja (sticker),decal,,active,best-effort,,2026-09-21,airportwebcams.net,site updated 15-September-2026,Spain
EC-MLO,,Iberia Regional,Bombardier CRJ1000,Thank you for the help - Valencia floods 2024 (sticker),decal,,active,best-effort,,2026-09-21,airportwebcams.net,site updated 15-September-2026,Spain
EC-MQQ,,Iberia Regional,Bombardier CRJ1000,Are Lleida (sticker),decal,,active,best-effort,,2026-09-21,airportwebcams.net,site updated 15-September-2026,Spain
EC-MSB,,Iberia Regional,Bombardier CRJ1000,100 milliones de pasajeros (sticker),decal,,active,best-effort,,2026-09-21,airportwebcams.net,site updated 15-September-2026,Spain
EC-MSL,,Iberia Regional,Bombardier CRJ1000,Destino Castellon (sticker),decal,,active,best-effort,,2026-09-21,airportwebcams.net,site updated 15-September-2026,Spain
EC-MTO,,Iberia Regional,Bombardier CRJ1000,Bettina Kadner (sticker),decal,,active,best-effort,,2026-09-21,airportwebcams.net,site updated 15-September-2026,Spain
EC-MTZ,,Iberia Regional,Bombardier CRJ1000,Reserva La Rioja (sticker),decal,,active,best-effort,,2026-09-21,airportwebcams.net,site updated 15-September-2026,Spain
EC-MVC,,Iberia Regional,Bombardier CRJ1000,Destino Castellon (sticker),decal,,active,best-effort,,2026-09-21,airportwebcams.net,site updated 15-September-2026,Spain
EC-MVZ,,Iberia Regional,Bombardier CRJ1000,Reserva La Rioja (sticker),decal,,active,best-effort,,2026-09-21,airportwebcams.net,site updated 15-September-2026,Spain
EC-NHU,,Iberia Regional,Bombardier CRJ200,Destino Castellon (sticker),decal,,active,best-effort,,2026-09-21,airportwebcams.net,site updated 15-September-2026,Spain
EC-NLM,,Iberia Regional,Bombardier CRJ200,Destino Castellon (sticker),decal,,active,best-effort,,2026-09-21,airportwebcams.net,site updated 15-September-2026,Spain
EC-OOQ,,Iberia Regional,Bombardier CRJ1000,La Rioja (sticker),decal,,active,best-effort,,2026-09-21,airportwebcams.net,site updated 15-September-2026,Spain
EC-MII,,Iberojet,Airbus A330-300,10 Years (sticker),decal,,active,best-effort,,2026-09-21,airportwebcams.net,site updated 15-September-2026,Spain
EC-NBO,,Iberojet,Airbus A350-900,10 Years (sticker),decal,,active,best-effort,,2026-09-21,airportwebcams.net,site updated 15-September-2026,Spain
JA07RJ,,Ibex Airlines,Bombardier CRJ700,Rakuten Eagles (sticker),decal,,active,best-effort,,2026-09-21,airportwebcams.net,site updated 15-September-2026,Japan
JA10RJ,,Ibex Airlines,Bombardier CRJ700ER,Vegalta Sendai football team,livery,,active,best-effort,,2026-09-21,airportwebcams.net,site updated 15-September-2026,Japan
TF-FIA,,Icelandair,Boeing 757-200,Loftleidir Icelandic,livery,,active,best-effort,,2026-09-21,airportwebcams.net,site updated 15-September-2026,Iceland
TF-LLL,,Icelandair,Boeing 757-200,National Geographic,livery,,active,best-effort,,2026-09-21,airportwebcams.net,site updated 15-September-2026,Iceland
VT-ICH,,IndiGo,Airbus A321neo,IndiGo Means Business (sticker),decal,,active,best-effort,,2026-09-21,airportwebcams.net,site updated 15-September-2026,India
VT-ICM,,IndiGo,Airbus A321neo,IndiGo Means Business (sticker),decal,,active,best-effort,,2026-09-21,airportwebcams.net,site updated 15-September-2026,India
VT-IWQ,,IndiGo,Airbus A321neo,IndiGo Means Business (sticker),decal,,active,best-effort,,2026-09-21,airportwebcams.net,site updated 15-September-2026,India
VT-NCS,,IndiGo,Airbus A321neo,IndiGo Means Business (sticker),decal,,active,best-effort,,2026-09-21,airportwebcams.net,site updated 15-September-2026,India
PK-AZN,,Indonesia AirAsia,Airbus A320,"Connecting Labuan Bajo to The World / Wonderful Indonesia"" (sticker)",decal,,active,best-effort,,2026-09-21,airportwebcams.net,site updated 15-September-2026,Indonesia
PK-AZS,,Indonesia AirAsia,Airbus A320,Sustainable ASEAN Tourism,livery,,active,best-effort,,2026-09-21,airportwebcams.net,site updated 15-September-2026,Indonesia
PK-AZU,,Indonesia AirAsia,Airbus A320,AirAsia Mobile App,livery,,active,best-effort,,2026-09-21,airportwebcams.net,site updated 15-September-2026,Indonesia
VQ-TBB,,interCaribbean Airways,ATR 42-500,Barbados Tourism,livery,,active,best-effort,,2026-09-21,airportwebcams.net,site updated 15-September-2026,Turks & Caicos Islands
VQ-TCI,,interCaribbean Airways,Embraer ERJ170,Turks & Caicos Tourism,livery,,active,best-effort,,2026-09-21,airportwebcams.net,site updated 15-September-2026,Turks & Caicos Islands
VQ-TGD,,interCaribbean Airways,ATR 42-500,Grenada Tourism,livery,,active,best-effort,,2026-09-21,airportwebcams.net,site updated 15-September-2026,Turks & Caicos Islands
VQ-TGY,,interCaribbean Airways,ATR 42-500,Guyana Tourism,livery,,active,best-effort,,2026-09-21,airportwebcams.net,site updated 15-September-2026,Turks & Caicos Islands
VQ-TKN,,interCaribbean Airways,ATR 42-500,Spirit of St Kitts & Nevis,livery,,active,best-effort,,2026-09-21,airportwebcams.net,site updated 15-September-2026,Turks & Caicos Islands
VQ-TVC,,interCaribbean Airways,ATR 42-500,St Vincent & The Grenadines Tourism,livery,,active,best-effort,,2026-09-21,airportwebcams.net,site updated 15-September-2026,Turks & Caicos Islands
RA-73699,,IrAero,Airbus A319,Betera Super League (sticker),decal,,active,best-effort,,2026-09-21,airportwebcams.net,site updated 15-September-2026,Russia
EP-ITA,,Iran Air,ATR 72-600,Nowruz/Persian New Year (sticker),decal,,active,best-effort,,2026-09-21,airportwebcams.net,site updated 15-September-2026,Iran
4X-ABT,,IsrAir Airlines,Airbus A320,SkiDeal (sticker),decal,,active,best-effort,,2026-09-21,airportwebcams.net,site updated 15-September-2026,Israel
EI-DSY,,ITA Airways,Airbus A320,2026 Milano-Cortina Winter Olympics,livery,,active,best-effort,,2026-09-21,airportwebcams.net,site updated 15-September-2026,Italy
EI-EIB,,ITA Airways,Airbus A320,Star Alliance,alliance,,active,best-effort,,2026-09-21,airportwebcams.net,site updated 15-September-2026,Italy
EI-EIE,,ITA Airways,Airbus A320,2026 Winter Olympics / Milano Cortina 2026 (sticker),decal,,active,best-effort,,2026-09-21,airportwebcams.net,site updated 15-September-2026,Italy
EI-HOI,,ITA Airways,Airbus A320neo,2026 Winter Olympics / Milano Cortina 2026 (sticker),decal,,active,best-effort,,2026-09-21,airportwebcams.net,site updated 15-September-2026,Italy
EI-HXB,,ITA Airways,Airbus A321neo,Inspired By Alitalia (sticker),decal,,active,best-effort,,2026-09-21,airportwebcams.net,site updated 15-September-2026,Italy
EI-HXI,,ITA Airways,Airbus A321neo,Star Alliance,alliance,,active,best-effort,,2026-09-21,airportwebcams.net,site updated 15-September-2026; flagged NEW by site,Italy
EI-IFA,,ITA Airways,Airbus A350-900,Inspired By Alitalia (sticker),decal,,active,best-effort,,2026-09-21,airportwebcams.net,site updated 15-September-2026,Italy
EI-IFD,,ITA Airways,Airbus A350-900,Born to be sustainable (sticker),decal,,active,best-effort,,2026-09-21,airportwebcams.net,site updated 15-September-2026,Italy
EI-IMX,,ITA Airways,Airbus A319,160 Years Italian Red Cross (sticker),decal,,active,best-effort,,2026-09-21,airportwebcams.net,site updated 15-September-2026,Italy
EI-MVB,,ITA Airways,Airbus A220-100,Inspired By Alitalia (sticker),decal,,active,best-effort,,2026-09-21,airportwebcams.net,site updated 15-September-2026,Italy
JA228J,,J-Air,Embraer ERJ170,30th Anniversary (sticker),decal,,active,best-effort,,2026-09-21,airportwebcams.net,site updated 15-September-2026,Japan
5Y-JXD,,Jambojet,DHC Dash 8-400,Sea Turtle/Dugong Conservation,livery,,active,best-effort,,2026-09-21,airportwebcams.net,site updated 15-September-2026,Kenya
5Y-JXI,,Jambojet,DHC Dash 8-400,Samsung Galaxy S24,livery,,active,best-effort,,2026-09-21,airportwebcams.net,site updated 15-September-2026,Kenya
JA01JC,,Japan Air Commuter,ATR 42-600,Hibiscus,livery,,active,best-effort,,2026-09-21,airportwebcams.net,site updated 15-September-2026,Japan
JA02JC,,Japan Air Commuter,ATR 42-600,Hibiscus,livery,,active,best-effort,,2026-09-21,airportwebcams.net,site updated 15-September-2026,Japan
JA05JC,,Japan Air Commuter,ATR 42-600,Kounotori,livery,,active,best-effort,,2026-09-21,airportwebcams.net,site updated 15-September-2026,Japan
JA06JC,,Japan Air Commuter,ATR 72-600,ATR 1500th (sticker),decal,,active,best-effort,,2026-09-21,airportwebcams.net,site updated 15-September-2026,Japan
JA11JC,,Japan Air Commuter,ATR 42-600,ecoProp (sticker),decal,,active,best-effort,,2026-09-21,airportwebcams.net,site updated 15-September-2026,Japan
JA01XJ,,Japan Airlines,Airbus A350-900,Airbus A350 (Red),livery,,active,best-effort,,2026-09-21,airportwebcams.net,site updated 15-September-2026,Japan
JA02XJ,,Japan Airlines,Airbus A350-900,Airbus A350 (Silver),livery,,active,best-effort,,2026-09-21,airportwebcams.net,site updated 15-September-2026,Japan
JA03XJ,,Japan Airlines,Airbus A350-900,Airbus A350 (Green),livery,,active,best-effort,,2026-09-21,airportwebcams.net,site updated 15-September-2026,Japan
JA15XJ,,Japan Airlines,Airbus A350-900,Oneworld,alliance,,active,best-effort,,2026-09-21,airportwebcams.net,site updated 15-September-2026,Japan
JA339J,,Japan Airlines,Boeing 737-800,Tokyo DisneySea - Sparkling Jubilee,livery,,active,best-effort,,2026-09-21,airportwebcams.net,site updated 15-September-2026,Japan
JA861J,,Japan Airlines,Boeing 787-9,Oneworld,alliance,,active,best-effort,,2026-09-21,airportwebcams.net,site updated 15-September-2026,Japan
JA868J,,Japan Airlines,Boeing 787-9,Contrail (sticker),decal,,active,best-effort,,2026-09-21,airportwebcams.net,site updated 15-September-2026,Japan
JA869J,,Japan Airlines,Boeing 787-9,Oneworld,alliance,,active,best-effort,,2026-09-21,airportwebcams.net,site updated 15-September-2026,Japan
JA05RK,,Japan Transocean Air,Boeing 737-800,Jinbei Jet,livery,,active,best-effort,,2026-09-21,airportwebcams.net,site updated 15-September-2026,Japan
JA06RK,,Japan Transocean Air,Boeing 737-800,Sakura Jimbei,livery,,active,best-effort,,2026-09-21,airportwebcams.net,site updated 15-September-2026,Japan
JA07RK,,Japan Transocean Air,Boeing 737-800,Yui Jinbei,livery,,active,best-effort,,2026-09-21,airportwebcams.net,site updated 15-September-2026,Japan
HL8322,,Jeju Air,Boeing 737-800,ZeroBaseOne boy band,livery,,active,best-effort,,2026-09-21,airportwebcams.net,site updated 15-September-2026,South Korea
N3308J,,JetBlue,Airbus A220-300,Blueprint,livery,,active,best-effort,,2026-09-21,airportwebcams.net,site updated 15-September-2026,USA
N531JL,,JetBlue,Airbus A320,New York City Police Dept.,livery,,active,best-effort,,2026-09-21,airportwebcams.net,site updated 15-September-2026,USA
N537JT,,JetBlue,Airbus A320,JetBlue's first flight from Boston,livery,,active,best-effort,,2026-09-21,airportwebcams.net,site updated 15-September-2026,USA
N561JB,,JetBlue,Airbus A320,Mario & Friends,livery,,active,best-effort,,2026-09-21,airportwebcams.net,site updated 15-September-2026,USA
N586JB,,JetBlue,Airbus A320,I Love NYC,livery,,active,best-effort,,2026-09-21,airportwebcams.net,site updated 15-September-2026,USA
N595JB,,JetBlue,Airbus A320,Boston Celtics basketball team,livery,,active,best-effort,,2026-09-21,airportwebcams.net,site updated 15-September-2026,USA
N598JB,,JetBlue,Airbus A320,Inspiring Humanity,livery,,active,best-effort,,2026-09-21,airportwebcams.net,site updated 15-September-2026,USA
N599JB,,JetBlue,Airbus A320,Dominican Republic,livery,,active,best-effort,,2026-09-21,airportwebcams.net,site updated 15-September-2026,USA
N603JB,,JetBlue,Airbus A320,JetBlue Vacations,livery,,active,best-effort,,2026-09-21,airportwebcams.net,site updated 15-September-2026,USA
N605JB,,JetBlue,Airbus A320,Boston Red Sox baseball team,livery,,active,best-effort,,2026-09-21,airportwebcams.net,site updated 15-September-2026,USA
N615JB,,JetBlue,Airbus A320,New York City Fire Dept.,livery,,active,best-effort,,2026-09-21,airportwebcams.net,site updated 15-September-2026,USA
N623JB,,JetBlue,Airbus A320,JetBlue Vacations,livery,,active,best-effort,,2026-09-21,airportwebcams.net,site updated 15-September-2026,USA
N632JB,,JetBlue,Airbus A320,Boston Bruins NHL team,livery,,active,best-effort,,2026-09-21,airportwebcams.net,site updated 15-September-2026,USA
N633JB,,JetBlue,Airbus A320,Brooklyn Nets basketball team,livery,,active,best-effort,,2026-09-21,airportwebcams.net,site updated 15-September-2026,USA
N643JB,,JetBlue,Airbus A320,Dunkin doughnuts & coffee,livery,,active,best-effort,,2026-09-21,airportwebcams.net,site updated 15-September-2026,USA
N648JB,,JetBlue,Airbus A320,JetBlue Vacations,livery,,active,best-effort,,2026-09-21,airportwebcams.net,site updated 15-September-2026,USA
N657JB,,JetBlue,Airbus A320,Yo Soy Boricua / I Am Puerto Rican,livery,,active,best-effort,,2026-09-21,airportwebcams.net,site updated 15-September-2026,USA
N706JB,,JetBlue,Airbus A320,Peacock,livery,,active,best-effort,,2026-09-21,airportwebcams.net,site updated 15-September-2026,USA
N746JB,,JetBlue,Airbus A320,New York Jets 2025 American football team,livery,,active,best-effort,,2026-09-21,airportwebcams.net,site updated 15-September-2026,USA
N763JB,,JetBlue,Airbus A320,New York International: Vintage,livery,,active,best-effort,,2026-09-21,airportwebcams.net,site updated 15-September-2026,USA
N775JB,,JetBlue,Airbus A320,Vets In Blue (2022) / America250 (sticker),decal,,active,best-effort,,2026-09-21,airportwebcams.net,site updated 15-September-2026,USA
N779JB,,JetBlue,Airbus A320,Bluericua / Puerto Rico,livery,,active,best-effort,,2026-09-21,airportwebcams.net,site updated 15-September-2026,USA
N809JB,,JetBlue,Airbus A320,JetBlue For Good,livery,,active,best-effort,,2026-09-21,airportwebcams.net,site updated 15-September-2026,USA
N970JB,,JetBlue,Airbus A321,Honoring the fly-est crew in the biz,livery,,active,best-effort,,2026-09-21,airportwebcams.net,site updated 15-September-2026,USA
CC-DIY,,JetSMART,Airbus A321neo,50th Aircraft,livery,,active,best-effort,,2026-09-21,airportwebcams.net,site updated 15-September-2026,Chile
CC-AWQ,,JetSMART Colombia,Airbus A320neo,El Jet De Jet (sticker),decal,,active,best-effort,,2026-09-21,airportwebcams.net,site updated 15-September-2026,Colombia
CC-AWX,,JetSMART Colombia,Airbus A320neo,'Spieder Man Un Nuevo Dia' movie (sticker),decal,,active,best-effort,,2026-09-21,airportwebcams.net,site updated 15-September-2026,Colombia
VH-VFY,,Jetstar Airways,Airbus A320,Flying with Pride (sticker),decal,,active,best-effort,,2026-09-21,airportwebcams.net,site updated 15-September-2026,Australia
VH-VGF,,Jetstar Airways,Airbus A320,10th Anniversary/#jetstargeneration,livery,,active,best-effort,,2026-09-21,airportwebcams.net,site updated 15-September-2026,Australia
B-1558,,Jiangxi Air,Boeing 737-800,Runtiancui Mineral Water (sticker),decal,,active,best-effort,,2026-09-21,airportwebcams.net,site updated 15-September-2026,China
B-1966,,Jiangxi Air,Boeing 737-800,Discover Jiangxi (sticker),decal,,active,best-effort,,2026-09-21,airportwebcams.net,site updated 15-September-2026,China
B-5511,,Jiangxi Air,Boeing 737-800,Wugong Mountains (sticker),decal,,active,best-effort,,2026-09-21,airportwebcams.net,site updated 15-September-2026,China
B-5566,,Jiangxi Air,Boeing 737-800,Jiangxi Has Unique Scenery (sticker),decal,,active,best-effort,,2026-09-21,airportwebcams.net,site updated 15-September-2026,China
B-605V,,Jiangxi Air,COMAC ARJ21-700,Jinggang Mountains,livery,,active,best-effort,,2026-09-21,airportwebcams.net,site updated 15-September-2026,China
B-650U,,Jiangxi Air,COMAC ARJ21-700,Nanyang Wolong (sticker),decal,,active,best-effort,,2026-09-21,airportwebcams.net,site updated 15-September-2026,China
B-650X,,Jiangxi Air,COMAC ARJ21-700,Nanchang High-tech Zone (sticker),decal,,active,best-effort,,2026-09-21,airportwebcams.net,site updated 15-September-2026,China
N242JX,,JSX,Embraer ERJ145,Club JSX,livery,,active,best-effort,,2026-09-21,airportwebcams.net,site updated 15-September-2026,USA
N263JX,,JSX,Embraer ERJ135,The Vanderpump Hotel,livery,,active,best-effort,,2026-09-21,airportwebcams.net,site updated 15-September-2026,USA
N401JX,,JSX,ATR 42-600,Spirit of Santa Monica,livery,,active,best-effort,,2026-09-21,airportwebcams.net,site updated 15-September-2026,USA
N409SV,,JSX,ATR 42-600,Spirit of Santa Monica,livery,,active,best-effort,,2026-09-21,airportwebcams.net,site updated 15-September-2026,USA
N913JX,,JSX,Embraer ERJ145LR,Club JSX,livery,,active,best-effort,,2026-09-21,airportwebcams.net,site updated 15-September-2026,USA
N915JX,,JSX,Embraer ERJ145,SpaceX Starlink Connectivity,livery,,active,best-effort,,2026-09-21,airportwebcams.net,site updated 15-September-2026,USA
N928JX,,JSX,Embraer ERJ145,10th Anniversary,livery,,active,best-effort,,2026-09-21,airportwebcams.net,site updated 15-September-2026,USA
N940JX,,JSX,Embraer ERJ145,Freedom 250,livery,,active,best-effort,,2026-09-21,airportwebcams.net,site updated 15-September-2026,USA
N955JX,,JSX,Embraer ERJ145,Where the Pets Go,livery,,active,best-effort,,2026-09-21,airportwebcams.net,site updated 15-September-2026,USA
N960JX,,JSX,Embraer ERJ145,'Retro',retro,,active,best-effort,,2026-09-21,airportwebcams.net,site updated 15-September-2026,USA
B-1115,,Juneyao Airlines,Boeing 787-9,Chinese Peony,livery,,active,best-effort,,2026-09-21,airportwebcams.net,site updated 15-September-2026,China
B-1872,,Juneyao Airlines,Airbus A321,Oriental Ruby,livery,,active,best-effort,,2026-09-21,airportwebcams.net,site updated 15-September-2026,China
B-207N,,Juneyao Airlines,Boeing 787-9,Chinese Red Ribbon,livery,,active,best-effort,,2026-09-21,airportwebcams.net,site updated 15-September-2026,China
B-208A,,Juneyao Airlines,Boeing 787-9,Chinese Red Ribbon,livery,,active,best-effort,,2026-09-21,airportwebcams.net,site updated 15-September-2026,China
B-209R,,Juneyao Airlines,Boeing 787-9,Chinese Peony,livery,,active,best-effort,,2026-09-21,airportwebcams.net,site updated 15-September-2026,China
B-20D1,,Juneyao Airlines,Boeing 787-9,Colourful Petals,livery,,active,best-effort,,2026-09-21,airportwebcams.net,site updated 15-September-2026,China
B-20DT,,Juneyao Airlines,Boeing 787-9,Chinese Peony / 100th B787 for China (sticker),decal,,active,best-effort,,2026-09-21,airportwebcams.net,site updated 15-September-2026,China
B-20EC,,Juneyao Airlines,Boeing 787-9,Oriental Ruby,livery,,active,best-effort,,2026-09-21,airportwebcams.net,site updated 15-September-2026,China
B-20EQ,,Juneyao Airlines,Boeing 787-9,Colourful Petals,livery,,active,best-effort,,2026-09-21,airportwebcams.net,site updated 15-September-2026,China
B-226M,,Juneyao Airlines,Boeing 787-9,Blossoming China,livery,,active,best-effort,,2026-09-21,airportwebcams.net,site updated 15-September-2026,China
B-226N,,Juneyao Airlines,Boeing 787-9,Blossoming China,livery,,active,best-effort,,2026-09-21,airportwebcams.net,site updated 15-September-2026,China
B-30EQ,,Juneyao Airlines,Airbus A321neo,Colourful Petals,livery,,active,best-effort,,2026-09-21,airportwebcams.net,site updated 15-September-2026,China
B-30FQ,,Juneyao Airlines,Airbus A320neo,20 Years Anniversary,livery,,active,best-effort,,2026-09-21,airportwebcams.net,site updated 15-September-2026,China
B-324C,,Juneyao Airlines,Airbus A321neo,Werdery,livery,,active,best-effort,,2026-09-21,airportwebcams.net,site updated 15-September-2026,China
B-325L,,Juneyao Airlines,Airbus A320neo,Yudo Auto,livery,,active,best-effort,,2026-09-21,airportwebcams.net,site updated 15-September-2026,China
B-326J,,Juneyao Airlines,Airbus A320neo,Fuping Dried Persimmon,livery,,active,best-effort,,2026-09-21,airportwebcams.net,site updated 15-September-2026,China
B-32CJ,,Juneyao Airlines,Airbus A321neo,Blessed Land Program,livery,,active,best-effort,,2026-09-21,airportwebcams.net,site updated 15-September-2026,China
B-6717,,Juneyao Airlines,Airbus A320,10 Years Anniversary,livery,,active,best-effort,,2026-09-21,airportwebcams.net,site updated 15-September-2026,China
B-8035,,Juneyao Airlines,Airbus A320,Creating The Future Vision,livery,,active,best-effort,,2026-09-21,airportwebcams.net,site updated 15-September-2026,China
B-8068,,Juneyao Airlines,Airbus A321,Chinese Red Peony,livery,,active,best-effort,,2026-09-21,airportwebcams.net,site updated 15-September-2026,China
B-8235,,Juneyao Airlines,Airbus A320,Yudo Auto,livery,,active,best-effort,,2026-09-21,airportwebcams.net,site updated 15-September-2026,China
B-8236,,Juneyao Airlines,Airbus A320,Yudo Auto,livery,,active,best-effort,,2026-09-21,airportwebcams.net,site updated 15-September-2026,China
B-8317,,Juneyao Airlines,Airbus A321,Oriental Ruby,livery,,active,best-effort,,2026-09-21,airportwebcams.net,site updated 15-September-2026,China
B-9957,,Juneyao Airlines,Airbus A321,Legoland Shanghai Resort,livery,,active,best-effort,,2026-09-21,airportwebcams.net,site updated 15-September-2026,China
N736KA,,KaiserAir,Boeing 737-700,Vegas Golden Knights ice hockey team,livery,,active,best-effort,,2026-09-21,airportwebcams.net,site updated 15-September-2026,USA
N426KM,,Kenmore Air,Cessna 208 Caravan,75th Anniversary (sticker),decal,,active,best-effort,,2026-09-21,airportwebcams.net,site updated 15-September-2026,USA
N87KA,,Kenmore Air,DHC-3T Vazar Turbine Otter,Seattle Children's Hospital,livery,,active,best-effort,,2026-09-21,airportwebcams.net,site updated 15-September-2026,USA
C-FBKB,,Kenn Borek Air,Basler BT-67,Celebrating 50 years: 1971-2021 (sticker),decal,,active,best-effort,,2026-09-21,airportwebcams.net,site updated 15-September-2026,Canada
5Y-CYE,,Kenya Airways,Boeing 737-800,SkyTeam,alliance,,active,best-effort,,2026-09-21,airportwebcams.net,site updated 15-September-2026,Kenya
5Y-FFB,,Kenya Airways,Embraer ERJ190,SkyTeam,alliance,,active,best-effort,,2026-09-21,airportwebcams.net,site updated 15-September-2026,Kenya
5Y-FFC,,Kenya Airways,Embraer ERJ190,900th EJet (sticker),decal,,active,best-effort,,2026-09-21,airportwebcams.net,site updated 15-September-2026,Kenya
5Y-KZG,,Kenya Airways,Boeing 787-8,Magical Kenya (sticker),decal,,active,best-effort,,2026-09-21,airportwebcams.net,site updated 15-September-2026,Kenya
PH-BKA,,KLM,Boeing 787-10,KLM 100 Years,livery,,active,best-effort,,2026-09-21,airportwebcams.net,site updated 15-September-2026,Netherlands
PH-BVA,,KLM,Boeing 777-300ER,#OrangePride,livery,,active,best-effort,,2026-09-21,airportwebcams.net,site updated 15-September-2026,Netherlands
PH-BXO,,KLM,Boeing 737-900,SkyTeam,alliance,,active,best-effort,,2026-09-21,airportwebcams.net,site updated 15-September-2026,Netherlands
PH-KZU,,KLM,F70,Special livery (see source),other,,unverified,best-effort,,2026-09-21,https://en.wikipedia.org/wiki/KLM_fleet,Fokker 70; theme not captured,
PH-EZX,,KLM Cityhopper,Embraer ERJ190,SkyTeam,alliance,,active,best-effort,,2026-09-21,airportwebcams.net,site updated 15-September-2026,Netherlands
PH-NXM,,KLM Cityhopper,Embraer ERJ195,1700th E-Jet (sticker),decal,,active,best-effort,,2026-09-21,airportwebcams.net,site updated 15-September-2026,Netherlands
9H-NEB,,KM Malta Airlines,Airbus A320neo,Explore more wonder / Visit Malta (stickers),livery,,active,best-effort,,2026-09-21,airportwebcams.net,site updated 15-September-2026,Malta
9H-NEC,,KM Malta Airlines,Airbus A320neo,Explore more stories / Visit Malta (stickers),livery,,active,best-effort,,2026-09-21,airportwebcams.net,site updated 15-September-2026,Malta
9H-NED,,KM Malta Airlines,Airbus A320neo,Explore more charm / Visit Malta (stickers),livery,,active,best-effort,,2026-09-21,airportwebcams.net,site updated 15-September-2026,Malta
9H-NEE,,KM Malta Airlines,Airbus A320neo,Explore more culture / Visit Malta (stickers),livery,,active,best-effort,,2026-09-21,airportwebcams.net,site updated 15-September-2026,Malta
9H-NEF,,KM Malta Airlines,Airbus A320neo,Explore more wonder / Visit Malta (stickers),livery,,active,best-effort,,2026-09-21,airportwebcams.net,site updated 15-September-2026,Malta
9H-NEG,,KM Malta Airlines,Airbus A320neo,Explore more stories / Visit Malta (stickers),livery,,active,best-effort,,2026-09-21,airportwebcams.net,site updated 15-September-2026,Malta
9H-NEH,,KM Malta Airlines,Airbus A320neo,Explore more charm / Visit Malta (stickers),livery,,active,best-effort,,2026-09-21,airportwebcams.net,site updated 15-September-2026,Malta
9H-NEO,,KM Malta Airlines,Airbus A320neo,Explore more culture / Visit Malta (stickers),livery,,active,best-effort,,2026-09-21,airportwebcams.net,site updated 15-September-2026,Malta
HL7783,,Korean Air,Boeing 777-300ER,SkyTeam,alliance,,active,best-effort,,2026-09-21,airportwebcams.net,site updated 15-September-2026,South Korea
HL8557,,Korean Air,Airbus A321neo,100th Airbus Aircraft (sticker),decal,,active,best-effort,,2026-09-21,airportwebcams.net,site updated 15-September-2026,South Korea
B-1106,,Kunming Airlines,Boeing 737-700,He-Shun,livery,,active,best-effort,,2026-09-21,airportwebcams.net,site updated 15-September-2026,China
B-1461,,Kunming Airlines,Boeing 737-700,Tengchong,livery,,active,best-effort,,2026-09-21,airportwebcams.net,site updated 15-September-2026,China
B-1507,,Kunming Airlines,Boeing 737-800,Dian Lake,livery,,active,best-effort,,2026-09-21,airportwebcams.net,site updated 15-September-2026,China
9K-AKL,,Kuwait Airways,Airbus A320neo,Glory & Pride - Kuwait National Celebrations (sticker),decal,,active,best-effort,,2026-09-21,airportwebcams.net,site updated 15-September-2026,Kuwait
9K-AKO,,Kuwait Airways,Airbus A320neo,Glory & Pride - Kuwait National Celebrations (sticker),decal,,active,best-effort,,2026-09-21,airportwebcams.net,site updated 15-September-2026,Kuwait
9K-AOC,,Kuwait Airways,Boeing 777-300ER,Glory & Pride - Kuwait National Celebrations (sticker),decal,,active,best-effort,,2026-09-21,airportwebcams.net,site updated 15-September-2026,Kuwait
9K-AOE,,Kuwait Airways,Boeing 777-300ER,Glory & Pride - Kuwait National Celebrations (sticker),decal,,active,best-effort,,2026-09-21,airportwebcams.net,site updated 15-September-2026,Kuwait
9K-APF,,Kuwait Airways,Airbus A330-800,Glory & Pride - Kuwait National Celebrations (sticker),decal,,active,best-effort,,2026-09-21,airportwebcams.net,site updated 15-September-2026,Kuwait
9K-API,,Kuwait Airways,Airbus A330-800neo,Glory & Pride - Kuwait National Celebrations (sticker),decal,,active,best-effort,,2026-09-21,airportwebcams.net,site updated 15-September-2026,Kuwait
F-HBUZ,,La Compagnie,Airbus A321neo,Federation Francaise de Football / French Football Federation (sticker),decal,,active,best-effort,,2026-09-21,airportwebcams.net,site updated 15-September-2026,France
YV3145,,LASER Airlines,McDD MD-82,El Sistema (sticker),decal,,active,best-effort,,2026-09-21,airportwebcams.net,site updated 15-September-2026,Venezuela
PR-MAG,,LATAM Airlines Brasil,Airbus A320,Aviao Solidario (sticker),decal,,active,best-effort,,2026-09-21,airportwebcams.net,site updated 15-September-2026,Brazil
PR-MBU,,LATAM Airlines Brasil,Airbus A319,Conheca o Brasil Voando (sticker),decal,,active,best-effort,,2026-09-21,airportwebcams.net,site updated 15-September-2026,Brazil
PR-MBW,,LATAM Airlines Brasil,Airbus A319,Rock In Rio 2026 music festival (sticker),decal,,active,best-effort,,2026-09-21,airportwebcams.net,site updated 15-September-2026,Brazil
PR-MHM,,LATAM Airlines Brasil,Airbus A320,Conheca o Brasil Voando (sticker),decal,,active,best-effort,,2026-09-21,airportwebcams.net,site updated 15-September-2026,Brazil
PR-MHR,,LATAM Airlines Brasil,Airbus A320,Conheca o Brasil Voando (sticker),decal,,active,best-effort,,2026-09-21,airportwebcams.net,site updated 15-September-2026,Brazil
PR-MYA,,LATAM Airlines Brasil,Airbus A320,Harry Potter (sticker),decal,,active,best-effort,,2026-09-21,airportwebcams.net,site updated 15-September-2026,Brazil
PR-MYK,,LATAM Airlines Brasil,Airbus A320,Conheça o Brasil Voando (sticker),decal,,active,best-effort,,2026-09-21,airportwebcams.net,site updated 15-September-2026,Brazil
PR-TYD,,LATAM Airlines Brasil,Airbus A320,Conheca o Brasil Voando (sticker),decal,,active,best-effort,,2026-09-21,airportwebcams.net,site updated 15-September-2026,Brazil
PR-XBD,,LATAM Airlines Brasil,Airbus A320neo,Gigante Natureza (sticker),decal,,active,best-effort,,2026-09-21,airportwebcams.net,site updated 15-September-2026,Brazil
PR-XBG,,LATAM Airlines Brasil,Airbus A320neo,Brasil Flag,livery,,active,best-effort,,2026-09-21,airportwebcams.net,site updated 15-September-2026,Brazil
PR-XBH,,LATAM Airlines Brasil,Airbus A320neo,Conheça o Brasil Voando (sticker),decal,,active,best-effort,,2026-09-21,airportwebcams.net,site updated 15-September-2026,Brazil
PR-XBO,,LATAM Airlines Brasil,Airbus A320neo,Conheca o Brasil Voando (sticker),decal,,active,best-effort,,2026-09-21,airportwebcams.net,site updated 15-September-2026,Brazil
PR-XBP,,LATAM Airlines Brasil,Airbus A320neo,Conheça o Brasil Voando (sticker),decal,,active,best-effort,,2026-09-21,airportwebcams.net,site updated 15-September-2026,Brazil
PS-LBG,,LATAM Airlines Brasil,Airbus A321neo,Conheça o Brasil Voando (sticker),decal,,active,best-effort,,2026-09-21,airportwebcams.net,site updated 15-September-2026,Brazil
PS-LBH,,LATAM Airlines Brasil,Airbus A321neo,Conheça o Brasil Voando (sticker),decal,,active,best-effort,,2026-09-21,airportwebcams.net,site updated 15-September-2026,Brazil
PT-MXB,,LATAM Airlines Brasil,Airbus A321,Conheca o Brasil Voando (sticker),decal,,active,best-effort,,2026-09-21,airportwebcams.net,site updated 15-September-2026,Brazil
PT-MXD,,LATAM Airlines Brasil,Airbus A321,Conheça o Brasil Voando (sticker),decal,,active,best-effort,,2026-09-21,airportwebcams.net,site updated 15-September-2026,Brazil
PT-MXL,,LATAM Airlines Brasil,Airbus A321,Aviao Solidario (sticker),decal,,active,best-effort,,2026-09-21,airportwebcams.net,site updated 15-September-2026,Brazil
PT-MXM,,LATAM Airlines Brasil,Airbus A321,Aviao Solidario (sticker),decal,,active,best-effort,,2026-09-21,airportwebcams.net,site updated 15-September-2026,Brazil
PT-MXN,,LATAM Airlines Brasil,Airbus A321,Aviao Solidario (sticker),decal,,active,best-effort,,2026-09-21,airportwebcams.net,site updated 15-September-2026,Brazil
PT-MXQ,,LATAM Airlines Brasil,Airbus A321,Conheça o Brasil Voando (sticker),decal,,active,best-effort,,2026-09-21,airportwebcams.net,site updated 15-September-2026,Brazil
PT-TMO,,LATAM Airlines Brasil,Airbus A319,The Town 2025 (sticker),decal,,active,best-effort,,2026-09-21,airportwebcams.net,site updated 15-September-2026,Brazil
CC-BAQ,,LATAM Airlines Chile,Airbus A320,Avion Solidario (sticker),decal,,active,best-effort,,2026-09-21,airportwebcams.net,site updated 15-September-2026,Chile
CC-BED,,LATAM Airlines Chile,Airbus A321,Team Chile 2024 Olympics (sticker),decal,,active,best-effort,,2026-09-21,airportwebcams.net,site updated 15-September-2026,Chile
CC-BEP,,LATAM Airlines Chile,Airbus A321,Recicla tu Viaje (sticker),decal,,active,best-effort,,2026-09-21,airportwebcams.net,site updated 15-September-2026,Chile
CC-BFE,,LATAM Airlines Chile,Airbus A320,Colombia Flag,livery,,active,best-effort,,2026-09-21,airportwebcams.net,site updated 15-September-2026,Chile
CC-BFL,,LATAM Airlines Chile,Airbus A320,Avion Solidario (sticker),decal,,active,best-effort,,2026-09-21,airportwebcams.net,site updated 15-September-2026,Chile
CC-BFW,,LATAM Airlines Chile,Airbus A320,Peru Flag,livery,,active,best-effort,,2026-09-21,airportwebcams.net,site updated 15-September-2026,Chile
CC-BGM,,LATAM Airlines Chile,Boeing 787-9,Harry Potter,livery,,active,best-effort,,2026-09-21,airportwebcams.net,site updated 15-September-2026,Chile
CC-BHG,,LATAM Airlines Chile,Airbus A320neo,Primero A320neo de America do Sul (sticker),decal,,active,best-effort,,2026-09-21,airportwebcams.net,site updated 15-September-2026,Chile
CC-BLA,,LATAM Airlines Chile,Airbus A320,Chile Flag,livery,,active,best-effort,,2026-09-21,airportwebcams.net,site updated 15-September-2026,Chile
HC-CPJ,,LATAM Airlines Ecuador,Airbus A319,Aerolinea Oficial Federacion Ecuatoriana de Futbol (World Cup 2026),livery,,active,best-effort,,2026-09-21,airportwebcams.net,site updated 15-September-2026,Ecuador
HC-CPR,,LATAM Airlines Ecuador,Airbus A319,Ecuador Flag,livery,,active,best-effort,,2026-09-21,airportwebcams.net,site updated 15-September-2026,Ecuador
HC-CPY,,LATAM Airlines Ecuador,Airbus A319,Aerolinea Oficial de La Tri (sticker),decal,,active,best-effort,,2026-09-21,airportwebcams.net,site updated 15-September-2026,Ecuador
N420LA,,LATAM Cargo Chile,Boeing 767-300F,Avion Solidario (sticker),decal,,active,best-effort,,2026-09-21,airportwebcams.net,site updated 15-September-2026,Chile
ZS-GAO,,Lift,Airbus A320,EuropCar,livery,,active,best-effort,,2026-09-21,airportwebcams.net,site updated 15-September-2026,South Africa
PK-LFF,,Lion Air,Boeing 737-900,Dreamliner,livery,,active,best-effort,,2026-09-21,airportwebcams.net,site updated 15-September-2026,Indonesia
PK-LFG,,Lion Air,Boeing 737-900,Dreamliner,livery,,active,best-effort,,2026-09-21,airportwebcams.net,site updated 15-September-2026,Indonesia
PK-LFT,,Lion Air,Boeing 737-900,bookcabin.com (sticker),decal,,active,best-effort,,2026-09-21,airportwebcams.net,site updated 15-September-2026,Indonesia
PK-LFZ,,Lion Air,Boeing 737-900,Bookcabin.com (sticker),decal,,active,best-effort,,2026-09-21,airportwebcams.net,site updated 15-September-2026,Indonesia
PK-LGJ,,Lion Air,Boeing 737-900ER,Bookcabin,livery,,active,best-effort,,2026-09-21,airportwebcams.net,site updated 15-September-2026,Indonesia
PK-LGQ,,Lion Air,Boeing 737-900ER,lionparcel.com,livery,,active,best-effort,,2026-09-21,airportwebcams.net,site updated 15-September-2026,Indonesia
PK-LGS,,Lion Air,Boeing 737-900,lionparcel.com,livery,,active,best-effort,,2026-09-21,airportwebcams.net,site updated 15-September-2026,Indonesia
PK-LGT,,Lion Air,Boeing 737-900ER,lionparcel.com,livery,,active,best-effort,,2026-09-21,airportwebcams.net,site updated 15-September-2026,Indonesia
PK-LGY,,Lion Air,Boeing 737-900,lionparcel.com,livery,,active,best-effort,,2026-09-21,airportwebcams.net,site updated 15-September-2026,Indonesia
PK-LHH,,Lion Air,Boeing 737-900,Bukalapak,livery,,active,best-effort,,2026-09-21,airportwebcams.net,site updated 15-September-2026,Indonesia
PK-LHK,,Lion Air,Boeing 737-900ER,lionparcel.com (sticker),decal,,active,best-effort,,2026-09-21,airportwebcams.net,site updated 15-September-2026,Indonesia
PK-LHM,,Lion Air,Boeing 737-900,20 Years Lion Air,livery,,active,best-effort,,2026-09-21,airportwebcams.net,site updated 15-September-2026,Indonesia
PK-LHO,,Lion Air,Boeing 737-900ER,lionparcel.com (sticker),decal,,active,best-effort,,2026-09-21,airportwebcams.net,site updated 15-September-2026,Indonesia
PK-LHS,,Lion Air,Boeing 737-900,bookcabin.com / lionparcel.com (stickers),livery,,active,best-effort,,2026-09-21,airportwebcams.net,site updated 15-September-2026,Indonesia
PK-LHY,,Lion Air,Boeing 737-900,50th 737-900ER,livery,,active,best-effort,,2026-09-21,airportwebcams.net,site updated 15-September-2026,Indonesia
PK-LJG,,Lion Air,Boeing 737-900,Bookcabin.com (sticker),decal,,active,best-effort,,2026-09-21,airportwebcams.net,site updated 15-September-2026,Indonesia
PK-LJI,,Lion Air,Boeing 737-900ER,lionparcel.com,livery,,active,best-effort,,2026-09-21,airportwebcams.net,site updated 15-September-2026,Indonesia
PK-LJS,,Lion Air,Boeing 737-800,lionparcel.com (sticker),decal,,active,best-effort,,2026-09-21,airportwebcams.net,site updated 15-September-2026,Indonesia
PK-LJV,,Lion Air,Boeing 737-800,lionparcel.com,livery,,active,best-effort,,2026-09-21,airportwebcams.net,site updated 15-September-2026,Indonesia
PK-LJY,,Lion Air,Boeing 737-800,Bookcabin,livery,,active,best-effort,,2026-09-21,airportwebcams.net,site updated 15-September-2026,Indonesia
PK-LJZ,,Lion Air,Boeing 737-900,70th Boeing Next Generation 737,livery,,active,best-effort,,2026-09-21,airportwebcams.net,site updated 15-September-2026,Indonesia
PK-LKJ,,Lion Air,Boeing 737-800,lionparcel.com,livery,,active,best-effort,,2026-09-21,airportwebcams.net,site updated 15-September-2026,Indonesia
PK-LOH,,Lion Air,Boeing 737-800,lionparcel.com (sticker),decal,,active,best-effort,,2026-09-21,airportwebcams.net,site updated 15-September-2026,Indonesia
PK-LPJ,,Lion Air,Boeing 737-800,150th Boeing Next-Generation 737 (sticker),decal,,active,best-effort,,2026-09-21,airportwebcams.net,site updated 15-September-2026,Indonesia
PK-LSF,,Lion Air,Boeing 737-800,bookcabin.com,livery,,active,best-effort,,2026-09-21,airportwebcams.net,site updated 15-September-2026,Indonesia
PK-LSO,,Lion Air,Boeing 737-900,Bookcabin,livery,,active,best-effort,,2026-09-21,airportwebcams.net,site updated 15-September-2026,Indonesia
PK-LSR,,Lion Air,Boeing 737-900,Book Cabin (sticker),decal,,active,best-effort,,2026-09-21,airportwebcams.net,site updated 15-September-2026,Indonesia
PK-LSU,,Lion Air,Boeing 737-900,lionparcel.com (sticker),decal,,active,best-effort,,2026-09-21,airportwebcams.net,site updated 15-September-2026,Indonesia
PK-LSV,,Lion Air,Boeing 737-900,lionparcel.com (sticker),decal,,active,best-effort,,2026-09-21,airportwebcams.net,site updated 15-September-2026,Indonesia
PK-LSW,,Lion Air,Boeing 737-900,lionparcel.com,livery,,active,best-effort,,2026-09-21,airportwebcams.net,site updated 15-September-2026,Indonesia
PK-LSY,,Lion Air,Boeing 737-900,lionparcel.com (sticker),decal,,active,best-effort,,2026-09-21,airportwebcams.net,site updated 15-September-2026,Indonesia
PK-LSZ,,Lion Air,Boeing 737-900,lionparcel.com,livery,,active,best-effort,,2026-09-21,airportwebcams.net,site updated 15-September-2026,Indonesia
PK-LVF,,Lion Air,Boeing 737-900,lionparcel.com,livery,,active,best-effort,,2026-09-21,airportwebcams.net,site updated 15-September-2026,Indonesia
G-HIAL,,Loganair,DHC-6 Twin Otter,Flag of Scotland,livery,,active,best-effort,,2026-09-21,airportwebcams.net,site updated 15-September-2026,UK
G-LMTF,,Loganair,ATR 72-600,Isle Of Man,livery,,active,best-effort,,2026-09-21,airportwebcams.net,site updated 15-September-2026,UK
G-SGTS,,Loganair,DHC-6 Twin Otter,Flag of Scotland,livery,,active,best-effort,,2026-09-21,airportwebcams.net,site updated 15-September-2026,UK
B-32G7,,Longjiang Airlines,Airbus A320,Qinghua Fen Wine,livery,,active,best-effort,,2026-09-21,airportwebcams.net,site updated 15-September-2026,China
B-32Q1,,Longjiang Airlines,Airbus A320,Shanxi Culture & Tourism,livery,,active,best-effort,,2026-09-21,airportwebcams.net,site updated 15-September-2026,China
B-6381,,Longjiang Airlines,Airbus A320,Linfen City,livery,,active,best-effort,,2026-09-21,airportwebcams.net,site updated 15-September-2026,China
B-1077,,Loong Air,Airbus A320neo,Zhejiang Xiaobaihua Yue Opera Troupe,livery,,active,best-effort,,2026-09-21,airportwebcams.net,site updated 15-September-2026,China
B-1078,,Loong Air,Airbus A320neo,Aral,livery,,active,best-effort,,2026-09-21,airportwebcams.net,site updated 15-September-2026,China
B-1079,,Loong Air,Airbus A320neo,Jibaichuan Ganoderma spore powder (sticker),decal,,active,best-effort,,2026-09-21,airportwebcams.net,site updated 15-September-2026,China
B-1676,,Loong Air,Airbus A320,19th Asian Games Hangzhou 2022,livery,,active,best-effort,,2026-09-21,airportwebcams.net,site updated 15-September-2026,China
B-1867,,Loong Air,Airbus A320,Gansu,livery,,active,best-effort,,2026-09-21,airportwebcams.net,site updated 15-September-2026,China
B-1868,,Loong Air,Airbus A320,Xi'an Hi-Tech Industries Development Zone,livery,,active,best-effort,,2026-09-21,airportwebcams.net,site updated 15-September-2026,China
B-30A5,,Loong Air,Airbus A320neo,Shengzhou Xiaolongbao,livery,,active,best-effort,,2026-09-21,airportwebcams.net,site updated 15-September-2026,China
B-30FV,,Loong Air,Airbus A320neo,50th A320 For Loong Air (sticker),decal,,active,best-effort,,2026-09-21,airportwebcams.net,site updated 15-September-2026,China
B-320D,,Loong Air,Airbus A320neo,Sanyou Starlux Paint Protection Film (sticker),decal,,active,best-effort,,2026-09-21,airportwebcams.net,site updated 15-September-2026,China
B-325X,,Loong Air,Airbus A321neo,CZ Bank,livery,,active,best-effort,,2026-09-21,airportwebcams.net,site updated 15-September-2026,China
B-327C,,Loong Air,Airbus A321neo,Picturesque and Dynamic Zhejiang,livery,,active,best-effort,,2026-09-21,airportwebcams.net,site updated 15-September-2026,China
B-328X,,Loong Air,Airbus A321neo,Picturesque and Dynamic Zhejiang,livery,,active,best-effort,,2026-09-21,airportwebcams.net,site updated 15-September-2026,China
B-329Q,,Loong Air,Airbus A321neo,19th Asian Games Hangzhou 2022,livery,,active,best-effort,,2026-09-21,airportwebcams.net,site updated 15-September-2026,China
B-329R,,Loong Air,Airbus A321neo,19th Asian Games Hangzhou 2022,livery,,active,best-effort,,2026-09-21,airportwebcams.net,site updated 15-September-2026,China
B-8145,,Loong Air,Airbus A320,19th Asian Games Hangzhou 2022,livery,,active,best-effort,,2026-09-21,airportwebcams.net,site updated 15-September-2026,China
B-8146,,Loong Air,Airbus A320,Hello 5G,livery,,active,best-effort,,2026-09-21,airportwebcams.net,site updated 15-September-2026,China
B-8147,,Loong Air,Airbus A320,19th Asian Games Hangzhou 2022,livery,,active,best-effort,,2026-09-21,airportwebcams.net,site updated 15-September-2026,China
B-8148,,Loong Air,Airbus A320,19th Asian Games Hangzhou 2022,livery,,active,best-effort,,2026-09-21,airportwebcams.net,site updated 15-September-2026,China
B-8243,,Loong Air,Airbus A320,19th Asian Games Hangzhou 2022,livery,,active,best-effort,,2026-09-21,airportwebcams.net,site updated 15-September-2026,China
B-8335,,Loong Air,Airbus A320,19th Asian Games Hangzhou 2022,livery,,active,best-effort,,2026-09-21,airportwebcams.net,site updated 15-September-2026,China
B-8336,,Loong Air,Airbus A320,19th Asian Games Hangzhou 2022,livery,,active,best-effort,,2026-09-21,airportwebcams.net,site updated 15-September-2026,China
B-8433,,Loong Air,Airbus A320,Zhejiang-Aksu,livery,,active,best-effort,,2026-09-21,airportwebcams.net,site updated 15-September-2026,China
B-8451,,Loong Air,Airbus A320,Sprinting Xiaoshan,livery,,active,best-effort,,2026-09-21,airportwebcams.net,site updated 15-September-2026,China
B-8452,,Loong Air,Airbus A320,ZheJiang-Aksu,livery,,active,best-effort,,2026-09-21,airportwebcams.net,site updated 15-September-2026,China
B-8453,,Loong Air,Airbus A320,Nailoong / Milk Dragon,livery,,active,best-effort,,2026-09-21,airportwebcams.net,site updated 15-September-2026,China
B-8560,,Loong Air,Airbus A320,Changbai Mountains,livery,,active,best-effort,,2026-09-21,airportwebcams.net,site updated 15-September-2026,China
B-8593,,Loong Air,Airbus A320,Monalisa Tiles,livery,,active,best-effort,,2026-09-21,airportwebcams.net,site updated 15-September-2026,China
B-8895,,Loong Air,Airbus A320,Pop Land,livery,,active,best-effort,,2026-09-21,airportwebcams.net,site updated 15-September-2026,China
B-8985,,Loong Air,Airbus A320,CZ Bank,livery,,active,best-effort,,2026-09-21,airportwebcams.net,site updated 15-September-2026,China
SP-LDK,,LOT Polish Airlines,Embraer ERJ170,Star Alliance,alliance,,active,best-effort,,2026-09-21,airportwebcams.net,site updated 15-September-2026,Poland
SP-LIC,,LOT Polish Airlines,Embraer ERJ175,Lubuskie (sticker),decal,,active,best-effort,,2026-09-21,airportwebcams.net,site updated 15-September-2026,Poland
SP-LIM,,LOT Polish Airlines,Embraer ERJ175,Retro,retro,,active,best-effort,,2026-09-21,airportwebcams.net,site updated 15-September-2026,Poland
SP-LIO,,LOT Polish Airlines,Embraer ERJ175,Star Alliance,alliance,,active,best-effort,,2026-09-21,airportwebcams.net,site updated 15-September-2026,Poland
SP-LNF,,LOT Polish Airlines,Embraer ERJ195,Warmia Mazury,livery,,active,best-effort,,2026-09-21,airportwebcams.net,site updated 15-September-2026,Poland
SP-LNG,,LOT Polish Airlines,Embraer ERJ195,Visit North Moravia (sticker),decal,,active,best-effort,,2026-09-21,airportwebcams.net,site updated 15-September-2026,Poland
SP-LNI,,LOT Polish Airlines,Embraer ERJ195AR,Visit North Moravia (sticker),decal,,active,best-effort,,2026-09-21,airportwebcams.net,site updated 15-September-2026,Poland
SP-LNM,,LOT Polish Airlines,Embraer ERJ195,Warmia Mazury,livery,,active,best-effort,,2026-09-21,airportwebcams.net,site updated 15-September-2026,Poland
SP-LSC,,LOT Polish Airlines,Boeing 787-9,Proud of Poland's Independence,livery,,active,best-effort,,2026-09-21,airportwebcams.net,site updated 15-September-2026,Poland
SP-LVD,,LOT Polish Airlines,Boeing 737 MAX 8,Proud of Poland's Independence,livery,,active,best-effort,,2026-09-21,airportwebcams.net,site updated 15-September-2026,Poland
SP-LVF,,LOT Polish Airlines,Boeing 737 MAX 8,Star Alliance,alliance,,active,best-effort,,2026-09-21,airportwebcams.net,site updated 15-September-2026,Poland
SP-LVG,,LOT Polish Airlines,Boeing 737 MAX 8,Polska Bank Pekau,livery,,active,best-effort,,2026-09-21,airportwebcams.net,site updated 15-September-2026,Poland
SP-LVK,,LOT Polish Airlines,Boeing 737 MAX 8,Krosno Glass 100 Years,livery,,active,best-effort,,2026-09-21,airportwebcams.net,site updated 15-September-2026,Poland
SP-LVL,,LOT Polish Airlines,Boeing 737 MAX 8,Itaka,livery,,active,best-effort,,2026-09-21,airportwebcams.net,site updated 15-September-2026,Poland
B-6959,,Lucky Air,Airbus A320,Xishuangbanna (sticker),decal,,active,best-effort,,2026-09-21,airportwebcams.net,site updated 15-September-2026,China
D-ABPU,,Lufthansa,Boeing 787-9,100th Anniversary,livery,,active,best-effort,,2026-09-21,airportwebcams.net,site updated 15-September-2026,Germany
D-ABYN,,Lufthansa,Boeing 747-8,100th Anniversary,livery,,active,best-effort,,2026-09-21,airportwebcams.net,site updated 15-September-2026,Germany
D-ABYP,,Lufthansa,Boeing 747-8,1500th 747 (sticker),decal,,active,best-effort,,2026-09-21,airportwebcams.net,site updated 15-September-2026,Germany
D-ABYT,,Lufthansa,B748,Retro (1970s 747),retro,,unverified,best-effort,,2026-09-21,https://simpleflying.com/european-retro-airline-liveries-list/,,Germany
D-AIBH,,Lufthansa,Airbus A319,Star Alliance,alliance,,active,best-effort,,2026-09-21,airportwebcams.net,site updated 15-September-2026,Germany
D-AIBI,,Lufthansa,Airbus A319,Star Alliance,alliance,,active,best-effort,,2026-09-21,airportwebcams.net,site updated 15-September-2026,Germany
D-AIBJ,,Lufthansa,Airbus A319,Star Alliance,alliance,,active,best-effort,,2026-09-21,airportwebcams.net,site updated 15-September-2026,Germany
D-AIEM,,Lufthansa,Airbus A321neo,A Century Since Takeoff,livery,,active,best-effort,,2026-09-21,airportwebcams.net,site updated 15-September-2026,Germany
D-AIEP,,Lufthansa,Airbus A321neo,Help Alliance,livery,,active,best-effort,,2026-09-21,airportwebcams.net,site updated 15-September-2026,Germany
D-AIEQ,,Lufthansa,Airbus A321neo,600th Airbus Aircraft (sticker),decal,,active,best-effort,,2026-09-21,airportwebcams.net,site updated 15-September-2026,Germany
D-AIGN,,Lufthansa,Airbus A340-300,Star Alliance,alliance,,active,best-effort,,2026-09-21,airportwebcams.net,site updated 15-September-2026,Germany
D-AIGP,,Lufthansa,Airbus A340-300,Star Alliance,alliance,,active,best-effort,,2026-09-21,airportwebcams.net,site updated 15-September-2026,Germany
D-AIGV,,Lufthansa,Airbus A340-300,Star Alliance,alliance,,active,best-effort,,2026-09-21,airportwebcams.net,site updated 15-September-2026,Germany
D-AILP,,Lufthansa,Airbus A319,Star Alliance,alliance,,active,best-effort,,2026-09-21,airportwebcams.net,site updated 15-September-2026,Germany
D-AILS,,Lufthansa,Airbus A319,Star Alliance,alliance,,active,best-effort,,2026-09-21,airportwebcams.net,site updated 15-September-2026,Germany
D-AILT,,Lufthansa,Airbus A319,Star Alliance,alliance,,active,best-effort,,2026-09-21,airportwebcams.net,site updated 15-September-2026,Germany
D-AILU,,Lufthansa,Airbus A319,Lu-Hansa,livery,,active,best-effort,,2026-09-21,airportwebcams.net,site updated 15-September-2026,Germany
D-AILX,,Lufthansa,Airbus A319,Star Alliance,alliance,,active,best-effort,,2026-09-21,airportwebcams.net,site updated 15-September-2026,Germany
D-AIMH,,Lufthansa,Airbus A380,100th Anniversary,livery,,active,best-effort,,2026-09-21,airportwebcams.net,site updated 15-September-2026,Germany
D-AIND,,Lufthansa,Airbus A320neo,100th Anniversary,livery,,active,best-effort,,2026-09-21,airportwebcams.net,site updated 15-September-2026,Germany
D-AING,,Lufthansa,Airbus A320neo,100th Anniversary,livery,,active,best-effort,,2026-09-21,airportwebcams.net,site updated 15-September-2026,Germany
D-AINY,,Lufthansa,Airbus A320neo,Lovehansa / Pride Month (sticker),decal,,active,best-effort,,2026-09-21,airportwebcams.net,site updated 15-September-2026,Germany
D-AIRY,,Lufthansa,Airbus A321,Die Maus,livery,,active,best-effort,,2026-09-21,airportwebcams.net,site updated 15-September-2026,Germany
D-AISZ,,Lufthansa,Airbus A321,1950s Parabola Retro,retro,,active,best-effort,,2026-09-21,airportwebcams.net,site updated 15-September-2026,Germany
D-AIUA,,Lufthansa,Airbus A320,Star Alliance,alliance,,active,best-effort,,2026-09-21,airportwebcams.net,site updated 15-September-2026,Germany
D-AIXL,,Lufthansa,Airbus A350-900,100th Anniversary,livery,,active,best-effort,,2026-09-21,airportwebcams.net,site updated 15-September-2026,Germany
D-AIZH,,Lufthansa,Airbus A320,Star Alliance,alliance,,active,best-effort,,2026-09-21,airportwebcams.net,site updated 15-September-2026,Germany
D-AIZM,,Lufthansa,Airbus A320,Star Alliance,alliance,,active,best-effort,,2026-09-21,airportwebcams.net,site updated 15-September-2026,Germany
D-AIZN,,Lufthansa,Airbus A320,Star Alliance,alliance,,active,best-effort,,2026-09-21,airportwebcams.net,site updated 15-September-2026,Germany
D-ALFG,,Lufthansa Cargo,Boeing 777F,Flying More Sustainably/Sharkskin Technology (sticker),decal,,active,best-effort,,2026-09-21,airportwebcams.net,site updated 15-September-2026,Germany
D-ALFI,,Lufthansa Cargo,Boeing 777F,Cargo Human Care,livery,,active,best-effort,,2026-09-21,airportwebcams.net,site updated 15-September-2026,Germany
LX-LGN,,Luxair,DHC Dash 8-402Q,Den Atelier,livery,,active,best-effort,,2026-09-21,airportwebcams.net,site updated 15-September-2026,Luxembourg
LX-LQJ,,Luxair,DHC Dash 8-400,Going the extra mile Above & Beyond Always! (sticker),decal,,active,best-effort,,2026-09-21,airportwebcams.net,site updated 15-September-2026,Luxembourg
9M-MLV,,Malaysia Airlines,Boeing 737-800,Retro 1972,retro,,active,best-effort,,2026-09-21,airportwebcams.net,site updated 15-September-2026,Malaysia
9M-MTB,,Malaysia Airlines,Airbus A330-300,Visit Malaysia 2026 Truly Asia (sticker),decal,,active,best-effort,,2026-09-21,airportwebcams.net,site updated 15-September-2026,Malaysia
9M-MTE,,Malaysia Airlines,Airbus A330-300,Oneworld,alliance,,active,best-effort,,2026-09-21,airportwebcams.net,site updated 15-September-2026,Malaysia
9M-MTG,,Malaysia Airlines,Airbus A330-300,Harimau Malaya national football team,livery,,active,best-effort,,2026-09-21,airportwebcams.net,site updated 15-September-2026,Malaysia
9M-MTJ,,Malaysia Airlines,Airbus A330-300,Visit Malaysia Truly Asia,livery,,active,best-effort,,2026-09-21,airportwebcams.net,site updated 15-September-2026,Malaysia
9M-MTL,,Malaysia Airlines,Airbus A330-300,Manchester United FC football team,livery,,active,best-effort,,2026-09-21,airportwebcams.net,site updated 15-September-2026,Malaysia
9M-MTM,,Malaysia Airlines,Airbus A330-300,Mumbai Indians cricket team,livery,,active,best-effort,,2026-09-21,airportwebcams.net,site updated 15-September-2026,Malaysia
9M-MTO,,Malaysia Airlines,Airbus A330-300,Oneworld,alliance,,active,best-effort,,2026-09-21,airportwebcams.net,site updated 15-September-2026,Malaysia
9M-MVA,,Malaysia Airlines,Boeing 737 MAX 8,Sustainable Tomorrow (sticker),decal,,active,best-effort,,2026-09-21,airportwebcams.net,site updated 15-September-2026,Malaysia
9M-MVB,,Malaysia Airlines,Boeing 737 MAX 8,Sustainable Tomorrow (sticker),decal,,active,best-effort,,2026-09-21,airportwebcams.net,site updated 15-September-2026,Malaysia
9M-MVC,,Malaysia Airlines,Boeing 737 MAX 8,Sustainable Tomorrow (sticker),decal,,active,best-effort,,2026-09-21,airportwebcams.net,site updated 15-September-2026,Malaysia
9M-MVD,,Malaysia Airlines,Boeing 737 MAX 8,Sustainable Tomorrow (sticker),decal,,active,best-effort,,2026-09-21,airportwebcams.net,site updated 15-September-2026,Malaysia
9M-MXB,,Malaysia Airlines,Boeing 737-800,Visit Malaysia Truly Asia 2026 (sticker),decal,,active,best-effort,,2026-09-21,airportwebcams.net,site updated 15-September-2026,Malaysia
9M-MXC,,Malaysia Airlines,Boeing 737-800,Oneworld,alliance,,active,best-effort,,2026-09-21,airportwebcams.net,site updated 15-September-2026,Malaysia
9M-MXM,,Malaysia Airlines,Boeing 737-800,Visit Malaysia Truly Asia (sticker),decal,,active,best-effort,,2026-09-21,airportwebcams.net,site updated 15-September-2026,Malaysia
9M-MXU,,Malaysia Airlines,Boeing 737-800,Visit Malaysia Truly Asia (sticker),decal,,active,best-effort,,2026-09-21,airportwebcams.net,site updated 15-September-2026,Malaysia
9M-MXY,,Malaysia Airlines,Boeing 737-800,Visit Malaysia Truly Asia 2026 (sticker),decal,,active,best-effort,,2026-09-21,airportwebcams.net,site updated 15-September-2026,Malaysia
8Q-IAQ,,Maldivian,DHC Dash 8-200,Maldives EMS,livery,,active,best-effort,,2026-09-21,airportwebcams.net,site updated 15-September-2026,Maldives
B-16868,,Mandarin Airlines,ATR 72-600,Matsu Time Machine,livery,,active,best-effort,,2026-09-21,airportwebcams.net,site updated 15-September-2026,China/Taiwan
8Q-RAG,,Manta Air,DHC-6 Twin Otter,Anantara Hotels & Resorts,livery,,active,best-effort,,2026-09-21,airportwebcams.net,site updated 15-September-2026,Maldives
ES-MBA,,Marabu Airlines,Airbus A320neo,Axel - Thanks For Our Wings (sticker),decal,,active,best-effort,,2026-09-21,airportwebcams.net,site updated 15-September-2026,Estonia
OD-MRL,,MEA Middle East Airlines,Airbus A320,5000 A320 Family (sticker),decal,,active,best-effort,,2026-09-21,airportwebcams.net,site updated 15-September-2026,Lebanon
OD-MRT,,MEA Middle East Airlines,Airbus A320,75th Anniversary Retro,retro,,active,best-effort,,2026-09-21,airportwebcams.net,site updated 15-September-2026,Lebanon
T7-ME3,,MEA Middle East Airlines,Airbus A321neo,MSN10000 A320 Family (sticker),decal,,active,best-effort,,2026-09-21,airportwebcams.net,site updated 15-September-2026,Lebanon
EP-SSM,,Meraj Airlines,Airbus A321,Minab 168 (sticker),decal,,active,best-effort,,2026-09-21,airportwebcams.net,site updated 15-September-2026,Iran
EP-SSN,,Meraj Airlines,Airbus A321,Minab 168 (sticker),decal,,active,best-effort,,2026-09-21,airportwebcams.net,site updated 15-September-2026,Iran
XA-VFK,,MercadoLibre / Aeronaves TSM,Boeing 737-300QC,Mercado Libre,livery,,active,best-effort,,2026-09-21,airportwebcams.net,site updated 15-September-2026,Argentina / Mexico
XA-VGD,,MercadoLibre / Aeronaves TSM,Boeing 737-400F,Mercado Libre,livery,,active,best-effort,,2026-09-21,airportwebcams.net,site updated 15-September-2026,Argentina / Mexico
PS-GFA,,MercadoLibre / GOL Transportes Aereos,Boeing 737-800F,Mercado Livre,livery,,active,best-effort,,2026-09-21,airportwebcams.net,site updated 15-September-2026,Argentina / Brazil
PS-GFB,,MercadoLibre / GOL Transportes Aereos,Boeing 737-800BCF,Mercado Livre,livery,,active,best-effort,,2026-09-21,airportwebcams.net,site updated 15-September-2026,Argentina / Brazil
PS-GFC,,MercadoLibre / GOL Transportes Aereos,Boeing 737-800,Mercado Livre,livery,,active,best-effort,,2026-09-21,airportwebcams.net,site updated 15-September-2026,Argentina / Brazil
PS-GFD,,MercadoLibre / GOL Transportes Aereos,Boeing 737-800F,Mercado Pago / Mercado Livre,livery,,active,best-effort,,2026-09-21,airportwebcams.net,site updated 15-September-2026,Argentina / Brazil
PS-GFE,,MercadoLibre / GOL Transportes Aereos,Boeing 737-800BCF,Mercado Libre,livery,,active,best-effort,,2026-09-21,airportwebcams.net,site updated 15-September-2026,Argentina / Brazil
PS-GFF,,MercadoLibre / GOL Transportes Aereos,Boeing 737-800BCF,Mercado Livre,livery,,active,best-effort,,2026-09-21,airportwebcams.net,site updated 15-September-2026,Argentina / Brazil
PS-GFG,,MercadoLibre / GOL Transportes Aereos,Boeing 737-800(BCF),Mercado Livre,livery,,active,best-effort,,2026-09-21,airportwebcams.net,site updated 15-September-2026,Argentina / Brazil
PS-GFH,,MercadoLibre / GOL Transportes Aereos,Boeing 737-800,Mercado Livre,livery,,active,best-effort,,2026-09-21,airportwebcams.net,site updated 15-September-2026,Brazil
EI-CXV,,MIAT Mongolian Airlines,Boeing 737-800,Mongolia (sticker),decal,,active,best-effort,,2026-09-21,airportwebcams.net,site updated 15-September-2026,Mongolia
EI-MNG,,MIAT Mongolian Airlines,Boeing 737 MAX 8,Mongolia (sticker),decal,,active,best-effort,,2026-09-21,airportwebcams.net,site updated 15-September-2026,Mongolia
JU-1015,,MIAT Mongolian Airlines,Boeing 737-800,Mongolia (sticker),decal,,active,best-effort,,2026-09-21,airportwebcams.net,site updated 15-September-2026,Mongolia
JU-1021,,MIAT Mongolian Airlines,Boeing 767-300ER,Mongolia (sticker),decal,,active,best-effort,,2026-09-21,airportwebcams.net,site updated 15-September-2026,Mongolia
JU-1088,,MIAT Mongolian Airlines,Boeing 737-800,Mongolia (sticker),decal,,active,best-effort,,2026-09-21,airportwebcams.net,site updated 15-September-2026,Mongolia
9M-KXB,,MJets Air / Kargo Xpress,Boeing 737-800BCF,Face Mask,livery,,active,best-effort,,2026-09-21,airportwebcams.net,site updated 15-September-2026,Malaysia
9M-KXP,,MJets Air / Kargo Xpress,Boeing 737-800F,Face Mask,livery,,active,best-effort,,2026-09-21,airportwebcams.net,site updated 15-September-2026,Malaysia
TC-MCM,,MNG Airines,Airbus A330-300P2F,25 Years (sticker),decal,,active,best-effort,,2026-09-21,airportwebcams.net,site updated 15-September-2026,Turkey
TC-MCO,,MNG Airlines,Airbus A330-300P2F,30 Years Solution in Motion (sticker),decal,,active,best-effort,,2026-09-21,airportwebcams.net,site updated 15-September-2026; flagged NEW by site,Turkey
TC-MCP,,MNG Airlines,Airbus A330-300P2F,30 Years Solution in Motion (sticker),decal,,active,best-effort,,2026-09-21,airportwebcams.net,site updated 15-September-2026,Turkey
TC-MCU,,MNG Airlines,Airbus A330-200F,25 Years (sticker),decal,,active,best-effort,,2026-09-21,airportwebcams.net,site updated 15-September-2026,Turkey
TC-MYA,,MNG Airlines,Airbus A321P2F,Go Green,livery,,active,best-effort,,2026-09-21,airportwebcams.net,site updated 15-September-2026,Turkey
TC-MYB,,MNG Airlines,Airbus A321P2F,Go Green,livery,,active,best-effort,,2026-09-21,airportwebcams.net,site updated 15-September-2026,Turkey
N936CA,,National Airlines,Boeing 747-400F,30th Anniversary,livery,,active,best-effort,,2026-09-21,airportwebcams.net,site updated 15-September-2026,USA
9N-AKW,,Nepal Airlines,Airbus A320,Visit Nepal 2020 (sticker),decal,,active,best-effort,,2026-09-21,airportwebcams.net,site updated 15-September-2026,Nepal
9N-AKX,,Nepal Airlines,Airbus A320,Visit Nepal 2020 (sticker),decal,,active,best-effort,,2026-09-21,airportwebcams.net,site updated 15-September-2026,Nepal
9N-ALY,,Nepal Airlines,Airbus A330-200,Visit Nepal 2020 (sticker),decal,,active,best-effort,,2026-09-21,airportwebcams.net,site updated 15-September-2026,Nepal
9N-ALZ,,Nepal Airlines,Airbus A330-200,Visit Nepal 2020 (sticker),decal,,active,best-effort,,2026-09-21,airportwebcams.net,site updated 15-September-2026,Nepal
SU-BQM,,Nile Air,Airbus A320,Egypt,livery,,active,best-effort,,2026-09-21,airportwebcams.net,site updated 15-September-2026,Egypt
SU-BQN,,Nile Air,Airbus A321,Invest In Egypt,livery,,active,best-effort,,2026-09-21,airportwebcams.net,site updated 15-September-2026,Egypt
PK-YRD,,Ninja Xpress / Trigana Air Services,Boeing 737-300,#SiapBantuSampaiTujuan (sticker),decal,,active,best-effort,,2026-09-21,airportwebcams.net,site updated 15-September-2026,Indonesia
HS-DBQ,,Nok Air,Boeing 737-800,10th Anniversary,livery,,active,best-effort,,2026-09-21,airportwebcams.net,site updated 15-September-2026,Thailand
C-GNLW,,Nolinor Aviation,Boeing 737-200,Montreal Alouettes Canadian football team / 'Toujours Game',livery,,active,best-effort,,2026-09-21,airportwebcams.net,site updated 15-September-2026,Canada
RA-73254,,NordStar Airlines,Boeing 737-800,Norilsky Nickel futsal club,livery,,active,best-effort,,2026-09-21,airportwebcams.net,site updated 15-September-2026,Russia
RA-73255,,NordStar Airlines,Boeing 737-800,ХК Югра (HC Yugra) Ice Hockey Club,livery,,active,best-effort,,2026-09-21,airportwebcams.net,site updated 15-September-2026,Russia
N3160G,,Northern Air Cargo,Boeing 737-800SF,70 Years Retro,retro,,active,best-effort,,2026-09-21,airportwebcams.net,site updated 15-September-2026,USA
LN-NIO,,Norwegian Air Shuttle AOC,Boeing 737-800,UNICEF,livery,,active,best-effort,,2026-09-21,airportwebcams.net,site updated 15-September-2026,Norway
SE-RPG,,Norwegian Air Sweden AOC,Boeing 737-800,UNICEF,livery,,active,best-effort,,2026-09-21,airportwebcams.net,site updated 15-September-2026,Sweden
SE-RTD,,Norwegian Air Sweden AOC,Boeing 737 MAX 8,UNICEF,livery,,active,best-effort,,2026-09-21,airportwebcams.net,site updated 15-September-2026,Sweden
SE-RXA,,Norwegian Air Sweden AOC,Boeing 737-800,UNICEF,livery,,active,best-effort,,2026-09-21,airportwebcams.net,site updated 15-September-2026,Sweden
SE-RXB,,Norwegian Air Sweden AOC,Boeing 737-800,UNICEF,livery,,active,best-effort,,2026-09-21,airportwebcams.net,site updated 15-September-2026,Sweden
ES-NSC,,NyxAir / Vastflyg,SAAB 340B,To & From Vaxjo (sticker),decal,,active,best-effort,,2026-09-21,airportwebcams.net,site updated 15-September-2026,Estonia
A4O-MQ,,Oman Air,Boeing 737 MAX 8,Oneworld,alliance,,active,best-effort,,2026-09-21,airportwebcams.net,site updated 15-September-2026,Oman
N225NE,,Omni Air International,Boeing 767-300ER,New England Patriots American football team,livery,,active,best-effort,,2026-09-21,airportwebcams.net,site updated 15-September-2026,USA
N36NE,,Omni Air International,Boeing 767-300ER,New England Patriots American football team,livery,,active,best-effort,,2026-09-21,airportwebcams.net,site updated 15-September-2026,USA
ZP-CRR,,Paranair,Bombardier CRJ200ER,Visit Uruguay (sticker),decal,,active,best-effort,,2026-09-21,airportwebcams.net,site updated 15-September-2026,Paraguay
ZP-CRS,,Paranair,Bombardier CRJ200,Visit Uruguay (sticker),decal,,active,best-effort,,2026-09-21,airportwebcams.net,site updated 15-September-2026,Paraguay
TC-RDP,,Pegasus Airlines,Airbus A321neo,100th Aircraft / Ataturk / 100th Anniversary of Republic of Turkey,livery,,active,best-effort,,2026-09-21,airportwebcams.net,site updated 15-September-2026,Turkey
RP-C3508,,Philippine Airlines,Airbus A350-900,Love Bus,livery,,active,best-effort,,2026-09-21,airportwebcams.net,site updated 15-September-2026,Philippines
RP-C3510,,Philippine Airlines,Airbus A350-1000,85th Anniversary (sticker),decal,,active,best-effort,,2026-09-21,airportwebcams.net,site updated 15-September-2026,Philippines
RP-C8972,,Philippines AirAsia,Airbus A320,AllStars - Dreamers Pushing Boundaries,livery,,active,best-effort,,2026-09-21,airportwebcams.net,site updated 15-September-2026,Philippines
RP-C8974,,Philippines AirAsia,Airbus A320,I <3 ASEAN,livery,,active,best-effort,,2026-09-21,airportwebcams.net,site updated 15-September-2026,Philippines
RP-C8975,,Philippines AirAsia,Airbus A320,Puregold,livery,,active,best-effort,,2026-09-21,airportwebcams.net,site updated 15-September-2026,Philippines
RP-C8978,,Philippines AirAsia,Airbus A320,Puregold,livery,,active,best-effort,,2026-09-21,airportwebcams.net,site updated 15-September-2026,Philippines
AP-BGK,,PIA Pakistan International Airlines,Boeing 777-200ER,I <3 Manchester (sticker),decal,,active,best-effort,,2026-09-21,airportwebcams.net,site updated 15-September-2026,Pakistan
AP-BGY,,PIA Pakistan International Airlines,Boeing 777-200LR,I  <3 Toronto (sticker),decal,,active,best-effort,,2026-09-21,airportwebcams.net,site updated 15-September-2026,Pakistan
AP-BHV,,PIA Pakistan International Airlines,Boeing 777-300ER,I <3 Madinah (sticker),decal,,active,best-effort,,2026-09-21,airportwebcams.net,site updated 15-September-2026,Pakistan
AP-BHX,,PIA Pakistan International Airlines,Boeing 777-200ER,I <3 Paris (sticker),decal,,active,best-effort,,2026-09-21,airportwebcams.net,site updated 15-September-2026,Pakistan
AP-BLA,,PIA Pakistan International Airlines,Airbus A320,PIA Retro,retro,,active,best-effort,,2026-09-21,airportwebcams.net,site updated 15-September-2026,Pakistan
AP-BLT,,PIA Pakistan International Airlines,Airbus A320,PIA Retro,retro,,active,best-effort,,2026-09-21,airportwebcams.net,site updated 15-September-2026,Pakistan
AP-BLW,,PIA Pakistan International Airlines,Airbus A320,IDEAS 2022 (sticker),decal,,active,best-effort,,2026-09-21,airportwebcams.net,site updated 15-September-2026,Pakistan
AP-BMG,,PIA Pakistan International Airlines,Boeing 777-200ER,PIA Retro,retro,,active,best-effort,,2026-09-21,airportwebcams.net,site updated 15-September-2026,Pakistan
AP-BMS,,PIA Pakistan International Airlines,Boeing 777-300ER,I <3 Madina (sticker),decal,,active,best-effort,,2026-09-21,airportwebcams.net,site updated 15-September-2026,Pakistan
RA-73225,,Pobeda,Boeing 737-800,Maheev,livery,,active,best-effort,,2026-09-21,airportwebcams.net,site updated 15-September-2026,Russia
RA-73239,,Pobeda,Boeing 737-800,Murmansk - Capital of the Arctic,livery,,active,best-effort,,2026-09-21,airportwebcams.net,site updated 15-September-2026,Russia
RA-73297,,Pobeda,Boeing 737-800,My mom is on board / We are people of business (sticker),decal,,active,best-effort,,2026-09-21,airportwebcams.net,site updated 15-September-2026,Russia
RA-73298,,Pobeda,Boeing 737-800,Relax in the Stavropol Region,livery,,active,best-effort,,2026-09-21,airportwebcams.net,site updated 15-September-2026,Russia
RA-73299,,Pobeda,Boeing 737-800,Pearl of the Baltic,livery,,active,best-effort,,2026-09-21,airportwebcams.net,site updated 15-September-2026,Russia
RA-73303,,Pobeda,Boeing 737-800,Maheev,livery,,active,best-effort,,2026-09-21,airportwebcams.net,site updated 15-September-2026,Russia
RA-73304,,Pobeda,Boeing 737-800,Maheev,livery,,active,best-effort,,2026-09-21,airportwebcams.net,site updated 15-September-2026,Russia
RA-73305,,Pobeda,Boeing 737-800,Maheev,livery,,active,best-effort,,2026-09-21,airportwebcams.net,site updated 15-September-2026,Russia
RA-73308,,Pobeda,Boeing 737-800,Maheev,livery,,active,best-effort,,2026-09-21,airportwebcams.net,site updated 15-September-2026,Russia
RA-73309,,Pobeda,Boeing 737-800,Maheev,livery,,active,best-effort,,2026-09-21,airportwebcams.net,site updated 15-September-2026,Russia
RA-73358,,Pobeda,Boeing 737-800,Making Flights Affordable / We Inspire You To Travel (sticker),decal,,active,best-effort,,2026-09-21,airportwebcams.net,site updated 15-September-2026,Russia
9J-PCW,,ProFlight Zambia,BAe Jetstream 41,Mutomboko Ceremony (sticker),decal,,active,best-effort,,2026-09-21,airportwebcams.net,site updated 15-September-2026,Zambia
VH-EBS,,Qantas,Airbus A330-200,Oneworld,alliance,,active,best-effort,,2026-09-21,airportwebcams.net,site updated 15-September-2026,Australia
VH-EBV,,Qantas,Airbus A330-200,Oneworld,alliance,,active,best-effort,,2026-09-21,airportwebcams.net,site updated 15-September-2026,Australia
VH-OGG,,Qantas,Airbus A321XLR,Great Barrier Reef Foundation,livery,,active,best-effort,,2026-09-21,airportwebcams.net,site updated 15-September-2026,Australia
VH-VYK,,Qantas,Boeing 737-800,Pride Is In The Air / Sydney Mardi Gras,livery,,active,best-effort,,2026-09-21,airportwebcams.net,site updated 15-September-2026,Australia
VH-XZP,,Qantas,Boeing 737-800,Qantas Retro,retro,,active,best-effort,,2026-09-21,airportwebcams.net,site updated 15-September-2026,Australia
VH-ZND,,Qantas,Boeing 787-9,Yam Dreaming,livery,,active,best-effort,,2026-09-21,airportwebcams.net,site updated 15-September-2026,Australia
VH-ZNJ,,Qantas,Boeing 787-9,100 Years,livery,,active,best-effort,,2026-09-21,airportwebcams.net,site updated 15-September-2026,Australia
VH-NJF,,Qantas Freight,BAe146-300QT,StarTrack Partnership (sticker),decal,,active,best-effort,,2026-09-21,airportwebcams.net,site updated 15-September-2026,Australia
VH-NJM,,Qantas Freight,BAe 146-300QT,StarTrack Partnership (sticker),decal,,active,best-effort,,2026-09-21,airportwebcams.net,site updated 15-September-2026,Australia
VH-NJZ,,Qantas Freight,BAe 146-300QT,StarTrack Partnership (sticker),decal,,active,best-effort,,2026-09-21,airportwebcams.net,site updated 15-September-2026,Australia
VH-X4A,,QantasLink,Airbus A220-300,Minyma Kutjara Tjukurpa,livery,,active,best-effort,,2026-09-21,airportwebcams.net,site updated 15-September-2026,Australia
A7-AHG,,Qatar Airways,Airbus A320,25 Years Of Excellence (sticker),decal,,active,best-effort,,2026-09-21,airportwebcams.net,site updated 15-September-2026,Qatar
A7-AHH,,Qatar Airways,Airbus A320,25 Years Of Excellence (sticker),decal,,active,best-effort,,2026-09-21,airportwebcams.net,site updated 15-September-2026,Qatar
A7-AHL,,Qatar Airways,Airbus A320,Oneworld,alliance,,active,best-effort,,2026-09-21,airportwebcams.net,site updated 15-September-2026,Qatar
A7-AHO,,Qatar Airways,Airbus A320,Oneworld,alliance,,active,best-effort,,2026-09-21,airportwebcams.net,site updated 15-September-2026,Qatar
A7-AHT,,Qatar Airways,Airbus A320,25 Years Of Excellence (sticker),decal,,active,best-effort,,2026-09-21,airportwebcams.net,site updated 15-September-2026,Qatar
A7-ALZ,,Qatar Airways,Airbus A350-900,Oneworld,alliance,,active,best-effort,,2026-09-21,airportwebcams.net,site updated 15-September-2026,Qatar
A7-ANE,,Qatar Airways,Airbus A350-1000,Oneworld,alliance,,active,best-effort,,2026-09-21,airportwebcams.net,site updated 15-September-2026,Qatar
A7-BAA,,Qatar Airways,Boeing 777-300ER,Oneworld,alliance,,active,best-effort,,2026-09-21,airportwebcams.net,site updated 15-September-2026,Qatar
A7-BAB,,Qatar Airways,Boeing 777-300ER,Oneworld,alliance,,active,best-effort,,2026-09-21,airportwebcams.net,site updated 15-September-2026,Qatar
A7-BAC,,Qatar Airways,Boeing 777-300ER,Retro,retro,,active,best-effort,,2026-09-21,airportwebcams.net,site updated 15-September-2026,Qatar
A7-BAF,,Qatar Airways,Boeing 777-300ER,Oneworld,alliance,,active,best-effort,,2026-09-21,airportwebcams.net,site updated 15-September-2026,Qatar
A7-BAG,,Qatar Airways,Boeing 777-300ER,Oneworld,alliance,,active,best-effort,,2026-09-21,airportwebcams.net,site updated 15-September-2026,Qatar
A7-BBC,,Qatar Airways,Boeing 777-200LR,25 Years Of Excellence (sticker),decal,,active,best-effort,,2026-09-21,airportwebcams.net,site updated 15-September-2026,Qatar
A7-BCW,,Qatar Airways,Boeing 787-8,25 Years Of Excellence (sticker),decal,,active,best-effort,,2026-09-21,airportwebcams.net,site updated 15-September-2026,Qatar
A7-BCX,,Qatar Airways,Boeing 787-8,25 Years Of Excellence (sticker),decal,,active,best-effort,,2026-09-21,airportwebcams.net,site updated 15-September-2026,Qatar
A7-BCY,,Qatar Airways,Boeing 787-8,25 Years Of Excellence (sticker),decal,,active,best-effort,,2026-09-21,airportwebcams.net,site updated 15-September-2026,Qatar
A7-BCZ,,Qatar Airways,Boeing 787-8,25 Years Of Excellence (sticker),decal,,active,best-effort,,2026-09-21,airportwebcams.net,site updated 15-September-2026,Qatar
A7-BDA,,Qatar Airways,Boeing 787-8,25 Years Of Excellence (sticker),decal,,active,best-effort,,2026-09-21,airportwebcams.net,site updated 15-September-2026,Qatar
A7-BED,,Qatar Airways,Boeing 777-300ER,UEFA Champions League,livery,,active,best-effort,,2026-09-21,airportwebcams.net,site updated 15-September-2026,Qatar
A7-BEE,,Qatar Airways,Boeing 777-300ER,25 Years Of Excellence (sticker),decal,,active,best-effort,,2026-09-21,airportwebcams.net,site updated 15-September-2026,Qatar
A7-BEG,,Qatar Airways,Boeing 777-300ER,Formula 1 Official Partner,livery,,active,best-effort,,2026-09-21,airportwebcams.net,site updated 15-September-2026,Qatar
A7-BEH,,Qatar Airways,Boeing 777-300ER,FIFA Official Airline of the Journey,livery,,active,best-effort,,2026-09-21,airportwebcams.net,site updated 15-September-2026,Qatar
A7-BEK,,Qatar Airways,Boeing 777-300ER,Paris St Germain football club (sticker),decal,,active,best-effort,,2026-09-21,airportwebcams.net,site updated 15-September-2026,Qatar
A7-BEL,,Qatar Airways,Boeing 777-300ER,Official Global Airline Partner of Formula 1,livery,,active,best-effort,,2026-09-21,airportwebcams.net,site updated 15-September-2026,Qatar
A7-BOC,,Qatar Airways,Boeing 777-300ER,Retro,retro,,active,best-effort,,2026-09-21,airportwebcams.net,site updated 15-September-2026,Qatar
A7-BOG,,Qatar Airways,Boeing 777-300ER,25 Years Of Excellence (sticker),decal,,active,best-effort,,2026-09-21,airportwebcams.net,site updated 15-September-2026,Qatar
A7-BOH,,Qatar Airways,Boeing 777-300ER,25 Years Of Excellence (sticker),decal,,active,best-effort,,2026-09-21,airportwebcams.net,site updated 15-September-2026,Qatar
A7-BOI,,Qatar Airways,Boeing 777-300ER,25 Years Of Excellence (sticker),decal,,active,best-effort,,2026-09-21,airportwebcams.net,site updated 15-September-2026,Qatar
A7-LAB,,Qatar Airways,Airbus A320,25 Years Of Excellence (sticker),decal,,active,best-effort,,2026-09-21,airportwebcams.net,site updated 15-September-2026,Qatar
A7-LAC,,Qatar Airways,Airbus A320,25 Years Of Excellence (sticker),decal,,active,best-effort,,2026-09-21,airportwebcams.net,site updated 15-September-2026,Qatar
A7-LAD,,Qatar Airways,Airbus A320,25 Years Of Excellence (sticker),decal,,active,best-effort,,2026-09-21,airportwebcams.net,site updated 15-September-2026,Qatar
A7-BFG,,Qatar Airways Cargo,Boeing 777F,Moved by People,livery,,active,best-effort,,2026-09-21,airportwebcams.net,site updated 15-September-2026,Qatar
B-303V,,Qingdao Airlines,Airbus A320neo,Qingdao Sea Rice,livery,,active,best-effort,,2026-09-21,airportwebcams.net,site updated 15-September-2026,China
B-304R,,Qingdao Airlines,Airbus A320neo,Laoshan (sticker),decal,,active,best-effort,,2026-09-21,airportwebcams.net,site updated 15-September-2026,China
B-308R,,Qingdao Airlines,Airbus A320neo,Tanboer Down Jackets (sticker),decal,,active,best-effort,,2026-09-21,airportwebcams.net,site updated 15-September-2026,China
B-30A1,,Qingdao Airlines,Airbus A320neo,Tanboer Down Jackets (sticker),decal,,active,best-effort,,2026-09-21,airportwebcams.net,site updated 15-September-2026,China
B-328F,,Qingdao Airlines,Airbus A320neo,Xishuangbanna (sticker),decal,,active,best-effort,,2026-09-21,airportwebcams.net,site updated 15-September-2026,China
B-328Y,,Qingdao Airlines,Airbus A320neo,Jinghong City (sticker),decal,,active,best-effort,,2026-09-21,airportwebcams.net,site updated 15-September-2026,China
B-8430,,Qingdao Airlines,Airbus A320,Bank of Qingdao (sticker),decal,,active,best-effort,,2026-09-21,airportwebcams.net,site updated 15-September-2026,China
B-8442,,Qingdao Airlines,Airbus A320,High-speed Internet Aircraft (sticker),decal,,active,best-effort,,2026-09-21,airportwebcams.net,site updated 15-September-2026,China
B-8443,,Qingdao Airlines,Airbus A320,Wonderful Jilin (sticker),decal,,active,best-effort,,2026-09-21,airportwebcams.net,site updated 15-September-2026,China
B-8586,,Qingdao Airlines,Airbus A320,DoubleStar Tyres (sticker),decal,,active,best-effort,,2026-09-21,airportwebcams.net,site updated 15-September-2026,China
B-8986,,Qingdao Airlines,Airbus A320,Tanboer Down Jackets (sticker),decal,,active,best-effort,,2026-09-21,airportwebcams.net,site updated 15-September-2026,China
YL-RAI,,RAF-Avia,ATR 72-200F,Celebrating 30 Years (sticker),decal,,active,best-effort,,2026-09-21,airportwebcams.net,site updated 15-September-2026,Latvia
RA-64043,,Red Wings,Tupolev Tu-204,United Aircraft Corporation,livery,,active,best-effort,,2026-09-21,airportwebcams.net,site updated 15-September-2026,Russia
RA-64518,,Red Wings,Tupolev Tu-214,United Aircraft Corporation,livery,,active,best-effort,,2026-09-21,airportwebcams.net,site updated 15-September-2026,Russia
RA-89007,,Red Wings,Yakovlev Superjet 100,Special Series,livery,,active,best-effort,,2026-09-21,airportwebcams.net,site updated 15-September-2026,Russia
RA-89140,,Red Wings,Yakovlev Superjet 100,Inverted,livery,,active,best-effort,,2026-09-21,airportwebcams.net,site updated 15-September-2026,Russia
VH-EKX,,REX Regional Express,SAAB 340B,sharkcagediving.com.au,livery,,active,best-effort,,2026-09-21,airportwebcams.net,site updated 15-September-2026,Australia
RA-73199,,Rossiya - Russian Airlines,Airbus A319,FC Zenit St Petersburg,livery,,active,best-effort,,2026-09-21,airportwebcams.net,site updated 15-September-2026,Russia
RA-73216,,Rossiya - Russian Airlines,Airbus A319,Russian Sports (Sportolet),livery,,active,best-effort,,2026-09-21,airportwebcams.net,site updated 15-September-2026,Russia
RA-73282,,Rossiya - Russian Airlines,Boeing 777-300,Far Eastern Leopard,livery,,active,best-effort,,2026-09-21,airportwebcams.net,site updated 15-September-2026,Russia
RA-73284,,Rossiya - Russian Airlines,Boeing 747-400,Caring For Tigers Together,livery,,active,best-effort,,2026-09-21,airportwebcams.net,site updated 15-September-2026,Russia
RA-89022,,Rossiya - Russian Airlines,Yakovlev Superjet 100,Troika,livery,,active,best-effort,,2026-09-21,airportwebcams.net,site updated 15-September-2026,Russia
RA-89025,,Rossiya - Russian Airlines,Yakovlev SuperJet 100,Dmitri Mendeleev,livery,,active,best-effort,,2026-09-21,airportwebcams.net,site updated 15-September-2026,Russia
RA-89044,,Rossiya - Russian Airlines,Yakovlev Superjet 100,Russian Ministry of Trade & Industry (sticker),decal,,active,best-effort,,2026-09-21,airportwebcams.net,site updated 15-September-2026,Russia
RA-89128,,Rossiya - Russian Airlines,Yakovlev Superjet 100,LizaAlert (sticker),decal,,active,best-effort,,2026-09-21,airportwebcams.net,site updated 15-September-2026,Russia
RA-89131,,Rossiya - Russian Airlines,Yakovlev Superjet 100,Youth Movement (sticker),decal,,active,best-effort,,2026-09-21,airportwebcams.net,site updated 15-September-2026,Russia
RA-89142,,Rossiya - Russian Airlines,Yakovlev Superjet 100,St Petersburg University 300th Anniversary (sticker),decal,,active,best-effort,,2026-09-21,airportwebcams.net,site updated 15-September-2026,Russia
RA-89146,,Rossiya - Russian Airlines,Yakovlev Superjet 100,Let's Speak Sambo / Hear Russia (sticker),decal,,active,best-effort,,2026-09-21,airportwebcams.net,site updated 15-September-2026,Russia
RA-89171,,Rossiya - Russian Airlines,Yakovlev Superjet 100,State Hermitage Museum (sticker),decal,,active,best-effort,,2026-09-21,airportwebcams.net,site updated 15-September-2026,Russia
RA-89185,,Rossiya - Russian Airlines,Yakovlev Superjet 100,90th Anniversary (sticker),decal,,active,best-effort,,2026-09-21,airportwebcams.net,site updated 15-September-2026,Russia
CN-RGB,,Royal Air Maroc,Boeing 787-8,Oneworld,alliance,,active,best-effort,,2026-09-21,airportwebcams.net,site updated 15-September-2026,Morocco
CN-RGJ,,Royal Air Maroc,Boeing 737-800,Oneworld,alliance,,active,best-effort,,2026-09-21,airportwebcams.net,site updated 15-September-2026,Morocco
CN-RGV,,Royal Air Maroc,Boeing 737-800,60 Years,livery,,active,best-effort,,2026-09-21,airportwebcams.net,site updated 15-September-2026,Morocco
CN-RGY,,Royal Air Maroc,Boeing 787-9,Go Lions / Morocco national football team (World Cup 2026),livery,,active,best-effort,,2026-09-21,airportwebcams.net,site updated 15-September-2026,Morocco
V8-RBD,,Royal Brunei Airlines,Airbus A320neo,Brunei - Adobe of Peace,livery,,active,best-effort,,2026-09-21,airportwebcams.net,site updated 15-September-2026,Brunei
JY-AYV,,Royal Jordanian,Airbus A321,Alia Retro / Jordan Centenary,retro,,active,best-effort,,2026-09-21,airportwebcams.net,site updated 15-September-2026,Jordan
JY-BAG,,Royal Jordanian,Boeing 787-8,We Fly Together Jordan's Nashama national football team (World Cup 2026) (sticker),decal,,active,best-effort,,2026-09-21,airportwebcams.net,site updated 15-September-2026,Jordan
JY-BAH,,Royal Jordanian,Boeing 787-8,We Fly Together Jordan's Nashama national football team (World Cup 2026) (sticker),decal,,active,best-effort,,2026-09-21,airportwebcams.net,site updated 15-September-2026,Jordan
JY-RAK,,Royal Jordanian,Airbus A320neo,Oneworld,alliance,,active,best-effort,,2026-09-21,airportwebcams.net,site updated 15-September-2026,Jordan
JY-REC,,Royal Jordanian,Embraer ERJ190-E2,1800th Embraer E-Jet (sticker),decal,,active,best-effort,,2026-09-21,airportwebcams.net,site updated 15-September-2026,Jordan
JY-REH,,Royal Jordanian,Embraer ERJ195-E2,Retro Alia,retro,,active,best-effort,,2026-09-21,airportwebcams.net,site updated 15-September-2026,Jordan
B-1185,,Ruili Airlines,Boeing 737-800,20th Boeing 737 (sticker),decal,,active,best-effort,,2026-09-21,airportwebcams.net,site updated 15-September-2026,China
B-5731,,Ruili Airlines,Boeing 737-800,Bosideng,livery,,active,best-effort,,2026-09-21,airportwebcams.net,site updated 15-September-2026,China
B-7865,,Ruili Airlines,Boeing 737-800,Bosideng,livery,,active,best-effort,,2026-09-21,airportwebcams.net,site updated 15-September-2026,China
YV3063,,Rutaca Airlines,Boeing 737-300,Venezuela Football Federation,livery,,active,best-effort,,2026-09-21,airportwebcams.net,site updated 15-September-2026,Venezuela
YV647T,,Rutaca Airlines,McDonnell-Douglas MD-83,JAC Motors Venezuela - Tractores BEL (sticker),decal,,active,best-effort,,2026-09-21,airportwebcams.net,site updated 15-September-2026,Venezuela
YV655T,,Rutaca Airlines,Boeing 737-300,JAC Motors Venezuela - Tractores BEL (sticker),decal,,active,best-effort,,2026-09-21,airportwebcams.net,site updated 15-September-2026,Venezuela
EI-DPN,,Ryanair,Boeing 737-800,Cantabria Infinita (sticker),decal,,active,best-effort,,2026-09-21,airportwebcams.net,site updated 15-September-2026,Ireland
EI-DPR,,Ryanair,Boeing 737-800,Cantabria Infinita (sticker),decal,,active,best-effort,,2026-09-21,airportwebcams.net,site updated 15-September-2026,Ireland
EI-EBW,,Ryanair,Boeing 737-800,Visit Wroclaw (sticker),decal,,active,best-effort,,2026-09-21,airportwebcams.net,site updated 15-September-2026,Ireland
EI-EFE,,Ryanair,Boeing 737-800,Kujawy Pomorze (sticker),decal,,active,best-effort,,2026-09-21,airportwebcams.net,site updated 15-September-2026,Ireland
EI-EFF,,Ryanair,Boeing 737-800,Kujawy Pomorze (sticker),decal,,active,best-effort,,2026-09-21,airportwebcams.net,site updated 15-September-2026,Ireland
EI-EVX,,Ryanair,Boeing 737-800,visitazores.com (sticker),decal,,active,best-effort,,2026-09-21,airportwebcams.net,site updated 15-September-2026,Ireland
RA-73182,,S7 Siberia Airlines,Airbus A320,Street Art Museum,livery,,active,best-effort,,2026-09-21,airportwebcams.net,site updated 15-September-2026,Russia
RA-73404,,S7 Siberia Airlines,Airbus A320,Siberia Reforestation,livery,,active,best-effort,,2026-09-21,airportwebcams.net,site updated 15-September-2026,Russia
RA-73490,,S7 Siberia Airlines,Airbus A321,Flight Mode On!,livery,,active,best-effort,,2026-09-21,airportwebcams.net,site updated 15-September-2026,Russia
RA-73664,,S7 Siberia Airlines,Boeing 737-800,Oneworld,alliance,,active,best-effort,,2026-09-21,airportwebcams.net,site updated 15-September-2026,Russia
LN-RKR,,SAS,Airbus A330-300,Celebratig 80 Years,livery,,active,best-effort,,2026-09-21,airportwebcams.net,site updated 15-September-2026,Denmark / Norway / Sweden
OY-KBO,,SAS,Airbus A319,SAS Retro,retro,,active,best-effort,,2026-09-21,airportwebcams.net,site updated 15-September-2026,Denmark / Norway / Sweden
HK-4525,,SATENA,Embraer ERJ145,62 years connecting the Colombian regions / Sucre es el plan (stickers),livery,,active,best-effort,,2026-09-21,airportwebcams.net,site updated 15-September-2026,Colombia
HK-4535,,SATENA,Embraer ERJ145,62 years connecting the Colombian regions / #VichadaTeEspera (stickers),livery,,active,best-effort,,2026-09-21,airportwebcams.net,site updated 15-September-2026,Colombia
HK-4806,,SATENA,ATR 42-500,Santuario de Las Lajas (sticker),decal,,active,best-effort,,2026-09-21,airportwebcams.net,site updated 15-September-2026,Colombia
HK-4979,,SATENA,ATR 42-500,Cano Cristales (sticker),decal,,active,best-effort,,2026-09-21,airportwebcams.net,site updated 15-September-2026,Colombia
HK-5114,,SATENA,ATR 42-600,Cerro Azul (sticker),decal,,active,best-effort,,2026-09-21,airportwebcams.net,site updated 15-September-2026,Colombia
HK-5129,,SATENA,ATR 42-600,Yubata (sticker),decal,,active,best-effort,,2026-09-21,airportwebcams.net,site updated 15-September-2026,Colombia
HK-5130,,SATENA,ATR 42-600,Sucre es el plan (sticker),decal,,active,best-effort,,2026-09-21,airportwebcams.net,site updated 15-September-2026,Colombia
HK-5442,,SATENA,ATR 42-600,'Karate Kid Leyendas' movie (sticker),decal,,active,best-effort,,2026-09-21,airportwebcams.net,site updated 15-September-2026,Colombia
HK-5464,,SATENA,ATR 72-600,Senal Colombia (sticker),decal,,active,best-effort,,2026-09-21,airportwebcams.net,site updated 15-September-2026,Colombia
HK-5466,,SATENA,ATR 72-600,Radio Nacional de Colombia (sticker),decal,,active,best-effort,,2026-09-21,airportwebcams.net,site updated 15-September-2026,Colombia
HK-5469-X,,SATENA,DHC-6-400 Twin Otter,Retro,retro,,active,best-effort,,2026-09-21,airportwebcams.net,site updated 15-September-2026,Colombia
HZ-AK28,,Saudia,Boeing 777-300ER,75 Years Retro,retro,,active,best-effort,,2026-09-21,airportwebcams.net,site updated 15-September-2026,Saudi Arabia
HZ-AK36,,Saudia,Boeing 777-300ER,80 Years,livery,,active,best-effort,,2026-09-21,airportwebcams.net,site updated 15-September-2026,Saudi Arabia
HZ-AK43,,Saudia,Boeing 777-300ER,ABB FIA Formula E (2024),livery,,active,best-effort,,2026-09-21,airportwebcams.net,site updated 15-September-2026,Saudi Arabia
HZ-AQE,,Saudia,Airbus A330-300,Saudi National Day,livery,,active,best-effort,,2026-09-21,airportwebcams.net,site updated 15-September-2026,Saudi Arabia
HZ-AQL,,Saudia,Airbus A330-300,SkyTeam,alliance,,active,best-effort,,2026-09-21,airportwebcams.net,site updated 15-September-2026,Saudi Arabia
HZ-AR29,,Saudia,Boeing 787-10,Esports World Cup,livery,,active,best-effort,,2026-09-21,airportwebcams.net,site updated 15-September-2026,Saudi Arabia
HZ-AR33,,Saudia,Boeing 787-10,The Red Sea (sticker),decal,,active,best-effort,,2026-09-21,airportwebcams.net,site updated 15-September-2026,Saudi Arabia
HZ-ARB,,Saudia,Boeing 787-9,94th National Day,livery,,active,best-effort,,2026-09-21,airportwebcams.net,site updated 15-September-2026,Saudi Arabia
HZ-ARE,,Saudia,Boeing 787-9,75 Years (sticker),decal,,active,best-effort,,2026-09-21,airportwebcams.net,site updated 15-September-2026,Saudi Arabia
HZ-ARF,,Saudia,Boeing 787-9,Welcome To Arabia,livery,,active,best-effort,,2026-09-21,airportwebcams.net,site updated 15-September-2026,Saudi Arabia
HZ-AS83,,Saudia,Airbus A320,SkyTeam,alliance,,active,best-effort,,2026-09-21,airportwebcams.net,site updated 15-September-2026,Saudi Arabia
HZ-ASF,,Saudia,Airbus A320,SkyTeam,alliance,,active,best-effort,,2026-09-21,airportwebcams.net,site updated 15-September-2026,Saudi Arabia
9V-OJJ,,Scoot,Boeing 787-9,Pokemon,livery,,active,best-effort,,2026-09-21,airportwebcams.net,site updated 15-September-2026,Singapore
EP-FSV,,Sepehran Airlines,Boeing 737-300,Red Miles,livery,,active,best-effort,,2026-09-21,airportwebcams.net,site updated 15-September-2026,Iran
B-227E,,SF Airlines,Boeing 767-300ER(BCF),100th 767-300BCF (sticker),decal,,active,best-effort,,2026-09-21,airportwebcams.net,site updated 15-September-2026,China
B-1275,,Shandong Airlines,Boeing 737 MAX 8,Guomei Liquor Group,livery,,active,best-effort,,2026-09-21,airportwebcams.net,site updated 15-September-2026,China
B-1358,,Shandong Airlines,Boeing 737-800,Gui Zhou Xi Jiu Liquor,livery,,active,best-effort,,2026-09-21,airportwebcams.net,site updated 15-September-2026,China
B-1745,,Shandong Airlines,Boeing 737-800,Lunan Pharmaceutical Health World,livery,,active,best-effort,,2026-09-21,airportwebcams.net,site updated 15-September-2026,China
B-1931,,Shandong Airlines,Boeing 737-800,DEEJ,livery,,active,best-effort,,2026-09-21,airportwebcams.net,site updated 15-September-2026,China
B-1932,,Shandong Airlines,Boeing 737-800,DEEJ,livery,,active,best-effort,,2026-09-21,airportwebcams.net,site updated 15-September-2026,China
B-1982,,Shandong Airlines,Boeing 737-800,DEEJ,livery,,active,best-effort,,2026-09-21,airportwebcams.net,site updated 15-September-2026,China
B-1983,,Shandong Airlines,Boeing 737-800,DEEJ,livery,,active,best-effort,,2026-09-21,airportwebcams.net,site updated 15-September-2026,China
B-1986,,Shandong Airlines,Boeing 737-800,Yunmen Wine,livery,,active,best-effort,,2026-09-21,airportwebcams.net,site updated 15-September-2026,China
B-1987,,Shandong Airlines,Boeing 737-800,DEEJ,livery,,active,best-effort,,2026-09-21,airportwebcams.net,site updated 15-September-2026,China
B-205C,,Shandong Airlines,Boeing 737 MAX 8,China Quality Award,livery,,active,best-effort,,2026-09-21,airportwebcams.net,site updated 15-September-2026,China
B-207F,,Shandong Airlines,Boeing 737 MAX 8,China Quality Award,livery,,active,best-effort,,2026-09-21,airportwebcams.net,site updated 15-September-2026,China
B-6988,,Shandong Airlines,Boeing 737-800,Gui Zhou Xi Jiu Liquor,livery,,active,best-effort,,2026-09-21,airportwebcams.net,site updated 15-September-2026,China
B-7669,,Shandong Airlines,Boeing 737-800,100th Boeing 737 Next Generation,livery,,active,best-effort,,2026-09-21,airportwebcams.net,site updated 15-September-2026,China
B-7977,,Shandong Airlines,Boeing 737-800,Hospitable Shandong/Jingzhi Wine,livery,,active,best-effort,,2026-09-21,airportwebcams.net,site updated 15-September-2026,China
B-7978,,Shandong Airlines,Boeing 737-800,Hospitality Shandong-Jingzhi,livery,,active,best-effort,,2026-09-21,airportwebcams.net,site updated 15-September-2026,China
B-1111,,Shanghai Airlines,Boeing 787-9,100th Shanghai Airlines Aircraft,livery,,active,best-effort,,2026-09-21,airportwebcams.net,site updated 15-September-2026,China
B-1017,,Shenzhen Airlines,Airbus A330-300,"Creative Shenzhen, Fashion City",livery,,active,best-effort,,2026-09-21,airportwebcams.net,site updated 15-September-2026,China
B-1757,,Shenzhen Airlines,Boeing 737-800,Star Alliance,alliance,,active,best-effort,,2026-09-21,airportwebcams.net,site updated 15-September-2026,China
B-1758,,Shenzhen Airlines,Boeing 737-800,Star Alliance,alliance,,active,best-effort,,2026-09-21,airportwebcams.net,site updated 15-September-2026,China
B-32F0,,Shenzhen Airlines,Airbus A350-900,Amazing Shenzhen,livery,,active,best-effort,,2026-09-21,airportwebcams.net,site updated 15-September-2026,China
B-6296,,Shenzhen Airlines,Airbus A320,Star Alliance,alliance,,active,best-effort,,2026-09-21,airportwebcams.net,site updated 15-September-2026,China
B-6297,,Shenzhen Airlines,Airbus A320,Star Alliance,alliance,,active,best-effort,,2026-09-21,airportwebcams.net,site updated 15-September-2026,China
B-302T,,Sichuan Airlines,Airbus A321neo,Wuliangye,livery,,active,best-effort,,2026-09-21,airportwebcams.net,site updated 15-September-2026,China
B-306N,,Sichuan Airlines,Airbus A350-900,Panda Route,livery,,active,best-effort,,2026-09-21,airportwebcams.net,site updated 15-September-2026,China
B-308F,,Sichuan Airlines,Airbus A330-300,Shuangliu One,livery,,active,best-effort,,2026-09-21,airportwebcams.net,site updated 15-September-2026,China
B-325J,,Sichuan Airlines,Airbus A350-900,Panda Route,livery,,active,best-effort,,2026-09-21,airportwebcams.net,site updated 15-September-2026,China
B-32AG,,Sichuan Airlines,Airbus A350-900,Panda Route,livery,,active,best-effort,,2026-09-21,airportwebcams.net,site updated 15-September-2026,China
B-32F8,,Sichuan Airlines,Airbus A350-900,Panda Route,livery,,active,best-effort,,2026-09-21,airportwebcams.net,site updated 15-September-2026,China
B-32G2,,Sichuan Airlines,Airbus A350-900,Panda Route,livery,,active,best-effort,,2026-09-21,airportwebcams.net,site updated 15-September-2026,China
B-32G6,,Sichuan Airlines,Airbus A350-900,Panda Route,livery,,active,best-effort,,2026-09-21,airportwebcams.net,site updated 15-September-2026,China
B-5929,,Sichuan Airlines,Airbus A330-300,Liquor Of The World / Wuliangye,livery,,active,best-effort,,2026-09-21,airportwebcams.net,site updated 15-September-2026,China
B-5945,,Sichuan Airlines,Airbus A330-300,31st Summer Universiade 2021 Chengdu,livery,,active,best-effort,,2026-09-21,airportwebcams.net,site updated 15-September-2026,China
B-5960,,Sichuan Airlines,Airbus A330-300,Changhong,livery,,active,best-effort,,2026-09-21,airportwebcams.net,site updated 15-September-2026,China
B-6388,,Sichuan Airlines,Airbus A320,Chinese Dragon,livery,,active,best-effort,,2026-09-21,airportwebcams.net,site updated 15-September-2026,China
B-6447,,Sichuan Airlines,Airbus A319,2021 Summer World University Games,livery,,active,best-effort,,2026-09-21,airportwebcams.net,site updated 15-September-2026,China
B-6719,,Sichuan Airlines,Airbus A320,Yunnan,livery,,active,best-effort,,2026-09-21,airportwebcams.net,site updated 15-September-2026,China
B-8438,,Sichuan Airlines,Airbus A321,Wuliangye,livery,,active,best-effort,,2026-09-21,airportwebcams.net,site updated 15-September-2026,China
B-8468,,Sichuan Airlines,Airbus A330-200,The World Games 2025 Chengdu,livery,,active,best-effort,,2026-09-21,airportwebcams.net,site updated 15-September-2026,China
B-8601,,Sichuan Airlines,Airbus A321,"Colourful Liangshan, beautiful Zhaojue (sticker)",decal,,active,best-effort,,2026-09-21,airportwebcams.net,site updated 15-September-2026,China
B-8603,,Sichuan Airlines,Airbus A321,Liquor Of The World / Wuliangye,livery,,active,best-effort,,2026-09-21,airportwebcams.net,site updated 15-September-2026,China
B-8690,,Sichuan Airlines,Airbus A330-300,Bank of Sichuan,livery,,active,best-effort,,2026-09-21,airportwebcams.net,site updated 15-September-2026,China
B-8962,,Sichuan Airlines,Airbus A330-200,2025 Chengdu World Games,livery,,active,best-effort,,2026-09-21,airportwebcams.net,site updated 15-September-2026,China
4K-AZ100,,Silk Way,Ilyushin Il-76,20 Years (sticker),decal,,active,best-effort,,2026-09-21,airportwebcams.net,site updated 15-September-2026,Azerbaijan
4K-AZ101,,Silk Way,Ilyushin Il-76TD,20 Years (sticker),decal,,active,best-effort,,2026-09-21,airportwebcams.net,site updated 15-September-2026,Azerbaijan
4K-AZ40,,Silk Way,Ilyushin Il-76,20 Years of Silk Way Airlines (sticker),decal,,active,best-effort,,2026-09-21,airportwebcams.net,site updated 15-September-2026,Azerbaijan
OK-SLD,,Silver Air,Let L-410,Elba Island Tourism (sticker),decal,,active,best-effort,,2026-09-21,airportwebcams.net,site updated 15-September-2026,Czech Republic
9V-MBL,,Singapore Airlines,Boeing 737 MAX 8,Star Alliance (White),alliance,,active,best-effort,,2026-09-21,airportwebcams.net,site updated 15-September-2026,Singapore
9V-SCP,,Singapore Airlines,Boeing 787-10,1000th 787 Dreamliner (sticker),decal,,active,best-effort,,2026-09-21,airportwebcams.net,site updated 15-September-2026,Singapore
9V-SMF,,Singapore Airlines,Airbus A350-900,10000th Airbus Aircraft (sticker),decal,,active,best-effort,,2026-09-21,airportwebcams.net,site updated 15-September-2026,Singapore
9V-SWI,,Singapore Airlines,Boeing 777-300ER,Star Alliance (White),alliance,,active,best-effort,,2026-09-21,airportwebcams.net,site updated 15-September-2026,Singapore
9V-SWJ,,Singapore Airlines,Boeing 777-300ER,Star Alliance (White),alliance,,active,best-effort,,2026-09-21,airportwebcams.net,site updated 15-September-2026,Singapore
9V-SWM,,Singapore Airlines,Boeing 777-300ER,Star Alliance (White),alliance,,active,best-effort,,2026-09-21,airportwebcams.net,site updated 15-September-2026,Singapore
CC-DBE,,Sky Airline,Airbus A320neo,Vive Ligero (sticker),decal,,active,best-effort,,2026-09-21,airportwebcams.net,site updated 15-September-2026,Chile
JA73AB,,Skymark Airlines,Boeing 737-800,Pokemon,livery,,active,best-effort,,2026-09-21,airportwebcams.net,site updated 15-September-2026,Japan
JA73NG,,Skymark Airlines,Boeing 737-800,Pokemon,livery,,active,best-effort,,2026-09-21,airportwebcams.net,site updated 15-September-2026,Japan
9H-SAU,,SkyUp Europe,Boeing 737-800,United24 (sticker),decal,,active,best-effort,,2026-09-21,airportwebcams.net,site updated 15-September-2026,Malta
OK-SWN,,Smartwings,Boeing 737 MAX 8,Tenerife! awakens emotions (sticker),decal,,active,best-effort,,2026-09-21,airportwebcams.net,site updated 15-September-2026,Czech Republic
OK-HEU,,Smartwings / CSA,Airbus A320,100 Years (sticker),decal,,active,best-effort,,2026-09-21,airportwebcams.net,site updated 15-September-2026,Czech Republic
JA803X,,Solaseed Air,Boeing 737-800,Pokemon Nassie Jet Miyazaki,livery,,active,best-effort,,2026-09-21,airportwebcams.net,site updated 15-September-2026,Japan
JA807X,,Solaseed Air,Boeing 737-800,Go! Forward Kumamoto (sticker),decal,,active,best-effort,,2026-09-21,airportwebcams.net,site updated 15-September-2026,Japan
ZS-SXD,,South African Airways,Airbus A340-300,Team South Africa 2012,livery,,active,best-effort,,2026-09-21,airportwebcams.net,site updated 15-September-2026,South Africa
ZS-SZF,,South African Airways,Airbus A320,Star Alliance,alliance,,active,best-effort,,2026-09-21,airportwebcams.net,site updated 15-September-2026,South Africa
N958SP,,Southern Airways Express,Cessna 208 Grand Caravan,Purdue University,livery,,active,best-effort,,2026-09-21,airportwebcams.net,site updated 15-September-2026,USA
N1776R,,Southwest Airlines,B38M,Independence One,livery,"A special livery celebrating the 250th Anniversary of the United States, in partnership with America250. The words ""Life, Liberty, and the pursuit of happiness"" are displayed on both sides of the fuse",active,verified,2026-04,2026-09-21,wikipedia:Southwest_Airlines_fleet;https://worldairlinenews.com/2026/04/27/southwest-airlinesd-unveils-independence-one-on-n1776r/;airportwebcams.net,livery first introduced 2026 (not this tail's paint date),USA
N214WN,,Southwest Airlines,,Maryland One,livery,"The flag of the state of Maryland is applied across this aircraft. The tail was repainted into the new ""Heart"" colors in 2021, while the rest of the fuselage remained the same.",active,best-effort,,2026-09-21,wikipedia:Southwest_Airlines_fleet;airportwebcams.net,livery first introduced 2005 (not this tail's paint date),USA
N230WN,,Southwest Airlines,,Colorado One,livery,"The flag of the state of Colorado is applied across this aircraft. N230WN is the 5,000th Boeing 737 ever produced. A special commemorative placard is placed on the top of the entry door frame of this",retired,best-effort,,2026-09-21,wikipedia:Southwest_Airlines_fleet,livery first introduced 2012 (not this tail's paint date),
N266WN,,Southwest Airlines,,Colleen Barrett – Heroine of the Heart,decal,"This aircraft wears special decals in honor of Colleen Barrett, President Emeritus of Southwest Airlines. In 2001, she became the first woman to hold the office of president at a major airline, and he",retired,best-effort,,2026-09-21,wikipedia:Southwest_Airlines_fleet,livery first introduced 2007 (not this tail's paint date),
N280WN,,Southwest Airlines,,Missouri One,livery,"The flag of the state of Missouri is applied across this aircraft. N280WN was previously painted in the ""Penguin One"" livery until Southwest ended their partnership with SeaWorld.",active,best-effort,,2026-09-21,wikipedia:Southwest_Airlines_fleet;airportwebcams.net,livery first introduced 2015 (not this tail's paint date),USA
N289CT,,Southwest Airlines,,The Charles E. Taylor,decal,"This aircraft is named in honor of Charles E. Taylor, the first aviation mechanic. He worked with the Wright Brothers and built the engine used on the Wright Flyer. This decal was previously applied o",retired,best-effort,,2026-09-21,wikipedia:Southwest_Airlines_fleet,livery first introduced 2008 (not this tail's paint date),
N352SW,,Southwest Airlines,,Lone Star One,livery,"The flag of the state of Texas is applied across this aircraft. This livery was previously applied to N352SW, a Boeing 737-300, back in 1990. N352SW was also Southwest's first-ever aircraft to be pain",retired,best-effort,,2026-09-21,wikipedia:Southwest_Airlines_fleet,livery first introduced 1990 (not this tail's paint date),
N363SW,,Southwest Airlines,,Heroes of the Heart,decal,This aircraft wears special decals in honor of the many thousands of employees working to keep Southwest Airlines moving forward each and every single day. The original aircraft was dedicated to South,retired,best-effort,,2026-09-21,wikipedia:Southwest_Airlines_fleet,livery first introduced 1993 (not this tail's paint date),
N365SW,,Southwest Airlines,,The Herbert D. Kelleher,retro,"This aircraft wears special decals in honor of Herbert D. Kelleher, the founder and Chairman Emeritus of Southwest Airlines, and it's one of two aircraft in the airline's fleet that's still painted in",retired,best-effort,,2026-09-21,wikipedia:Southwest_Airlines_fleet,livery first introduced 1978 (not this tail's paint date),
N383SW,,Southwest Airlines,,Arizona One,livery,The flag of the state of Arizona is applied across this aircraft.,retired,best-effort,,2026-09-21,wikipedia:Southwest_Airlines_fleet,livery first introduced 1994 (not this tail's paint date),
N409WN,,Southwest Airlines,,Triple Crown One,decal,"This aircraft wears special decals on the nose, and a large heart-shaped medallion in ""Desert Gold"" colors is painted over the top and each side of air fuselage. The aircraft is dedicated to the compa",retired,best-effort,,2026-09-21,wikipedia:Southwest_Airlines_fleet,livery first introduced 1997 (not this tail's paint date),
N439WN,,Southwest Airlines,,The Donald G. Ogden,decal,"This aircraft wears special decals in honor of Donald G. Ogden, Southwest Airlines' first Vice President of Flight Operations. He served from 1971 until his retirement in 1981. This decal was previous",active,best-effort,,2026-09-21,wikipedia:Southwest_Airlines_fleet,livery first introduced 1981 (not this tail's paint date),
N443WN,,Southwest Airlines,,The Spirit of Hope,decal,"This aircraft wears special decals in honor of the 30th Anniversary of the first ever Ronald McDonald House. On the interior of this aircraft, the overhead bins are covered in artwork from kids at a R",active,best-effort,,2026-09-21,wikipedia:Southwest_Airlines_fleet,livery first introduced 2004 (not this tail's paint date),
N500WR,,Southwest Airlines,B738,Freedom One,livery,The flag of the United States of America is applied across this aircraft. This is Southwest's first Boeing 737-800 with a special livery.,active,best-effort,,2026-09-21,wikipedia:Southwest_Airlines_fleet;airportwebcams.net,livery first introduced 2021 (not this tail's paint date),USA
N52SW,,Southwest Airlines,,The Herbert D. Kelleher,retro,"This aircraft wears special decals in honor of Herbert D. Kelleher, the founder and Chairman Emeritus of Southwest Airlines, and it's one of two aircraft in the airline's fleet that's still painted in",retired,best-effort,,2026-09-21,wikipedia:Southwest_Airlines_fleet,livery first introduced 1978 (not this tail's paint date),
N601WN,,Southwest Airlines,,The Jack Vidal,decal,"This aircraft wears special decals in honor of Jack Vidal, Southwest's first Vice President of Maintenance. This decal was previously applied on the nose of N601WN, a Boeing 737-300, back in 1995. Thi",retired,best-effort,,2026-09-21,wikipedia:Southwest_Airlines_fleet,livery first introduced 1995 (not this tail's paint date),
N609SW,,Southwest Airlines,,California One,livery,The flag of the state of California is applied across this aircraft.,retired,best-effort,,2026-09-21,wikipedia:Southwest_Airlines_fleet,livery first introduced 1995 (not this tail's paint date),
N629SW,,Southwest Airlines,,Silver One,decal,"This aircraft wears special decals in celebration of Southwest's 25th anniversary. N629SW, a Boeing 737-300, was originally polished bare metal, but it was later painted silver for easier maintenance.",retired,best-effort,,2026-09-21,wikipedia:Southwest_Airlines_fleet,livery first introduced 1996 (not this tail's paint date),
N647SW,,Southwest Airlines,,Triple Crown One,decal,"This aircraft wears special decals on the nose, and a large heart-shaped medallion in ""Desert Gold"" colors is painted over the top and each side of air fuselage. The aircraft is dedicated to the compa",retired,best-effort,,2026-09-21,wikipedia:Southwest_Airlines_fleet,livery first introduced 1997 (not this tail's paint date),
N67SW,,Southwest Airlines,,The Rollin W. King,decal,"This aircraft wears special decals in honor of Rollin W. King, the co-founder of Southwest Airlines. This decal was previously applied on the nose of N67SW, a Boeing 737-200, back in 1980. This decal",retired,best-effort,,2026-09-21,wikipedia:Southwest_Airlines_fleet,livery first introduced 1980 (not this tail's paint date),
N711HK,,Southwest Airlines,,The Herbert D. Kelleher,retro,"This aircraft wears special decals in honor of Herbert D. Kelleher, the founder and Chairman Emeritus of Southwest Airlines, and it's one of two aircraft in the airline's fleet that's still painted in",retired,best-effort,,2026-09-21,wikipedia:Southwest_Airlines_fleet,livery first introduced 1978 (not this tail's paint date),
N71SW,,Southwest Airlines,,The Donald G. Ogden,decal,"This aircraft wears special decals in honor of Donald G. Ogden, Southwest Airlines' first Vice President of Flight Operations. He served from 1971 until his retirement in 1981. This decal was previous",retired,best-effort,,2026-09-21,wikipedia:Southwest_Airlines_fleet,livery first introduced 1981 (not this tail's paint date),
N727SW,,Southwest Airlines,,Nevada One,livery,"The flag of the state of Nevada is applied across this aircraft. After N727SW was retired in November 2022, the ""Nevada One"" livery was painted onto N8646B, a Boeing 737-800, in May 2023.",retired,best-effort,,2026-09-21,wikipedia:Southwest_Airlines_fleet,livery first introduced 1999 (not this tail's paint date),
N781WN,,Southwest Airlines,,New Mexico One,livery,"The flag of the state of New Mexico is applied across this aircraft. The tail of N781WN, a Boeing 737-700, was repainted into the new ""Heart"" colors in 2018, while the rest of the fuselage remained th",retired,best-effort,,2026-09-21,wikipedia:Southwest_Airlines_fleet,livery first introduced 2000 (not this tail's paint date),
N8301J,,Southwest Airlines,,Warrior One,decal,"This aircraft was named in salute of the Southwest Employees' Warrior Spirit, as this was the first ever Boeing 737-800 to enter service with Southwest. This aircraft has been painted in the ""Heart"" l",active,best-effort,,2026-09-21,wikipedia:Southwest_Airlines_fleet,livery first introduced 2012 (not this tail's paint date),
N8555Z,,Southwest Airlines,,Tennessee One,livery,"The flag of the state of Tennessee is applied across this aircraft. N922WN, a Boeing 737-700, was repainted into the standard ""Heart"" livery in April 2021 due to paint issues with the ""Tennessee One""",active,best-effort,,2026-09-21,wikipedia:Southwest_Airlines_fleet;airportwebcams.net,livery first introduced 2016 (not this tail's paint date); sources disagree on Tennessee One tail (N8555Z vs older N8620H),USA
N8619F,,Southwest Airlines,,Illinois One,livery,"The flag of the state of Illinois is applied across this aircraft. N918WN, a Boeing 737-700, was returned to the lessor and was repainted white in 2020. Throughout 2021, N918WN sat in the desert of th",active,best-effort,,2026-09-21,wikipedia:Southwest_Airlines_fleet;airportwebcams.net,livery first introduced 2008 (not this tail's paint date),USA
N8620H,,Southwest Airlines,,Tennessee One,livery,"The flag of the state of Tennessee is applied across this aircraft. N922WN, a Boeing 737-700, was repainted into the standard ""Heart"" livery in April 2021 due to paint issues with the ""Tennessee One""",retired,best-effort,,2026-09-21,wikipedia:Southwest_Airlines_fleet,"wikipedia marks previous Tennessee One; cohrsfamily.com (older, undated) listed it as current; likely repainted",
N8642E,,Southwest Airlines,,Heart One,livery,"The first aircraft painted into Southwest's ""Heart"" livery, the new primary livery for Southwest Airlines effective September 8, 2014.",active,best-effort,,2026-09-21,wikipedia:Southwest_Airlines_fleet,livery first introduced 2014 (not this tail's paint date),
N8646B,,Southwest Airlines,,Nevada One,livery,"The flag of the state of Nevada is applied across this aircraft. After N727SW was retired in November 2022, the ""Nevada One"" livery was painted onto N8646B, a Boeing 737-800, in May 2023.",active,best-effort,,2026-09-21,wikipedia:Southwest_Airlines_fleet;airportwebcams.net,livery first introduced 1999 (not this tail's paint date),USA
N8653A,,Southwest Airlines,,California One,livery,The flag of the state of California is applied across this aircraft.,active,best-effort,,2026-09-21,wikipedia:Southwest_Airlines_fleet;airportwebcams.net,livery first introduced 1995 (not this tail's paint date),USA
N8655D,,Southwest Airlines,B38M,New Mexico One,livery,"The flag of the state of New Mexico is applied across this aircraft. The tail of N781WN, a Boeing 737-700, was repainted into the new ""Heart"" colors in 2018, while the rest of the fuselage remained th",active,verified,,2026-09-21,wikipedia:Southwest_Airlines_fleet;https://www.krqe.com/news/albuquerque-metro/new-mexico-one-and-the-southwest-specialty-fleet/;airportwebcams.net,livery first introduced 2000 (not this tail's paint date),USA
N8660A,,Southwest Airlines,,Lone Star One,livery,"The flag of the state of Texas is applied across this aircraft. This livery was previously applied to N352SW, a Boeing 737-300, back in 1990. N352SW was also Southwest's first-ever aircraft to be pain",active,best-effort,,2026-09-21,wikipedia:Southwest_Airlines_fleet;airportwebcams.net,livery first introduced 1990 (not this tail's paint date),USA
N8681M,,Southwest Airlines,,Triple Crown One,decal,"This aircraft wears special decals on the nose, and a large heart-shaped medallion in ""Desert Gold"" colors is painted over the top and each side of air fuselage. The aircraft is dedicated to the compa",active,best-effort,,2026-09-21,wikipedia:Southwest_Airlines_fleet;airportwebcams.net,livery first introduced 1997 (not this tail's paint date),USA
N8690A,,Southwest Airlines,,Colorado One,livery,"The flag of the state of Colorado is applied across this aircraft. N230WN is the 5,000th Boeing 737 ever produced. A special commemorative placard is placed on the top of the entry door frame of this",active,best-effort,,2026-09-21,wikipedia:Southwest_Airlines_fleet;airportwebcams.net,livery first introduced 2012 (not this tail's paint date),USA
N8710M,,Southwest Airlines,,Imua One,livery,This aircraft is dedicated to the employees of Southwest and communities in the state of Hawaii who have welcomed Southwest Airlines with open arms. The eight central visual elements on this aircraft,active,best-effort,,2026-09-21,wikipedia:Southwest_Airlines_fleet;airportwebcams.net,livery first introduced 2023 (not this tail's paint date),USA
N8719Q,,Southwest Airlines,B38M,Liberty One,livery,"This aircraft, like Freedom One, displays the flag of the United States across the aircraft.",active,verified,2026-04,2026-09-21,wikipedia:Southwest_Airlines_fleet;https://liveandletsfly.com/southwest-airlines-independence-one-boeing-737/;airportwebcams.net,livery first introduced 2026 (not this tail's paint date),USA
N871HK,,Southwest Airlines,B38M,The Herbert D. Kelleher,retro,"This aircraft wears special decals in honor of Herbert D. Kelleher, the founder and Chairman Emeritus of Southwest Airlines, and it's one of two aircraft in the airline's fleet that's still painted in",active,verified,,2026-09-21,wikipedia:Southwest_Airlines_fleet;https://www.cohrsfamily.com/southwest-airlines---special-aircraft.html,livery first introduced 1978 (not this tail's paint date),USA
N872CB,,Southwest Airlines,,Colleen Barrett – Heroine of the Heart,decal,"This aircraft wears special decals in honor of Colleen Barrett, President Emeritus of Southwest Airlines. In 2001, she became the first woman to hold the office of president at a major airline, and he",active,best-effort,,2026-09-21,wikipedia:Southwest_Airlines_fleet,livery first introduced 2007 (not this tail's paint date),USA
N8730Q,,Southwest Airlines,Boeing 737 MAX 8,Love In The Air,livery,,active,best-effort,,2026-09-21,airportwebcams.net,site updated 15-September-2026,USA
N8977G,,Southwest Airlines,B38M,Louisiana One,livery,The flag of the state of Louisiana is applied across this aircraft.,active,verified,2025-10,2026-09-21,wikipedia:Southwest_Airlines_fleet;https://worldairlinenews.com/2025/10/15/southwest-airlines-unveils-a-new-louisiana-one-on-n8977g/;airportwebcams.net,replaced N946WN as Louisiana One (Jul 2025),USA
N9019R,,Southwest Airlines,Boeing 737 MAX 8,Florida One,livery,,active,best-effort,,2026-09-21,airportwebcams.net,site updated 15-September-2026,USA
N906WN,,Southwest Airlines,,The Charles E. Taylor,decal,"This aircraft is named in honor of Charles E. Taylor, the first aviation mechanic. He worked with the Wright Brothers and built the engine used on the Wright Flyer. This decal was previously applied o",active,best-effort,,2026-09-21,wikipedia:Southwest_Airlines_fleet;airportwebcams.net,livery first introduced 2008 (not this tail's paint date),USA
N918WN,,Southwest Airlines,,Illinois One,livery,"The flag of the state of Illinois is applied across this aircraft. N918WN, a Boeing 737-700, was returned to the lessor and was repainted white in 2020. Throughout 2021, N918WN sat in the desert of th",retired,best-effort,,2026-09-21,wikipedia:Southwest_Airlines_fleet,livery first introduced 2008 (not this tail's paint date),
N922WN,,Southwest Airlines,,Tennessee One,livery,"The flag of the state of Tennessee is applied across this aircraft. N922WN, a Boeing 737-700, was repainted into the standard ""Heart"" livery in April 2021 due to paint issues with the ""Tennessee One""",retired,best-effort,,2026-09-21,wikipedia:Southwest_Airlines_fleet,livery first introduced 2016 (not this tail's paint date),
N931WN,,Southwest Airlines,,Lone Star One,livery,"The flag of the state of Texas is applied across this aircraft. This livery was previously applied to N352SW, a Boeing 737-300, back in 1990. N352SW was also Southwest's first-ever aircraft to be pain",retired,best-effort,,2026-09-21,wikipedia:Southwest_Airlines_fleet,livery first introduced 1990 (not this tail's paint date),
N938WN,,Southwest Airlines,,Heroes of the Heart,decal,This aircraft wears special decals in honor of the many thousands of employees working to keep Southwest Airlines moving forward each and every single day. The original aircraft was dedicated to South,active,best-effort,,2026-09-21,wikipedia:Southwest_Airlines_fleet;airportwebcams.net,livery first introduced 1993 (not this tail's paint date),USA
N943WN,,Southwest Airlines,,California One,livery,The flag of the state of California is applied across this aircraft.,retired,best-effort,,2026-09-21,wikipedia:Southwest_Airlines_fleet,livery first introduced 1995 (not this tail's paint date),
N945WN,,Southwest Airlines,,Florida One,livery,"The flag of the state of Florida is applied across this aircraft. The tail was repainted into the new ""Heart"" colors in 2018, while the rest of the fuselage remained the same.",retired,best-effort,,2026-09-21,wikipedia:Southwest_Airlines_fleet,livery first introduced 2010 (not this tail's paint date),
N946WN,,Southwest Airlines,,Louisiana One,livery,The flag of the state of Louisiana is applied across this aircraft.,retired,best-effort,,2026-09-21,wikipedia:Southwest_Airlines_fleet,livery first introduced 2018 (not this tail's paint date),
N953WN,,Southwest Airlines,,Silver One,decal,"This aircraft wears special decals in celebration of Southwest's 25th anniversary. N629SW, a Boeing 737-300, was originally polished bare metal, but it was later painted silver for easier maintenance.",active,best-effort,,2026-09-21,wikipedia:Southwest_Airlines_fleet,livery first introduced 1996 (not this tail's paint date),
N955WN,,Southwest Airlines,,Arizona One,livery,The flag of the state of Arizona is applied across this aircraft.,active,best-effort,,2026-09-21,wikipedia:Southwest_Airlines_fleet;airportwebcams.net,livery first introduced 1994 (not this tail's paint date),USA
VT-SFB,,SpiceJet,Boeing 737-700F,SpiceXpress,livery,,active,best-effort,,2026-09-21,airportwebcams.net,site updated 15-September-2026,India
VT-SGG,,Spicejet,Boeing 737-800,Larger Than Life,livery,,active,best-effort,,2026-09-21,airportwebcams.net,site updated 15-September-2026,India
VT-SZL,,SpiceJet,Boeing 737-900ER,Yu Rise & Conquer Hardik,livery,,active,best-effort,,2026-09-21,airportwebcams.net,site updated 15-September-2026,India
B-1807,,Spring Airlines,Airbus A320,Fair Link,livery,,active,best-effort,,2026-09-21,airportwebcams.net,site updated 15-September-2026,China
B-30D6,,Spring Airlines,Airbus A320neo,100th for Spring Airlines,livery,,active,best-effort,,2026-09-21,airportwebcams.net,site updated 15-September-2026,China
B-32E3,,Spring Airlines,Airbus A320neo,Tag Espresso (sticker),decal,,active,best-effort,,2026-09-21,airportwebcams.net,site updated 15-September-2026,China
B-6841,,Spring Airlines,Airbus A320,Smartee Dental Technology,livery,,active,best-effort,,2026-09-21,airportwebcams.net,site updated 15-September-2026,China
B-6862,,Spring Airlines,Airbus A320,Bosideng,livery,,active,best-effort,,2026-09-21,airportwebcams.net,site updated 15-September-2026,China
B-8248,,Spring Airlines,Airbus A320,Oishi,livery,,active,best-effort,,2026-09-21,airportwebcams.net,site updated 15-September-2026,China
B-8581,,Spring Airlines,Airbus A320,Tsingtao Brewery,livery,,active,best-effort,,2026-09-21,airportwebcams.net,site updated 15-September-2026,China
B-8700,,Spring Airlines,Airbus A320,Dingzhi Dental,livery,,active,best-effort,,2026-09-21,airportwebcams.net,site updated 15-September-2026,China
4R-ABO,,SriLankan Airlines,Airbus A320,Oneworld,alliance,,active,best-effort,,2026-09-21,airportwebcams.net,site updated 15-September-2026,Sri Lanka
4R-ALH,,SriLankan Airlines,Airbus A330-200,Oneworld,alliance,,active,best-effort,,2026-09-21,airportwebcams.net,site updated 15-September-2026,Sri Lanka
4R-ALP,,SriLankan Airlines,Airbus A330-300,Kandy Esala Perahera (sticker),decal,,active,best-effort,,2026-09-21,airportwebcams.net,site updated 15-September-2026,Sri Lanka
4R-ANC,,SriLankan Airlines,Airbus A321neo,Nawam Maha Perahera Buddhist festival,livery,,active,best-effort,,2026-09-21,airportwebcams.net,site updated 15-September-2026,Sri Lanka
PK-BBF,,Sriwijaya Air,Boeing 737-800,SJ (sticker),decal,,active,best-effort,,2026-09-21,airportwebcams.net,site updated 15-September-2026,Indonesia
PK-CLE,,Sriwijaya Air,Boeing 737-500,I Love Papua (sticker),decal,,active,best-effort,,2026-09-21,airportwebcams.net,site updated 15-September-2026,Indonesia
PK-CLF,,Sriwijaya Air,Boeing 737-500,I Love Papua (sticker),decal,,active,best-effort,,2026-09-21,airportwebcams.net,site updated 15-September-2026,Indonesia
PK-CLH,,Sriwijaya Air,Boeing 737-500,I Love Papua (sticker),decal,,active,best-effort,,2026-09-21,airportwebcams.net,site updated 15-September-2026,Indonesia
OB-2167-P,,Star Peru,Boeing 737-300,Yapi es Todo,livery,,active,best-effort,,2026-09-21,airportwebcams.net,site updated 15-September-2026,Peru
OB2176P,,Star Peru,Boeing 737-300,29 Anos Volando Contigo (sticker),decal,,active,best-effort,,2026-09-21,airportwebcams.net,site updated 15-September-2026,Peru
OB2181P,,Star Peru,Boeing 737-300,Retro,retro,,active,best-effort,,2026-09-21,airportwebcams.net,site updated 15-September-2026,Peru
OB2185P,,Star Peru,Boeing 737-300,Christmas,livery,,active,best-effort,,2026-09-21,airportwebcams.net,site updated 15-September-2026,Peru
OB2233P,,Star Peru,Boeing 737-300,8+23kg Manu & Bodega Gratis,livery,,active,best-effort,,2026-09-21,airportwebcams.net,site updated 15-September-2026,Peru
B-58551,,Starlux Airlines,Airbus A350-1000,Carbon Fibre,livery,,active,best-effort,,2026-09-21,airportwebcams.net,site updated 15-September-2026,China/Taiwan
B-58552,,Starlux Airlines,Airbus A350-1000,Carbon Fibre,livery,,active,best-effort,,2026-09-21,airportwebcams.net,site updated 15-September-2026,China/Taiwan
B-58553,,STARLUX Airlines,Airbus A350-1000,Air Sorayama Silver,livery,,active,best-effort,,2026-09-21,airportwebcams.net,site updated 15-September-2026,China/Taiwan
B-58554,,STARLUX Airlines,Airbus A350-1000,Airsorayama Gold,livery,,active,best-effort,,2026-09-21,airportwebcams.net,site updated 15-September-2026,China/Taiwan
N809SY,,Sun Country Airlines,Boeing 737-800,Minnesota Golden Gophers athletics team,livery,,active,best-effort,,2026-09-21,airportwebcams.net,site updated 15-September-2026,USA
N826SY,,Sun Country Airlines,Boeing 737-800,Retro,retro,,active,best-effort,,2026-09-21,airportwebcams.net,site updated 15-September-2026,USA
TC-SME,,SunExpress,Boeing 737 MAX 8,35 Years (sticker),decal,,active,best-effort,,2026-09-21,airportwebcams.net,site updated 15-September-2026,Turkey
TC-SMF,,SunExpress,Boeing 737 MAX 8,Crystal Palace football team,livery,,active,best-effort,,2026-09-21,airportwebcams.net,site updated 15-September-2026,Turkey
TC-SOI,,SunExpress,Boeing 737 MAX 8,VfBExpress / VfB Stuttgart football team,livery,,active,best-effort,,2026-09-21,airportwebcams.net,site updated 15-September-2026,Turkey
TC-SOZ,,SunExpress,Boeing 737-800,Impressions Of Istanbul,livery,,active,best-effort,,2026-09-21,airportwebcams.net,site updated 15-September-2026,Turkey
TC-SPO,,SunExpress,Boeing 737-800,Star Trek / Paramount+,livery,,active,best-effort,,2026-09-21,airportwebcams.net,site updated 15-September-2026,Turkey
TC-SPY,,SunExpress,Boeing 737-800,'Smurfs' movie,livery,,active,best-effort,,2026-09-21,airportwebcams.net,site updated 15-September-2026,Turkey
ZS-JWD,,Sunrise Airways,Embraer EMB-120,ONE Caribbean,livery,,active,best-effort,,2026-09-21,airportwebcams.net,site updated 15-September-2026,Haiti
C-FAXD,,Sunwing Airlines,Boeing 737 MAX 8,Planet Hollywood,livery,,active,best-effort,,2026-09-21,airportwebcams.net,site updated 15-September-2026,Canada
C-GMXB,,Sunwing Airlines,Boeing 737 MAX 8,Royalton Luxury Resorts,livery,,active,best-effort,,2026-09-21,airportwebcams.net,site updated 15-September-2026,Canada
B-5685,,Suparna Airlines,Boeing 737-800,Ruijin Hospital,livery,,active,best-effort,,2026-09-21,airportwebcams.net,site updated 15-September-2026,China
PK-SAE,,Super Air Jet,Airbus A320,BNI Xpora (sticker),decal,,active,best-effort,,2026-09-21,airportwebcams.net,site updated 15-September-2026,Indonesia
PK-SAJ,,Super Air Jet,Airbus A320,tsmedia. (sticker),decal,,active,best-effort,,2026-09-21,airportwebcams.net,site updated 15-September-2026,Indonesia
PK-SAS,,Super Air Jet,Airbus A320,Book Cabin (sticker),decal,,active,best-effort,,2026-09-21,airportwebcams.net,site updated 15-September-2026,Indonesia
PK-SAT,,Super Air Jet,Airbus A320,"Say No To Drugs, Say Yes To Travel (sticker)",decal,,active,best-effort,,2026-09-21,airportwebcams.net,site updated 15-September-2026,Indonesia
PK-SAV,,Super Air Jet,Airbus A320,"Say No To Drugs, Say Yes To Travel (sticker)",decal,,active,best-effort,,2026-09-21,airportwebcams.net,site updated 15-September-2026,Indonesia
PK-SGB,,Super Air Jet,Airbus A320,Book Cabin (sticker),decal,,active,best-effort,,2026-09-21,airportwebcams.net,site updated 15-September-2026,Indonesia
PK-SGD,,Super Air Jet,Airbus A320,Book Cabin (sticker),decal,,active,best-effort,,2026-09-21,airportwebcams.net,site updated 15-September-2026,Indonesia
PK-SJD,,Super Air Jet,Airbus A320,Book Cabin (sticker),decal,,active,best-effort,,2026-09-21,airportwebcams.net,site updated 15-September-2026,Indonesia
PK-SJF,,Super Air Jet,Airbus A320,Book Cabin (sticker),decal,,active,best-effort,,2026-09-21,airportwebcams.net,site updated 15-September-2026,Indonesia
PK-SJO,,Super Air Jet,Airbus A320,bookcabin.com (sticker),decal,,active,best-effort,,2026-09-21,airportwebcams.net,site updated 15-September-2026,Indonesia
PK-STI,,Super Air Jet,Airbus A320,Book Cabin (sticker),decal,,active,best-effort,,2026-09-21,airportwebcams.net,site updated 15-September-2026,Indonesia
PK-STQ,,Super Air Jet,Airbus A320,Our Super 50th Jet,livery,,active,best-effort,,2026-09-21,airportwebcams.net,site updated 15-September-2026,Indonesia
PK-STS,,Super Air Jet,Airbus A320,BookCabin,livery,,active,best-effort,,2026-09-21,airportwebcams.net,site updated 15-September-2026,Indonesia
PK-STZ,,Super Air Jet,Airbus A320,Book Cabin (sticker),decal,,active,best-effort,,2026-09-21,airportwebcams.net,site updated 15-September-2026,Indonesia
PZ-TCV,,Surinam Airways,Boeing 737-800,Caribbean Premier League cricket,livery,,active,best-effort,,2026-09-21,airportwebcams.net,site updated 15-September-2026,Suriname
HB-IFA,,SWISS,Airbus A350-900,Wanderlust,livery,,active,best-effort,,2026-09-21,airportwebcams.net,site updated 15-September-2026,Switzerland
HB-IJN,,SWISS,Airbus A320,Star Alliance,alliance,,active,best-effort,,2026-09-21,airportwebcams.net,site updated 15-September-2026,Switzerland
HB-IJO,,SWISS,Airbus A320,Star Alliance,alliance,,active,best-effort,,2026-09-21,airportwebcams.net,site updated 15-September-2026,Switzerland
YK-AKG,,SyrianAir,Airbus A320,Freed & our wings took flight (sticker),decal,,active,best-effort,,2026-09-21,airportwebcams.net,site updated 15-September-2026,Syria
YK-AKH,,SyrianAir,Airbus A320,Freed & our wings took flight (sticker),decal,,active,best-effort,,2026-09-21,airportwebcams.net,site updated 15-September-2026,Syria
YK-SYR,,SyrianAir,Boeing 737-500,Freed & our wings took flight (sticker),decal,,active,best-effort,,2026-09-21,airportwebcams.net,site updated 15-September-2026,Syria
D2-TAF,,TAAG - Angola Airlines,Airbus A220-300,50 Years of Angolan Independence (sticker),decal,,active,best-effort,,2026-09-21,airportwebcams.net,site updated 15-September-2026,Angola
D2-TAI,,TAAG - Angola Airlines,Airbus A220-300,50 Years of Angolan Independence (sticker),decal,,active,best-effort,,2026-09-21,airportwebcams.net,site updated 15-September-2026,Angola
D2-TAJ,,TAAG - Angola Airlines,Airbus A220-300,50 Years of Angolan Independence (sticker),decal,,active,best-effort,,2026-09-21,airportwebcams.net,site updated 15-September-2026,Angola
D2-TEQ,,TAAG - Angola Airlines,Boeing 787-9,50 Years of Angolan Independence (sticker),decal,,active,best-effort,,2026-09-21,airportwebcams.net,site updated 15-September-2026,Angola
D2-TER,,TAAG - Angola Airlines,Boeing 787-9,50 Years of Angolan Independence (sticker),decal,,active,best-effort,,2026-09-21,airportwebcams.net,site updated 15-September-2026,Angola
D2-TES,,TAAG - Angola Airlines,Boeing 787-10,50 Years of Angolan Independence (sticker),decal,,active,best-effort,,2026-09-21,airportwebcams.net,site updated 15-September-2026,Angola
D2-TET,,TAAG - Angola Airlines,Boeing 787-10,50 Years of Angolan Independence (sticker),decal,,active,best-effort,,2026-09-21,airportwebcams.net,site updated 15-September-2026,Angola
CS-TJR,,TAP Air Portugal,Airbus A321neo,Retro,retro,,active,best-effort,,2026-09-21,airportwebcams.net,site updated 15-September-2026,Portugal
CS-TUA,,TAP Air Portugal,Airbus A330-900neo,A330neo - First To Fly,livery,,active,best-effort,,2026-09-21,airportwebcams.net,site updated 15-September-2026,Portugal
CS-TUB,,TAP Air Portugal,Airbus A330-900neo,A330neo - First To Fly,livery,,active,best-effort,,2026-09-21,airportwebcams.net,site updated 15-September-2026,Portugal
CS-TUD,,TAP Air Portugal,Airbus A330-900neo,Up For Another 75 Years (sticker),decal,,active,best-effort,,2026-09-21,airportwebcams.net,site updated 15-September-2026,Portugal
CS-TUI,,TAP Air Portugal,Airbus A330-900neo,100th Aircraft,livery,,active,best-effort,,2026-09-21,airportwebcams.net,site updated 15-September-2026,Portugal
CS-TUJ,,TAP Air Portugal,Airbus A330-900,It's Portugal Time / Portugal national football team (World Cup 2026),livery,,active,best-effort,,2026-09-21,airportwebcams.net,site updated 15-September-2026,Portugal
CS-TUK,,TAP Air Portugal,Airbus A330-900neo,Star Alliance,alliance,,active,best-effort,,2026-09-21,airportwebcams.net,site updated 15-September-2026,Portugal
CS-TUM,,TAP Air Portugal,Airbus A330-900,It's Portugal Time / Portugal national football team (World Cup 2026),livery,,active,best-effort,,2026-09-21,airportwebcams.net,site updated 15-September-2026,Portugal
CS-TVF,,TAP Air Portugal,Airbus A320neo,Star Alliance,alliance,,active,best-effort,,2026-09-21,airportwebcams.net,site updated 15-September-2026,Portugal
C5-MAE,,Tarco Air,Boeing 737-300,Queen Bilqis Airways (sticker),decal,,active,best-effort,,2026-09-21,airportwebcams.net,site updated 15-September-2026,Sudan
YR-BGG,,TAROM,Boeing 737-700,Happy 70 Years,livery,,active,best-effort,,2026-09-21,airportwebcams.net,site updated 15-September-2026,Romania
ER-BOS,,Terra Avia,Boeing 747-400,25 Fantastic Years in the UAE (sticker),decal,,active,best-effort,,2026-09-21,airportwebcams.net,site updated 15-September-2026,Moldova
ER-BOY,,Terra Avia,Boeing 777-200ER,25 Fantastic Years in the UAE (sticker),decal,,active,best-effort,,2026-09-21,airportwebcams.net,site updated 15-September-2026,Moldova
ER-BYK,,Terra Avia,Boeing 747-400F,Powered by Aquiline International (sticker),decal,,active,best-effort,,2026-09-21,airportwebcams.net,site updated 15-September-2026,Moldova
HS-ABR,,Thai AirAsia,Airbus A320,50th Anniversary China-Thailand Diplomatic Relations,livery,,active,best-effort,,2026-09-21,airportwebcams.net,site updated 15-September-2026,Thailand
HS-ABV,,Thai AirAsia,Airbus A320,Leicester City FC,livery,,active,best-effort,,2026-09-21,airportwebcams.net,site updated 15-September-2026,Thailand
HS-BBG,,Thai AirAsia,Airbus A320,AirAsia Move,livery,,active,best-effort,,2026-09-21,airportwebcams.net,site updated 15-September-2026,Thailand
HS-BBR,,Thai AirAsia,Airbus A320,50th Anniversary China Thailand Diplomatic Relations,livery,,active,best-effort,,2026-09-21,airportwebcams.net,site updated 15-September-2026,Thailand
HS-TEO,,Thai Airways,Airbus A330-300,Star Alliance,alliance,,active,best-effort,,2026-09-21,airportwebcams.net,site updated 15-September-2026,Thailand
HS-THQ,,Thai Airways,Airbus A350-900,Star Alliance,alliance,,active,best-effort,,2026-09-21,airportwebcams.net,site updated 15-September-2026,Thailand
HS-THU,,Thai Airways,Airbus A350-900,Star Alliance,alliance,,active,best-effort,,2026-09-21,airportwebcams.net,site updated 15-September-2026,Thailand
HS-TKQ,,Thai Airways,Boeing 777-300ER,Star Alliance,alliance,,active,best-effort,,2026-09-21,airportwebcams.net,site updated 15-September-2026,Thailand
HS-TOA,,Thai Airways,Airbus A321neo,First A321neo (sticker),decal,,active,best-effort,,2026-09-21,airportwebcams.net,site updated 15-September-2026,Thailand
HS-TQO,,Thai Airways,Boeing 787-8,Star Alliance,alliance,,active,best-effort,,2026-09-21,airportwebcams.net,site updated 15-September-2026,Thailand
HS-LUY,,Thai Lion Air,Boeing 737-800,bookcabin.com (sticker),decal,,active,best-effort,,2026-09-21,airportwebcams.net,site updated 15-September-2026,Thailand
B-606A,,Tian Jiao Airlines,COMAC ARJ21-700,Inner Mongolia Rural Commercial Bank (sticker),decal,,active,best-effort,,2026-09-21,airportwebcams.net,site updated 15-September-2026,China
B-655R,,Tian Jiao Airlines,COMAC ARJ21-700,IMFSL (sticker),decal,,active,best-effort,,2026-09-21,airportwebcams.net,site updated 15-September-2026,China
B-659N,,Tian Jiao Airlines,COMAC C909,Soaring Inner Mongolia,livery,,active,best-effort,,2026-09-21,airportwebcams.net,site updated 15-September-2026,China
B-1031,,Tianjin Airlines,Airbus A320,Quan Yang Quan,livery,,active,best-effort,,2026-09-21,airportwebcams.net,site updated 15-September-2026,China
B-302X,,Tianjin Airlines,Airbus A321,100th Aircraft,livery,,active,best-effort,,2026-09-21,airportwebcams.net,site updated 15-September-2026,China
B-3162,,Tianjin Airlines,Embraer ERJ190,Liupanshui - The Cool City of China,livery,,active,best-effort,,2026-09-21,airportwebcams.net,site updated 15-September-2026,China
B-3180,,Tianjin Airlines,Embraer ERJ190,Zhaosu County,livery,,active,best-effort,,2026-09-21,airportwebcams.net,site updated 15-September-2026,China
B-3213,,Tianjin Airlines,Embraer ERJ190,Ancient Charm of Bamboo Shoots / Silk Road Kuqa,livery,,active,best-effort,,2026-09-21,airportwebcams.net,site updated 15-September-2026,China
B-9963,,Tianjin Airlines,Airbus A320,5th East Asian Games,livery,,active,best-effort,,2026-09-21,airportwebcams.net,site updated 15-September-2026,China
B-9983,,Tianjin Airlines,Airbus A320,Tianjin Tour,livery,,active,best-effort,,2026-09-21,airportwebcams.net,site updated 15-September-2026,China
B-50005,,Tigerair Taiwan,Airbus A320,Okayama Momotaro,livery,,active,best-effort,,2026-09-21,airportwebcams.net,site updated 15-September-2026,China/Taiwan
B-50006,,Tigerair Taiwan,Airbus A320,Rakuten Monkeys Baseball Team,livery,,active,best-effort,,2026-09-21,airportwebcams.net,site updated 15-September-2026,China/Taiwan
B-50015,,Tigerair Taiwan,Airbus A320,Year of the Tiger (sticker),decal,,active,best-effort,,2026-09-21,airportwebcams.net,site updated 15-September-2026,China/Taiwan
B-50018,,Tigerair Taiwan,Airbus A320,Rakuten Monkeys Baseball Team,livery,,active,best-effort,,2026-09-21,airportwebcams.net,site updated 15-September-2026,China/Taiwan
B-50021,,Tigerair Taiwan,Airbus A320neo,1st Airbus A320neo,livery,,active,best-effort,,2026-09-21,airportwebcams.net,site updated 15-September-2026,China/Taiwan
G-EODS,,Titan Airways,Airbus A330-300P2F,GEODIS Air Network,livery,,active,best-effort,,2026-09-21,airportwebcams.net,site updated 15-September-2026,UK
G-OATW,,Titan Airways,Airbus A321neo,TCS World Travel,livery,,active,best-effort,,2026-09-21,airportwebcams.net,site updated 15-September-2026,UK
G-XATW,,Titan Airways,Airbus A321neo,Four Seasons,livery,,active,best-effort,,2026-09-21,airportwebcams.net,site updated 15-September-2026,UK
G-GBNI,,Titan Airways / UK Government,Airbus A321neo,Union Flag (Op for UK Government),livery,,active,best-effort,,2026-09-21,airportwebcams.net,site updated 15-September-2026,UK
8Q-MAO,,Trans Maldivian Airways,DHC-6 Twin Otter,Underwater World/Maldives Biodiversity,livery,,active,best-effort,,2026-09-21,airportwebcams.net,site updated 15-September-2026,Maldives
8Q-MAX,,Trans Maldivian Airways,DHC-6 Twin Otter,Veligandu Maldives Resort Island,livery,,active,best-effort,,2026-09-21,airportwebcams.net,site updated 15-September-2026,Maldives
8Q-MBD,,Trans Maldivian Airways,DHC-6 Twin Otter,Cheval Blanc,livery,,active,best-effort,,2026-09-21,airportwebcams.net,site updated 15-September-2026,Maldives
8Q-TAU,,Trans Maldivian Airways,DHC-6 Twin Otter,Six Senses Luxury Resorts,livery,,active,best-effort,,2026-09-21,airportwebcams.net,site updated 15-September-2026,Maldives
8Q-TAV,,Trans Maldivian Airways,DHC-6 Twin Otter,Flying Boxfish,livery,,active,best-effort,,2026-09-21,airportwebcams.net,site updated 15-September-2026,Maldives
8Q-TMI,,Trans Maldivian Airways,DHC-6 Twin Otter,JOALI Maldives Resort,livery,,active,best-effort,,2026-09-21,airportwebcams.net,site updated 15-September-2026,Maldives
PH-HSI,,Transavia,Boeing 737-800,Peter Pan Vakantieclub,livery,,active,best-effort,,2026-09-21,airportwebcams.net,site updated 15-September-2026,Netherlands
PH-YHD,,Transavia,Airbus A321neo,1960s Retro,retro,,active,best-effort,,2026-09-21,airportwebcams.net,site updated 15-September-2026,Netherlands
EW-465TQ,,Transaviaexport Cargo Airline,Boeing 747-300F,30 Years (sticker),decal,,active,best-effort,,2026-09-21,airportwebcams.net,site updated 15-September-2026,Belarus
OO-JAF,,TUI fly Belgium,Boeing 737-800,Family Life Hotels,livery,,active,best-effort,,2026-09-21,airportwebcams.net,site updated 15-September-2026,Belgium
D-ABKM,,TUIfly,Boeing 737-800,TUI Blue,livery,,active,best-effort,,2026-09-21,airportwebcams.net,site updated 15-September-2026,Germany
D-ABKN,,TUIfly,Boeing 737-800,Robinson Club Resorts,livery,,active,best-effort,,2026-09-21,airportwebcams.net,site updated 15-September-2026,Germany
D-AMAH,,TUIfly,Boeing 737 MAX 8,50 Years,livery,,active,best-effort,,2026-09-21,airportwebcams.net,site updated 15-September-2026,Germany
D-ATUZ,,TUIfly,Boeing 737-800,RIU Hotels & Resorts,livery,,active,best-effort,,2026-09-21,airportwebcams.net,site updated 15-September-2026,Germany
TS-IMS,,Tunisair,Airbus A320,70 Years (sticker),decal,,active,best-effort,,2026-09-21,airportwebcams.net,site updated 15-September-2026,Tunisia
TS-IMT,,Tunisair,Airbus A320,Tunisia-Libya Relations (sticker),decal,,active,best-effort,,2026-09-21,airportwebcams.net,site updated 15-September-2026,Tunisia
TS-IMX,,Tunisair,Airbus A320neo,Official Carrier Tunisia Olympic team,livery,,active,best-effort,,2026-09-21,airportwebcams.net,site updated 15-September-2026,Tunisia
TC-JLU,,Turkish Airlines,Airbus A319,Star Alliance,alliance,,active,best-effort,,2026-09-21,airportwebcams.net,site updated 15-September-2026,Turkey
TC-JNB,,Turkish Airlines,Airbus A330-200,Turkiye,livery,,active,best-effort,,2026-09-21,airportwebcams.net,site updated 15-September-2026,Turkey
TC-JNC,,Turkish Airlines,Airbus A330-200,Turkish Airlines Retro,retro,,active,best-effort,,2026-09-21,airportwebcams.net,site updated 15-September-2026,Turkey
TC-JOD,,Turkish Airlines,Airbus A330-300,Nexus of the World,livery,,active,best-effort,,2026-09-21,airportwebcams.net,site updated 15-September-2026,Turkey
TC-JPK,,Turkish Airlines,Airbus A320,Star Alliance,alliance,,active,best-effort,,2026-09-21,airportwebcams.net,site updated 15-September-2026,Turkey
TC-JPP,,Turkish Airlines,Airbus A320,Star Alliance,alliance,,active,best-effort,,2026-09-21,airportwebcams.net,site updated 15-September-2026,Turkey
TC-JPR,,Turkish Airlines,Airbus A320,Star Alliance,alliance,,active,best-effort,,2026-09-21,airportwebcams.net,site updated 15-September-2026,Turkey
TC-JPS,,Turkish Airlines,Airbus A320,Star Alliance,alliance,,active,best-effort,,2026-09-21,airportwebcams.net,site updated 15-September-2026,Turkey
TC-JRA,,Turkish Airlines,Airbus A321,Star Alliance,alliance,,active,best-effort,,2026-09-21,airportwebcams.net,site updated 15-September-2026,Turkey
TC-JRB,,Turkish Airlines,Airbus A321,Star Alliance,alliance,,active,best-effort,,2026-09-21,airportwebcams.net,site updated 15-September-2026,Turkey
TC-JRD,,Turkish Airlines,Airbus A321,Star Alliance,alliance,,active,best-effort,,2026-09-21,airportwebcams.net,site updated 15-September-2026,Turkey
TC-JRF,,Turkish Airlines,Airbus A321,100th Anniversary of Republic of Turkey,livery,,active,best-effort,,2026-09-21,airportwebcams.net,site updated 15-September-2026,Turkey
TC-JRL,,Turkish Airlines,Airbus A321,Star Alliance,alliance,,active,best-effort,,2026-09-21,airportwebcams.net,site updated 15-September-2026,Turkey
TC-JRO,,Turkish Airlines,Airbus A321,Star Alliance,alliance,,active,best-effort,,2026-09-21,airportwebcams.net,site updated 15-September-2026,Turkey
TC-JRP,,Turkish Airlines,Airbus A321,Star Alliance,alliance,,active,best-effort,,2026-09-21,airportwebcams.net,site updated 15-September-2026,Turkey
TC-JRR,,Turkish Airlines,Airbus A321,Star Alliance,alliance,,active,best-effort,,2026-09-21,airportwebcams.net,site updated 15-September-2026,Turkey
TC-JRS,,Turkish Airlines,Airbus A321,Star Alliance,alliance,,active,best-effort,,2026-09-21,airportwebcams.net,site updated 15-September-2026,Turkey
TC-JRY,,Turkish Airlines,Airbus A321,Star Alliance,alliance,,active,best-effort,,2026-09-21,airportwebcams.net,site updated 15-September-2026,Turkey
TC-JSG,,Turkish Airlines,Airbus A321,Star Alliance,alliance,,active,best-effort,,2026-09-21,airportwebcams.net,site updated 15-September-2026,Turkey
TC-JVZ,,Turkish Airlines,Boeing 737-800,6000th Boeing NG 737 (sticker),decal,,active,best-effort,,2026-09-21,airportwebcams.net,site updated 15-September-2026,Turkey
TC-LGH,,Turkish Airlines,Airbus A350-900,400th Aircraft,livery,,active,best-effort,,2026-09-21,airportwebcams.net,site updated 15-September-2026,Turkey
TC-LHH,,Turkish Airlines,Airbus A350-900,500th Aircraft,livery,,active,best-effort,,2026-09-21,airportwebcams.net,site updated 15-September-2026,Turkey
TC-LJH,,Turkish Airlines,Boeing 777-300ER,Bio Fuel,livery,,active,best-effort,,2026-09-21,airportwebcams.net,site updated 15-September-2026,Turkey
TC-LNF,,Turkish Airlines,Airbus A330-300,Turkish Airlines Holidays (sticker),decal,,active,best-effort,,2026-09-21,airportwebcams.net,site updated 15-September-2026,Turkey
N14120,,United Airlines,Boeing 757-200,Star Alliance,alliance,,active,best-effort,,2026-09-21,airportwebcams.net,site updated 15-September-2026,USA
N14219,,United Airlines,Boeing 737-800,Star Alliance,alliance,,active,best-effort,,2026-09-21,airportwebcams.net,site updated 15-September-2026,USA
N218UA,,United Airlines,Boeing 777-200ER,Star Alliance,alliance,,active,best-effort,,2026-09-21,airportwebcams.net,site updated 15-September-2026,USA
N24988,,United Airlines,Boeing 787-9,The Future Is SAF,livery,,active,best-effort,,2026-09-21,airportwebcams.net,site updated 15-September-2026,USA
N26210,,United Airlines,Boeing 737-800,Star Alliance,alliance,,active,best-effort,,2026-09-21,airportwebcams.net,site updated 15-September-2026,USA
N27255,,United Airlines,Boeing 737 MAX 8,Aviate (sticker),decal,,active,best-effort,,2026-09-21,airportwebcams.net,site updated 15-September-2026,USA
N27261,,United Airlines,Boeing 737 MAX 8,United Together / Being United,livery,,active,best-effort,,2026-09-21,airportwebcams.net,site updated 15-September-2026,USA
N33284,,United Airlines,Boeing 737-800,Star Alliance,alliance,,active,best-effort,,2026-09-21,airportwebcams.net,site updated 15-September-2026,USA
N44550,,United Airlines,Airbus A321neo,100 Years (sticker),decal,,active,best-effort,,2026-09-21,airportwebcams.net,site updated 15-September-2026,USA
N47345,,United Airlines,Boeing 737 MAX 8,ecoDemonstrator Explorer (sticker),decal,,active,best-effort,,2026-09-21,airportwebcams.net,site updated 15-September-2026,USA
N475UA,,United Airlines,Airbus A320,85th Anniversary Retro,retro,,active,best-effort,,2026-09-21,airportwebcams.net,site updated 15-September-2026,USA
N61101,,United Airlines,Boeing 787-9,100 Years (sticker),decal,,active,best-effort,,2026-09-21,airportwebcams.net,site updated 15-September-2026,USA
N64321,,United Airlines,Airbus A321XLR,Born To Explore (sticker),decal,,active,best-effort,,2026-09-21,airportwebcams.net,site updated 15-September-2026,USA
N653UA,,United Airlines,Boeing 767-300ER,Star Alliance,alliance,,active,best-effort,,2026-09-21,airportwebcams.net,site updated 15-September-2026,USA
N75435,,United Airlines,Boeing 737-900,Continental Airlines Retro,retro,,active,best-effort,,2026-09-21,airportwebcams.net,site updated 15-September-2026,USA
N76021,,United Airlines,Boeing 777-200ER,Star Alliance,alliance,,active,best-effort,,2026-09-21,airportwebcams.net,site updated 15-September-2026,USA
N76055,,United Airlines,Boeing 767-400ER,Star Alliance,alliance,,active,best-effort,,2026-09-21,airportwebcams.net,site updated 15-September-2026,USA
N76516,,United Airlines,Boeing 737-800,Star Alliance,alliance,,active,best-effort,,2026-09-21,airportwebcams.net,site updated 15-September-2026,USA
N76522,,United Airlines,Boeing 737-800,Star Alliance,alliance,,active,best-effort,,2026-09-21,airportwebcams.net,site updated 15-September-2026,USA
N76523,,United Airlines,Boeing 737-800,Star Alliance,alliance,,active,best-effort,,2026-09-21,airportwebcams.net,site updated 15-September-2026,USA
N77022,,United Airlines,Boeing 777-200ER,Star Alliance,alliance,,active,best-effort,,2026-09-21,airportwebcams.net,site updated 15-September-2026,USA
N78017,,United Airlines,Boeing 777-200ER,Star Alliance,alliance,,active,best-effort,,2026-09-21,airportwebcams.net,site updated 15-September-2026,USA
N78285,,United Airlines,Boeing 737-800,America250,livery,,active,best-effort,,2026-09-21,airportwebcams.net,site updated 15-September-2026,USA
N794UA,,United Airlines,Boeing 777-200ER,Star Alliance,alliance,,active,best-effort,,2026-09-21,airportwebcams.net,site updated 15-September-2026,USA
N91007,,United Airlines,Boeing 787-10,America250,livery,,active,best-effort,,2026-09-21,airportwebcams.net,site updated 15-September-2026,USA
N616UP,,UPS Airlines,Boeing 747-8F,747 50th Anniversary (sticker),decal,,active,best-effort,,2026-09-21,airportwebcams.net,site updated 15-September-2026,USA
N633UP,,UPS Airlines,Boeing 747-8F,Celebrating the Queen of the Skies (sticker),decal,,active,best-effort,,2026-09-21,airportwebcams.net,site updated 15-September-2026,USA
B-206G,,Urumqi Air,Boeing 737-800,Sayram Lake,livery,,active,best-effort,,2026-09-21,airportwebcams.net,site updated 15-September-2026,China
B-5407,,Urumqi Air,Boeing 737-800,Hotan (sticker),decal,,active,best-effort,,2026-09-21,airportwebcams.net,site updated 15-September-2026,China
B-5429,,Urumqi Air,Boeing 737-800,City of Hotan,livery,,active,best-effort,,2026-09-21,airportwebcams.net,site updated 15-September-2026,China
B-6268,,Urumqi Air,Boeing 737-800,Kanas Lake,livery,,active,best-effort,,2026-09-21,airportwebcams.net,site updated 15-September-2026,China
RA-67153,,UVT Aero,Bombardier CRJ200ER,Uzbek Gazizovich Sattarov,livery,,active,best-effort,,2026-09-21,airportwebcams.net,site updated 15-September-2026,Russia
RA-67154,,UVT Aero,Bombardier CRJ200,Tatarstan Oil Hero Valentin Shashin,livery,,active,best-effort,,2026-09-21,airportwebcams.net,site updated 15-September-2026,Russia
RA-67155,,UVT Aero,Bombardier CRJ200ER,Suleimanova,livery,,active,best-effort,,2026-09-21,airportwebcams.net,site updated 15-September-2026,Russia
UK32021,,Uzbekistan Airways,Airbus A320neo,30 Years of Safe Flights (sticker),decal,,active,best-effort,,2026-09-21,airportwebcams.net,site updated 15-September-2026,Uzbekistan
F-HGSA,,Valljet,Embraer ERJ135BJ,HiroQuest 2 (sticker),decal,,active,best-effort,,2026-09-21,airportwebcams.net,site updated 15-September-2026,France
YV3499,,Venezolana,McDD MD-83,20 Years (sticker),decal,,active,best-effort,,2026-09-21,airportwebcams.net,site updated 15-September-2026,Venezuela
VN-A539,,VietJet Air,Airbus A321neo,50 years of partnership Vietnam - France (sticker),decal,,active,best-effort,,2026-09-21,airportwebcams.net,site updated 15-September-2026,Vietnam
VN-A549,,VietJet Air,Airbus A321neo,VikkiGO Mastercard (sticker),decal,,active,best-effort,,2026-09-21,airportwebcams.net,site updated 15-September-2026,Vietnam
VN-A600,,VietJet Air,Airbus A321neo,Petrolimex (sticker),decal,,active,best-effort,,2026-09-21,airportwebcams.net,site updated 15-September-2026,Vietnam
VN-A631,,VietJet Air,Airbus A321,Chin-Su Pho Story (sticker),decal,,active,best-effort,,2026-09-21,airportwebcams.net,site updated 15-September-2026,Vietnam
VN-A635,,VietJet Air,Airbus A321,Vikki Digital Bank (sticker),decal,,active,best-effort,,2026-09-21,airportwebcams.net,site updated 15-September-2026,Vietnam
VN-A687,,VietJet Air,Airbus A321,Coca-Cola (sticker),decal,,active,best-effort,,2026-09-21,airportwebcams.net,site updated 15-September-2026,Vietnam
VN-A693,,VietJet Air,Airbus A321neo,Petrolimex (sticker),decal,,active,best-effort,,2026-09-21,airportwebcams.net,site updated 15-September-2026,Vietnam
VN-A810,,VietJet Air,Airbus A330-300,Petrolimex (sticker),decal,,active,best-effort,,2026-09-21,airportwebcams.net,site updated 15-September-2026,Vietnam
VN-A811,,VietJet Air,Airbus A330-300,Petrolimex (sticker),decal,,active,best-effort,,2026-09-21,airportwebcams.net,site updated 15-September-2026,Vietnam
HS-VKB,,VietJet Air Thailand,Airbus A320,Amazing Thailand,livery,,active,best-effort,,2026-09-21,airportwebcams.net,site updated 15-September-2026,Thailand
HS-VKC,,VietJet Air Thailand,Airbus A320,Amazing Thailand,livery,,active,best-effort,,2026-09-21,airportwebcams.net,site updated 15-September-2026,Thailand
HS-VKE,,VietJet Air Thailand,Airbus A320,SkyBoss,livery,,active,best-effort,,2026-09-21,airportwebcams.net,site updated 15-September-2026,Thailand
B-652G,,VietJetAir,COMAC ARJ21-700,75th Anniversary China-Vietnam Diplomatic Relations,livery,,active,best-effort,,2026-09-21,airportwebcams.net,site updated 15-September-2026,Vietnam
VN-A327,,Vietnam Airlines,Airbus A321,SkyTeam,alliance,,active,best-effort,,2026-09-21,airportwebcams.net,site updated 15-September-2026,Vietnam
VN-A868,,Vietnam Airlines,Boeing 787-9,Chim Lac,livery,,active,best-effort,,2026-09-21,airportwebcams.net,site updated 15-September-2026,Vietnam
VN-A871,,Vietnam Airlines,Boeing 787-9,Nhan Dan: 100 years of Vietnamese Revolutionary Journalism (sticker),decal,,active,best-effort,,2026-09-21,airportwebcams.net,site updated 15-September-2026,Vietnam
VN-A873,,Vietnam Airlines,Boeing 787-10,100th Aircraft (sticker),decal,,active,best-effort,,2026-09-21,airportwebcams.net,site updated 15-September-2026,Vietnam
VN-A897,,Vietnam Airlines,Airbus A350-900,SkyTeam,alliance,,active,best-effort,,2026-09-21,airportwebcams.net,site updated 15-September-2026,Vietnam
VH-8VI,,Virgin Australia,Boeing 737 MAX 8,150th Boeing 737,livery,,active,best-effort,,2026-09-21,airportwebcams.net,site updated 15-September-2026,Australia
VH-YFR,,Virgin Australia,Boeing 737-800,100th Boeing 737 (sticker),decal,,active,best-effort,,2026-09-21,airportwebcams.net,site updated 15-September-2026,Australia
VH-YFY,,Virgin Australia,Boeing 737-800,Toy Story 5' movie (sticker),decal,,active,best-effort,,2026-09-21,airportwebcams.net,site updated 15-September-2026,Australia
ER-SMA,,Vision Air,Boeing 737-700,FC Shakhtar Donetsk football team,livery,,active,best-effort,,2026-09-21,airportwebcams.net,site updated 15-September-2026,Moldova
AP-BMT,,Vision Air International,Boeing 737-300F,Leopards Couriers,livery,,active,best-effort,,2026-09-21,airportwebcams.net,site updated 15-September-2026,Pakistan
XA-VAO,,Viva,Airbus A320,Club America football team (sticker),decal,,active,best-effort,,2026-09-21,airportwebcams.net,site updated 15-September-2026,Mexico
XA-VBM,,Viva,Airbus A321neo,Avion 50 / 50th Aircraft (sticker),decal,,active,best-effort,,2026-09-21,airportwebcams.net,site updated 15-September-2026,Mexico
XA-VBU,,Viva,Airbus A321,2024 Tecate Pa'l Norte Music Festival,livery,,active,best-effort,,2026-09-21,airportwebcams.net,site updated 15-September-2026,Mexico
XA-VDP,,Viva,Airbus A320,Juan Gabriel,livery,,active,best-effort,,2026-09-21,airportwebcams.net,site updated 15-September-2026,Mexico
XA-VIA,,Viva,Airbus A320neo,Queretaro,livery,,active,best-effort,,2026-09-21,airportwebcams.net,site updated 15-September-2026,Mexico
XA-VII,,Viva,Airbus A320neo,Mexico national football team,livery,,active,best-effort,,2026-09-21,airportwebcams.net,site updated 15-September-2026,Mexico
XA-VIW,,Viva,Airbus A320neo,San Antonio Spurs Basketball,livery,,active,best-effort,,2026-09-21,airportwebcams.net,site updated 15-September-2026,Mexico
XA-VIY,,Viva,Airbus A320neo,Rayados / Club de Futbol Monterrey / Monterrey football team,livery,,active,best-effort,,2026-09-21,airportwebcams.net,site updated 15-September-2026,Mexico
XA-VMD,,Viva,Airbus A320neo,Tecate Pa'l Norte 2025,livery,,active,best-effort,,2026-09-21,airportwebcams.net,site updated 15-September-2026,Mexico
XA-VMF,,Viva,Airbus A320neo,Wamos Mexico,livery,,active,best-effort,,2026-09-21,airportwebcams.net,site updated 15-September-2026,Mexico
XA-VMH,,Viva,Airbus A320neo,Mexico National Football Team / Viva Mexicooooooo !!!,livery,,active,best-effort,,2026-09-21,airportwebcams.net,site updated 15-September-2026,Mexico
XA-VXV,,Viva,Airbus A321neo,#100 Aeronaves (sticker),decal,,active,best-effort,,2026-09-21,airportwebcams.net,site updated 15-September-2026,Mexico
XA-VXW,,Viva,Airbus A321neo,100 Avion / 100th Aircraft (sticker),decal,,active,best-effort,,2026-09-21,airportwebcams.net,site updated 15-September-2026,Mexico
XA-VXX,,Viva,Airbus A321neo,No match without Sabritas,livery,,active,best-effort,,2026-09-21,airportwebcams.net,site updated 15-September-2026,Mexico
N528VL,,Volaris,Airbus A320neo,Pura Raniza (sticker),decal,,active,best-effort,,2026-09-21,airportwebcams.net,site updated 15-September-2026,Mexico
N538VL,,Volaris,Airbus A320neo,Super Mario Galaxy video game,livery,,active,best-effort,,2026-09-21,airportwebcams.net,site updated 15-September-2026,Mexico
N542VL,,Volaris,Airbus A321neo,'Superman' movie,livery,,active,best-effort,,2026-09-21,airportwebcams.net,site updated 15-September-2026,Mexico
N552VL,,Volaris,Airbus A320neo,We Love Los Angeles (sticker),decal,,active,best-effort,,2026-09-21,airportwebcams.net,site updated 15-September-2026,Mexico
XA-VLB,,Volaris,Airbus A320,Ellos ahorraron volaris.com (sticker),decal,,active,best-effort,,2026-09-21,airportwebcams.net,site updated 15-September-2026,Mexico
XA-VRV,,Volaris,Airbus A320neo,90th Volaris aircraft (sticker),decal,,active,best-effort,,2026-09-21,airportwebcams.net,site updated 15-September-2026,Mexico
XA-VUR,,Volaris,Airbus A320neo,Volaris 150% Guarantee,livery,,active,best-effort,,2026-09-21,airportwebcams.net,site updated 15-September-2026,Mexico
XA-VUS,,Volaris,Airbus A320neo,Mexico esta de Moda / Mexico national football team (World Cup 2026) (sticker),decal,,active,best-effort,,2026-09-21,airportwebcams.net,site updated 15-September-2026,Mexico
XA-XXV,,Volaris,Airbus A321neo,20 Years,livery,,active,best-effort,,2026-09-21,airportwebcams.net,site updated 15-September-2026,Mexico
N544VL,,Volaris El Salvador,Airbus A320neo,Tu Aerolíneas Hermana,livery,,active,best-effort,,2026-09-21,airportwebcams.net,site updated 15-September-2026,El Salvador
RA-76952,,Volga Dnepr Airlines,ilyushin Il-76TD,35 Years (sticker),decal,,active,best-effort,,2026-09-21,airportwebcams.net,site updated 15-September-2026,Russia
RA-76503,,Volga-Dnepr Airlines,Ilyushin Il-76TD,Antarctica (red),livery,,active,best-effort,,2026-09-21,airportwebcams.net,site updated 15-September-2026,Russia
RA-76511,,Volga-Dnepr Airlines,Ilyushin Il-76TD,35 Years (sticker),decal,,active,best-effort,,2026-09-21,airportwebcams.net,site updated 15-September-2026,Russia
RA-76950,,Volga-Dnepr Airlines,Ilyushin Il-76TD,35 Years (sticker),decal,,active,best-effort,,2026-09-21,airportwebcams.net,site updated 15-September-2026,Russia
RA-76951,,Volga-Dnepr Airlines,Ilyushin Il-76TD,35 Years (sticker),decal,,active,best-effort,,2026-09-21,airportwebcams.net,site updated 15-September-2026,Russia
RA-82047,,Volga-Dnepr Airlines,Antonov An-124,35 Years (sticker),decal,,active,best-effort,,2026-09-21,airportwebcams.net,site updated 15-September-2026,Russia
RA-82081,,Volga-Dnepr Airlines,Antonov An-124,35 Years (sticker),decal,,active,best-effort,,2026-09-21,airportwebcams.net,site updated 15-September-2026,Russia
EC-MTC,,Volotea Airlines,Airbus A319,Vitoria-Gasteiz (sticker),decal,,active,best-effort,,2026-09-21,airportwebcams.net,site updated 15-September-2026,Spain
EC-MTD,,Volotea Airlines,Airbus A319,Asturias - Paraiso Natural (sticker),decal,,active,best-effort,,2026-09-21,airportwebcams.net,site updated 15-September-2026,Spain
EC-MUT,,Volotea Airlines,Airbus A319,Asturias: Paraiso Natural (sticker),decal,,active,best-effort,,2026-09-21,airportwebcams.net,site updated 15-September-2026,Spain
EC-MUU,,Volotea Airlines,Airbus A319,Allez Les Canaris! (sticker),decal,,active,best-effort,,2026-09-21,airportwebcams.net,site updated 15-September-2026,Spain
EC-NHP,,Volotea Airlines,Airbus A319,Cantabria Infinita (sticker),decal,,active,best-effort,,2026-09-21,airportwebcams.net,site updated 15-September-2026,Spain
EC-NON,,Volotea Airlines,Airbus A320,Cantabria Infinita (sticker),decal,,active,best-effort,,2026-09-21,airportwebcams.net,site updated 15-September-2026,Spain
EC-NOQ,,Volotea Airlines,Airbus A320,Asturias - Paraiso Natural (sticker),decal,,active,best-effort,,2026-09-21,airportwebcams.net,site updated 15-September-2026,Spain
EC-NTU,,Volotea Airlines,Airbus A320,10 Years Flying Together (sticker),decal,,active,best-effort,,2026-09-21,airportwebcams.net,site updated 15-September-2026,Spain
EC-KLB,,Vueling,Airbus A320,Cantabria Infinita,livery,,active,best-effort,,2026-09-21,airportwebcams.net,site updated 15-September-2026,Spain
EC-KRH,,Vueling,Airbus A320,Cantabria Infinita,livery,,active,best-effort,,2026-09-21,airportwebcams.net,site updated 15-September-2026,Spain
EC-LUO,,Vueling,Airbus A320,Athletic Club Bilbao football team,livery,,active,best-effort,,2026-09-21,airportwebcams.net,site updated 15-September-2026,Spain
EC-LVS,,Vueling,Airbus A320,"Born This Way, Fly This Way",livery,,active,best-effort,,2026-09-21,airportwebcams.net,site updated 15-September-2026,Spain
EC-LVU,,Vueling,Airbus A320,French Rugby Federation,livery,,active,best-effort,,2026-09-21,airportwebcams.net,site updated 15-September-2026,Spain
EC-MEA,,Vueling,Airbus A320,Andalucia,livery,,active,best-effort,,2026-09-21,airportwebcams.net,site updated 15-September-2026,Spain
EC-MJB,,Vueling,Airbus A320,Tour de France 2026,livery,,active,best-effort,,2026-09-21,airportwebcams.net,site updated 15-September-2026,Spain
EC-MNZ,,Vueling,Airbus A320,Vueling Loves Barcelona,livery,,active,best-effort,,2026-09-21,airportwebcams.net,site updated 15-September-2026,Spain
EC-MQE,,Vueling,Airbus A320,Dream. Play. Fly. / Barcelona Women football team,livery,,active,best-effort,,2026-09-21,airportwebcams.net,site updated 15-September-2026,Spain
EC-NAE,,Vueling,Airbus A320neo,Asturias Paraiso Natural (sticker),decal,,active,best-effort,,2026-09-21,airportwebcams.net,site updated 15-September-2026,Spain
EC-NAJ,,Vueling,Airbus A320neo,We <3 Places,livery,,active,best-effort,,2026-09-21,airportwebcams.net,site updated 15-September-2026,Spain
EC-NCF,,Vueling,Airbus A320neo,Asturias Paraiso Natural (sticker),decal,,active,best-effort,,2026-09-21,airportwebcams.net,site updated 15-September-2026,Spain
EC-NCG,,Vueling,Airbus A320neo,Asturias Paraiso Natural (sticker),decal,,active,best-effort,,2026-09-21,airportwebcams.net,site updated 15-September-2026,Spain
EC-NTX,,Wamos Air,Airbus A330-300,20th Anniversary (sticker),decal,,active,best-effort,,2026-09-21,airportwebcams.net,site updated 15-September-2026,Spain
B-32JM,,West Air,Airbus A319neo,Chongqing Yinhai Leasing 100th (sticker),decal,,active,best-effort,,2026-09-21,airportwebcams.net,site updated 15-September-2026,China
B-6765,,West Air,Airbus A320,AJW (sticker),decal,,active,best-effort,,2026-09-21,airportwebcams.net,site updated 15-September-2026,China
B-8845,,West Air,Airbus A320,Chiyou Jiuli City (sticker),decal,,active,best-effort,,2026-09-21,airportwebcams.net,site updated 15-September-2026,China
B-8893,,West Air,Airbus A320,Mowei Mountain (sticker),decal,,active,best-effort,,2026-09-21,airportwebcams.net,site updated 15-September-2026,China
B-9981,,West Air,Airbus A320,Gujinggongjiu Liquor (sticker),decal,,active,best-effort,,2026-09-21,airportwebcams.net,site updated 15-September-2026,China
B-9982,,West Air,Airbus A320,Maritime Silk Road - Quanzhou,livery,,active,best-effort,,2026-09-21,airportwebcams.net,site updated 15-September-2026,China
G-NPTA,,West Atlantic,Boeing 737-800F,1st -800 Boeing Converted Freighter,livery,,active,best-effort,,2026-09-21,airportwebcams.net,site updated 15-September-2026,UK
C-GORP,,WestJet,Boeing 737 MAX 8,Toronto Blue Jays baseball team,livery,,active,best-effort,,2026-09-21,airportwebcams.net,site updated 15-September-2026,Canada
PJ-WIV,,Winair,ATR 42-500,65 Years (sticker),decal,,active,best-effort,,2026-09-21,airportwebcams.net,site updated 15-September-2026,St Maarten
PJ-WIW,,Winair,ATR 42-500,65 Years (sticker),decal,,active,best-effort,,2026-09-21,airportwebcams.net,site updated 15-September-2026,St Maarten
PJ-WIY,,Winair,ATR 42-500,65 Years (sticker),decal,,active,best-effort,,2026-09-21,airportwebcams.net,site updated 15-September-2026,St Maarten
PK-WFP,,Wings Air,ATR 72-500,Book Cabin (sticker),decal,,active,best-effort,,2026-09-21,airportwebcams.net,site updated 15-September-2026,Indonesia
PK-WFQ,,Wings Air,ATR 72-500,Book Cabin (sticker),decal,,active,best-effort,,2026-09-21,airportwebcams.net,site updated 15-September-2026,Indonesia
PK-WFS,,Wings Air,ATR 72-500,Book Cabin (sticker),decal,,active,best-effort,,2026-09-21,airportwebcams.net,site updated 15-September-2026,Indonesia
PK-WGG,,Wings Air,ATR 72-600,Book Cabin (sticker),decal,,active,best-effort,,2026-09-21,airportwebcams.net,site updated 15-September-2026,Indonesia
PK-WGI,,Wings Air,ATR 72-600,Book Cabin / Lion Parcel (stickers),livery,,active,best-effort,,2026-09-21,airportwebcams.net,site updated 15-September-2026,Indonesia
PK-WGS,,Wings Air,ATR 72-600,Book Cabin (sticker),decal,,active,best-effort,,2026-09-21,airportwebcams.net,site updated 15-September-2026,Indonesia
PK-WGV,,Wings Air,ATR 72-600,Book Cabin (sticker),decal,,active,best-effort,,2026-09-21,airportwebcams.net,site updated 15-September-2026,Indonesia
PK-WHG,,Wings Air,ATR 72-600,50th ATR,livery,,active,best-effort,,2026-09-21,airportwebcams.net,site updated 15-September-2026,Indonesia
PK-WHK,,Wings Air,ATR 72-600,"Say No to Drugs, Say Yes to Travel (sticker)",decal,,active,best-effort,,2026-09-21,airportwebcams.net,site updated 15-September-2026,Indonesia
PK-WHR,,Wings Air,ATR 72-600,Book Cabin (sticker),decal,,active,best-effort,,2026-09-21,airportwebcams.net,site updated 15-September-2026,Indonesia
PK-WHS,,Wings Air,ATR 72-600,60th ATR,livery,,active,best-effort,,2026-09-21,airportwebcams.net,site updated 15-September-2026,Indonesia
PK-WHV,,Wings Air,ATR 72-600,70th ATR,livery,,active,best-effort,,2026-09-21,airportwebcams.net,site updated 15-September-2026,Indonesia
PK-WJO,,Wings Air,ATR 72-600,Book Cabin (sticker),decal,,active,best-effort,,2026-09-21,airportwebcams.net,site updated 15-September-2026,Indonesia
PK-WJQ,,Wings Air,ATR 72-600,Book Cabin (sticker),decal,,active,best-effort,,2026-09-21,airportwebcams.net,site updated 15-September-2026,Indonesia
PK-WJS,,Wings Air,ATR 72-600,Book Cabin (sticker),decal,,active,best-effort,,2026-09-21,airportwebcams.net,site updated 15-September-2026,Indonesia
PK-WKF,,Wings Air,ATR 72-600,Book Cabin (sticker),decal,,active,best-effort,,2026-09-21,airportwebcams.net,site updated 15-September-2026,Indonesia
PK-WKJ,,Wings Air,ATR 72-600,Book Cabin (sticker),decal,,active,best-effort,,2026-09-21,airportwebcams.net,site updated 15-September-2026,Indonesia
9H-WMR,,Wizz Air Malta,Airbus A321neo,250th Aircraft,livery,,active,best-effort,,2026-09-21,airportwebcams.net,site updated 15-September-2026,Malta
9H-WNM,,Wizz Air Malta,Airbus A321neo,Fly The Greenest,livery,,active,best-effort,,2026-09-21,airportwebcams.net,site updated 15-September-2026,Malta
G-XLRA,,Wizz Air UK,Airbus A321XLR,XLR,livery,,active,best-effort,,2026-09-21,airportwebcams.net,site updated 15-September-2026,UK
9M-WCA,,World Cargo Airline,Boeing 737-800BCF,SkyOcean (sticker),decal,,active,best-effort,,2026-09-21,airportwebcams.net,site updated 15-September-2026,Malaysia
B-1136,,Xiamen Airlines,Boeing 737 MAX 8,2000th Boeing Aircraft For China (sticker),decal,,active,best-effort,,2026-09-21,airportwebcams.net,site updated 15-September-2026,China
B-1356,,Xiamen Airlines,Boeing 787-9,United Nations Sustainability Development Goals,livery,,active,best-effort,,2026-09-21,airportwebcams.net,site updated 15-September-2026,China
B-32CU,,Xiamen Airlines,Airbus A321neo,First Airbus for Xiamenair (sticker),decal,,active,best-effort,,2026-09-21,airportwebcams.net,site updated 15-September-2026,China
B-5633,,Xiamen Airlines,Boeing 737-800,SkyTeam,alliance,,active,best-effort,,2026-09-21,airportwebcams.net,site updated 15-September-2026,China
B-5656,,Xiamen Airlines,Boeing 737-800,Beijing Daxing,livery,,active,best-effort,,2026-09-21,airportwebcams.net,site updated 15-September-2026,China
B-5688,,Xiamen Airlines,Boeing 737-800,100th Boeing,livery,,active,best-effort,,2026-09-21,airportwebcams.net,site updated 15-September-2026,China
B-7178,,Xiamen Airlines,Boeing 737-800,8888th Boeing 737 (sticker),decal,,active,best-effort,,2026-09-21,airportwebcams.net,site updated 15-September-2026,China
B-1008,,Xizang Airlines,Airbus A319,Enchanting Nyingchi (sticker),decal,,active,best-effort,,2026-09-21,airportwebcams.net,site updated 15-September-2026,China/Tibet
B-6467,,Xizang Airlines,Airbus A319,Lhasa: The Ancient City of Snow & Holy Land,livery,,active,best-effort,,2026-09-21,airportwebcams.net,site updated 15-September-2026,China/Tibet
RA-89035,,Yakutia Airlines,Yakovlev Superjet 100,Blue,livery,,active,best-effort,,2026-09-21,airportwebcams.net,site updated 15-September-2026,Russia
RA-73695,,Yamal Airlines,Airbus A320,FC Fakel Voronezh football team (sticker),decal,,active,best-effort,,2026-09-21,airportwebcams.net,site updated 15-September-2026,Russia
RA-73812,,Yamal Airlines,Airbus A320,50th Anniversary of Novy Urengoy (sticker),decal,,active,best-effort,,2026-09-21,airportwebcams.net,site updated 15-September-2026,Russia
B-221F,,YTO Cargo Airlines,Boeing 767-300F,Hangzhou 2022 Asian Games,livery,,active,best-effort,,2026-09-21,airportwebcams.net,site updated 15-September-2026,China
B-221H,,YTO Cargo Airlines,Boeing 767-300ER(BDSF),Jiaxing (sticker),decal,,active,best-effort,,2026-09-21,airportwebcams.net,site updated 15-September-2026,China
B-2812,,YTO Cargo Airlines,Boeing 757-200F,Hangzhou 2022 Asian Games,livery,,active,best-effort,,2026-09-21,airportwebcams.net,site updated 15-September-2026,China
B-2853,,YTO Cargo Airlines,Boeing 757-200F,Cainio Logistics / Tmall Taobao World (stickers),livery,,active,best-effort,,2026-09-21,airportwebcams.net,site updated 15-September-2026,China
B-3329,,YTO Cargo Airlines,COMAC ARJ21-700F,Hangzhou 2022 Asian Games / Illi Kazakh Autonomous Prefecture (sticker),decal,,active,best-effort,,2026-09-21,airportwebcams.net,site updated 15-September-2026,China
